Feature,Mean Difference,Paired t-test p,Wilcoxon p,Notes
nwords,-0.7812467565622805,1.7601439368736553e-22,1.1727954017068277e-22,Significant (higher in literal) but small effect
Admiration/Awe_GALC,0.09560244800922382,0.2635458305624888,0.9078286050434192,Not significant
Amusement_GALC,0.010847353908651778,0.8978890618714083,0.4038801105351899,Not significant
Anger_GALC,0.028586083780296603,0.7240688726053223,0.44093933371909444,Not significant
Anxiety_GALC,-0.07809255818770441,0.321475972357884,0.014838244366298013,Significant (higher in literal) but small effect
Beingtouched_GALC,-0.07225505681743832,0.39721129138284816,0.2776247350645784,Not significant
Boredom_GALC,0.013542994129688127,0.8695483911973668,0.02353040875956026,Significant (higher in metaphorical) but small effect
Compassion_GALC,-0.09984088413688126,0.23365112252137918,0.0029470118117925037,Significant (higher in literal) but small effect
Contempt_GALC,0.17557881989840834,0.036322911550090355,0.6776092445118229,Not significant
Contentment_GALC,-0.23885874802427043,0.003961599527248341,0.0002428642244655991,Significant (higher in literal) but small effect
Desperation_GALC,0.04935931870819603,0.5651918426303655,0.3537421031078609,Not significant
Disappointment_GALC,0.0795752555035015,0.3294853243476179,0.7766006484060362,Not significant
Disgust_GALC,0.0619959207039774,0.4563245785156519,0.17072559958348876,Not significant
Dissatisfaction_GALC,-0.006578677765238124,0.9378342228013785,0.0009456613676159087,Significant (higher in literal) but small effect
Envy_GALC,0.02511125804983954,0.7635329290344836,0.020983451773016158,Significant (higher in metaphorical) but small effect
Fear_GALC,0.23588679102819507,0.00304385742026946,0.019988990870477497,Significant (higher in metaphorical) but small effect
Feelinglove_GALC,0.2081548497465564,0.009436105018676604,0.4897800084225118,Not significant
Gratitude_GALC,-0.01317056619239005,0.8754735470403381,0.0034853465514528307,Significant (higher in literal) but small effect
Guilt_GALC,0.13029403088601377,0.11902881864827679,0.7942922147789865,Not significant
Happiness_GALC,0.15444809824628147,0.051197711962712354,0.32205901273253323,Not significant
Hatred_GALC,0.20616220083660267,0.012178889355918461,0.048840264605045015,Significant (higher in metaphorical) but small effect
Hope_GALC,0.015333855116643952,0.8538936990159154,0.7018585274675544,Not significant
Humility_GALC,0.06683912100675914,0.4203520824189295,0.007774905956341194,Significant (higher in metaphorical) but small effect
Interest/Enthusiasm_GALC,0.2295878421752231,0.0022905319194496607,0.04975733384827449,Significant (higher in metaphorical) but small effect
Irritation_GALC,-0.036833758673138484,0.6584468891182855,0.10521553840955708,Not significant
Jealousy_GALC,0.1616137203530687,0.05301158534364262,0.6947536696346264,Not significant
Joy_GALC,0.1263831200954622,0.11968730878355177,0.8552148868310917,Not significant
Longing_GALC,0.23130788991191764,0.004755788541836405,0.028641196893903077,Significant (higher in metaphorical) but small effect
Lust_GALC,-0.07351998498157852,0.3653499656387198,0.010522186021846925,Significant (higher in literal) but small effect
Pleasure/Enjoyment_GALC,0.0008299552272195816,0.9915860184347739,0.061628361389410524,Not significant
Pride_GALC,-0.006556639964497691,0.9371530626272232,0.07267823688384444,Not significant
Relaxation/Serenity_GALC,0.08299280622638874,0.28742340805804983,0.0371680770560244,Significant (higher in metaphorical) but small effect
Relief_GALC,0.05433169246581819,0.5011549201176775,0.0018942341525520928,Significant (higher in metaphorical) but small effect
Sadness_GALC,0.06885555927022555,0.4068121524854339,0.8066046461146893,Not significant
Shame_GALC,0.2092449959244036,0.01169908406961864,0.10021104318592126,Not significant
Surprise_GALC,0.045340977112042394,0.5942803042141347,0.46313732434126254,Not significant
Tension/Stress_GALC,-0.0764407770533188,0.3593218647056282,0.0002411414906096398,Significant (higher in literal) but small effect
Positive_GALC,-0.1444023337650533,0.0667615942156818,0.020900452113201382,Significant (higher in literal) but small effect
Negative_GALC,0.009667195098670258,0.9074277404749165,0.7904601091218537,Not significant
Anger_EmoLex,0.24856490883876378,0.0014321458383531993,0.0020740636270759755,Significant (higher in metaphorical) but small effect
Anticipation_EmoLex,0.04828394101395185,0.5291129209862351,0.9206812896368268,Not significant
Disgust_EmoLex,0.2416714757191455,0.0017381505457792622,0.000513394995047371,Significant (higher in metaphorical) but small effect
Fear_EmoLex,0.15013447808234287,0.04633356185250155,0.14119496677525775,Not significant
Joy_EmoLex,0.13421865892808588,0.07670490487890376,0.2580083886462887,Not significant
Negative_EmoLex,0.20977487999189043,0.008595450790279485,0.008425303792075766,Significant (higher in metaphorical) but small effect
Positive_EmoLex,-0.23061058984924815,0.003770514811445008,0.00683573513574796,Significant (higher in literal) but small effect
Sadness_EmoLex,0.08645513514180067,0.27232738199343703,0.1571716737364799,Not significant
Surprise_EmoLex,0.2578052348135309,0.0005567018103383109,0.0008296716734678169,Significant (higher in metaphorical) but small effect
Trust_EmoLex,-0.1805457392462027,0.023687171702751798,0.009282952376605695,Significant (higher in literal) but small effect
Valence,-0.14003661247789168,0.0746573337343088,0.08621006045914609,Not significant
Valence_nwords,0.19657318219398118,0.007341304076901671,0.016687268085356085,Significant (higher in metaphorical) but small effect
Arousal,0.2521535525674079,0.0011351659522940518,0.004218236662159197,Significant (higher in metaphorical) but small effect
Arousal_nwords,0.24503662941327137,0.00077629199580897,0.002280327399022762,Significant (higher in metaphorical) but small effect
Dominance,-0.08910121924548947,0.2614874323474341,0.16627604226931247,Not significant
Dominance_nwords,0.22307759755187054,0.002237121609507943,0.0062485264175241376,Significant (higher in metaphorical) but small effect
pleasantness,-0.07312602372498846,0.3762763952042476,0.2518104961285801,Not significant
attention,-0.20100420151526588,0.010846316213771079,0.0028999080041708977,Significant (higher in literal) but small effect
sensitivity,0.08447151016414034,0.2952712442580934,0.08137882287826358,Not significant
aptitude,-0.14655372394991428,0.06902841410355948,0.015326074659547264,Significant (higher in literal) but small effect
polarity,-0.13953508149950347,0.08563099622340571,0.05133804029060606,Not significant
vader_negative,0.14564373773385875,0.06935531000074678,0.106716381647238,Not significant
vader_neutral,-0.0972386188891978,0.20720721919453025,0.6503172836587836,Not significant
vader_positive,-0.050456819610215815,0.5011012890479745,0.4693370257189411,Not significant
vader_compound,-0.15015684782232988,0.06414079578078416,0.0005004572812427536,Significant (higher in literal) but small effect
hu_liu_pos_perc,-0.19186508759871762,0.016727144156705384,0.04246044761842036,Significant (higher in literal) but small effect
hu_liu_neg_perc,0.1918650875987176,0.016727144156705384,0.04246044761842036,Significant (higher in metaphorical) but small effect
hu_liu_pos_nwords,0.1286531672320012,0.09335498736337394,0.13686756154265517,Not significant
hu_liu_neg_nwords,0.2760716809328537,0.0004388139588146382,0.0003576208574185291,Significant (higher in metaphorical) but small effect
hu_liu_prop,-0.1803744572147385,0.031207551804041864,0.07004798050697682,Not significant
Positiv_GI,-0.14327578201874885,0.06063881051210941,0.029493759418559223,Significant (higher in literal) but small effect
Negativ_GI,0.2779198089957369,0.00061895251273276,0.00048816055017426163,Significant (higher in metaphorical) but small effect
Pstv_GI,-0.1648884491585325,0.03129086631071119,0.012318346655224794,Significant (higher in literal) but small effect
Affil_GI,0.13672249731945657,0.08511024887807091,0.17044746879213646,Not significant
Ngtv_GI,0.30433759267768135,0.00019185060257648554,0.0001409546224246359,Significant (higher in metaphorical) but small effect
Hostile_GI,0.4337408550878676,2.7011268554485593e-07,6.753731810348045e-07,Significant (higher in metaphorical) but small effect
Strong_GI,-0.1824834831287902,0.016336205206136212,0.034339258378780296,Significant (higher in literal) but small effect
Power_GI,-0.11775509686165052,0.11693247403297825,0.03067246721588401,Significant (higher in literal) but small effect
Weak_GI,0.2603606765751082,0.0017464745466726688,0.010438678521278407,Significant (higher in metaphorical) but small effect
Submit_GI,-0.3466193875844904,9.206162089371313e-06,2.086559742800104e-05,Significant (higher in literal) but small effect
Active_GI,-0.23797107940849674,0.004127585291223567,0.03428189120380443,Significant (higher in literal) but small effect
Passive_GI,0.25624113022571704,0.0007792689129294969,0.0009593103187889207,Significant (higher in metaphorical) but small effect
Pleasur_GI,0.17424252750212668,0.02545295980698146,0.07423677111030781,Not significant
Pain_GI,0.08400120065696629,0.3179089462806745,0.03850067840250657,Significant (higher in metaphorical) but small effect
Feel_GI,0.12498940768065109,0.13651020747350892,0.20998395332414455,Not significant
Arousal_GI,0.12555421881905618,0.10941382641730031,0.16401472511301762,Not significant
Emot_GI,0.3079566283420224,0.00013032229843708891,5.993559162180773e-05,Significant (higher in metaphorical) but small effect
Virtue_GI,-0.2732608149171458,0.0005039132557182475,0.0015039041964909348,Significant (higher in literal) but small effect
Vice_GI,0.03225790106411368,0.6819544355485223,0.6625140502240396,Not significant
Ovrst_GI,0.19214391640171363,0.014684246197361592,0.024811042515243655,Significant (higher in metaphorical) but small effect
Undrst_GI,0.2324179954101191,0.0030972591203728907,0.00322877362176846,Significant (higher in metaphorical) but small effect
Academ_GI,-0.1934090172287669,0.016237931092231896,0.003454023469906984,Significant (higher in literal) but small effect
Doctrin_GI,-0.0413207025064095,0.5951518186540401,0.24819729536539803,Not significant
Econ_2_GI,-0.01874843871431965,0.8063440927048553,0.41768510847651197,Not significant
Exch_GI,-0.06447797229030211,0.3805959002816375,0.1683520576242984,Not significant
Econ_GI,-0.003085623316102101,0.9676569078712323,0.833968160731811,Not significant
Exprsv_GI,0.13391651493789408,0.110107597859303,0.16565700704451303,Not significant
Legal_GI,-0.11297856605567373,0.16606692077613897,0.15441769292277832,Not significant
Milit_GI,0.10022653828135689,0.1997387933642322,0.4309945740821173,Not significant
Polit_2_GI,0.05773847428996243,0.44853110023768517,0.633878462907524,Not significant
Polit_GI,0.01682914673010687,0.8173558908538116,0.7131821428859058,Not significant
Relig_GI,0.10044454163488992,0.18724881913419575,0.9837600183944504,Not significant
Role_GI,-0.1878881602235885,0.015341497003989204,0.006891502219820622,Significant (higher in literal) but small effect
Coll_GI,-0.08298896679581719,0.24524280187625794,0.210587417308297,Not significant
Work_GI,-0.38633891797091335,2.4962214968757723e-06,3.423951092081515e-06,Significant (higher in literal) but small effect
Ritual_GI,-0.12449393867044048,0.11937192129421324,0.09165934098514865,Not significant
Socrel_GI,0.020654243727105302,0.7876147734502549,0.7303704921632772,Not significant
Race_GI,0.05448441218184327,0.5031831408010052,0.9650404898570016,Not significant
Kin_2_GI,0.08311540128174595,0.29580382943003264,0.1465350040940971,Not significant
Male_GI,0.27420508956193457,0.0004564681687102392,0.00036506427353281826,Significant (higher in metaphorical) but small effect
Female_GI,0.12034392852784398,0.12288975059293429,0.6271012461401633,Not significant
Nonadlt_GI,-0.09491017358384188,0.20927562359707974,0.06508331524048822,Not significant
Hu_GI,-0.14921049285252863,0.03653586494339525,0.012201362830868354,Significant (higher in literal) but small effect
Ani_GI,0.08588229278694462,0.28877817942577866,0.7937133740567697,Not significant
Place_GI,-0.013262722991939634,0.864563092654215,0.9163946313178125,Not significant
Social_GI,0.02863220857076052,0.719043259879145,0.6916517148237076,Not significant
Region_GI,-0.08383290346848923,0.257825922633519,0.10281614533182525,Not significant
Route_GI,-0.11763238548747901,0.14827182647159645,0.04798276914950557,Significant (higher in literal) but small effect
Aquatic_GI,-0.1233151344727213,0.12858285721807525,0.0005502688308393455,Significant (higher in literal) but small effect
Land_GI,-0.02139836928059231,0.7924129329947789,0.27812993782474904,Not significant
Sky_GI,0.06071709088438972,0.4604356381090957,0.2507875856707604,Not significant
Object_GI,0.03500585885064845,0.6408386513622681,0.8827319642878643,Not significant
Tool_GI,0.0016200223146674484,0.9840621890486171,0.8208186025979034,Not significant
Food_GI,0.09934455989668184,0.180371012215571,0.7436374275976501,Not significant
Vehicle_GI,0.010608598286587483,0.8935573124988008,0.2692341564665537,Not significant
Bldgpt_GI,-0.0036790866354478274,0.9642147041495713,0.3291258879057921,Not significant
Comnobj_GI,0.010940863986050096,0.8887813740697752,0.48662999649545546,Not significant
Natobj_GI,0.2311370981848827,0.005246005330016392,0.006725415891643184,Significant (higher in metaphorical) but small effect
Bodypt_GI,0.07116860502277218,0.3218162299793066,0.11596357834147504,Not significant
Comform_GI,-0.11385404702002566,0.12535916033139907,0.19133704144421826,Not significant
Com_GI,-0.011539909988547304,0.878341765410077,0.9636541913928351,Not significant
Say_GI,-0.11508315542576188,0.13635861233957658,0.08276014538488773,Not significant
Need_GI,0.27226705444843124,0.0006752239580574184,0.00266624599185156,Significant (higher in metaphorical) but small effect
Goal_GI,-0.07281216262746919,0.36288703293342295,0.39479757593850784,Not significant
Try_GI,0.19417127933653058,0.018367825605181385,0.01994568813162131,Significant (higher in metaphorical) but small effect
Means_GI,-0.2420845536133809,0.0019854675309651623,0.0053514837513636716,Significant (higher in literal) but small effect
Persist_GI,0.23378353627860882,0.002357169769474535,0.0011504468111682067,Significant (higher in metaphorical) but small effect
Complet_GI,0.35637944080509765,7.882911597891462e-06,1.8374891753490553e-05,Significant (higher in metaphorical) but small effect
Fail_GI,0.3168513910980091,0.00012532162537773326,0.000734261985370153,Significant (higher in metaphorical) but small effect
Natrpro_GI,0.2283686613919548,0.004676981216245778,0.0014121479887628488,Significant (higher in metaphorical) but small effect
Begin_GI,-0.02737440688770696,0.7203159335021506,0.8604034727545472,Not significant
Vary_GI,-0.07403516376974799,0.3463142100599417,0.02455180254419605,Significant (higher in literal) but small effect
Increas_GI,-0.22585194589038152,0.004473863196855128,0.007856825491793572,Significant (higher in literal) but small effect
Decreas_GI,0.013762589136808879,0.8646445659806338,0.41550005414177327,Not significant
Finish_GI,-0.15155512211777628,0.06933300882741837,0.5401124759897309,Not significant
Stay_GI,0.041085731407390635,0.5884697562238062,0.6353218208689343,Not significant
Rise_GI,0.2676021487511423,0.0018746094313580944,0.013366123495060766,Significant (higher in metaphorical) but small effect
Exert_GI,0.2160781423192043,0.010642094978949879,0.0027808362304412044,Significant (higher in metaphorical) but small effect
Fetch_GI,0.16378361854774515,0.0438061039566058,0.13919869447557182,Not significant
Travel_GI,0.2530456060108545,0.0016786268081023313,0.002027545123912471,Significant (higher in metaphorical) but small effect
Fall_GI,0.03154205215716257,0.694513227089108,0.30666311430797155,Not significant
Think_GI,0.2045034020968835,0.010789789474120863,0.28006215067285,Not significant
Know_GI,-0.20213386102345554,0.009541862811497277,0.01035782323008336,Significant (higher in literal) but small effect
Causal_GI,0.025783409635727866,0.7479916430418827,0.9706505902443823,Not significant
Ought_GI,-0.14630640870467393,0.05582114741314178,0.009356290374991411,Significant (higher in literal) but small effect
Perceiv_GI,0.020985228366920843,0.7793751591952487,0.9787261314476777,Not significant
Compare_GI,0.06988910801341938,0.3576086854006788,0.4832533889724445,Not significant
Eval_2_GI,0.13212209242903333,0.014340593656359051,0.22377064247985468,Not significant
Eval_GI,-0.0883864325010244,0.25847035335476626,0.28689752328212126,Not significant
Solve_GI,0.02303961520330256,0.761144370792094,0.9921898044217964,Not significant
Abs_2_GI,-0.2586606281422302,0.0004567945604148937,0.00032669293402283765,Significant (higher in literal) but small effect
Abs_GI,-0.1269639285970115,0.1032696786378274,0.13212233752465377,Not significant
Quality_GI,0.12073692211207863,0.13505083509073107,0.021010796218727406,Significant (higher in metaphorical) but small effect
Quan_GI,0.24042920679468224,0.0010153244438169742,0.0005006295534024268,Significant (higher in metaphorical) but small effect
Numb_GI,0.1942804323159799,0.014367128269042764,0.015964382688534576,Significant (higher in metaphorical) but small effect
Ord_GI,0.12378650872326236,0.1007194022008594,0.1384781895255409,Not significant
Card_GI,0.2024970019773682,0.016173740998370285,0.043925403679396714,Significant (higher in metaphorical) but small effect
Freq_GI,0.2238092110606213,0.004226411897455455,0.0007451474550090152,Significant (higher in metaphorical) but small effect
Dist_GI,-0.015345731189665804,0.8477946344014038,0.18435338296235626,Not significant
Time_2_GI,0.28210285625808096,0.00017967359169011724,1.568234522613373e-05,Significant (higher in metaphorical) but small effect
Time_GI,0.18748052621454803,0.015910062740403925,0.02959468563418935,Significant (higher in metaphorical) but small effect
Space_GI,0.31220091783289683,4.769417119071874e-05,0.00010442563788197396,Significant (higher in metaphorical) but small effect
Pos_GI,0.14203155722480576,0.07507865030150866,0.152473120458019,Not significant
Dim_GI,0.31037417480561713,6.409619682485007e-05,0.0005507706835999312,Significant (higher in metaphorical) but small effect
Rel_GI,0.2342024903530754,0.002464830271790909,0.004448315987508173,Significant (higher in metaphorical) but small effect
Color_GI,0.16395125504798172,0.045383303217041086,0.2598424206041807,Not significant
Self_GI,0.07244609305495542,0.35847668982816616,0.2793282962416621,Not significant
Our_GI,0.2694857129120844,0.0008939293646241617,0.0844934272700632,Not significant
You_GI,-0.03833121359231186,0.6232719561606258,0.46821727568592353,Not significant
Name_GI,0.17374940383207477,0.012067132110041177,0.03652026831672041,Significant (higher in metaphorical) but small effect
Yes_GI,-0.09077434800617647,0.24736127552068324,0.13368970774050026,Not significant
No_GI,0.1053378798315633,0.1799325542589666,0.5472836306960105,Not significant
Negate_GI,-0.14115810932412726,0.08089662934028224,0.1049693288888237,Not significant
Intrj_GI,0.15979591775367663,0.04450157296007631,0.05507750823260744,Not significant
Iav_GI,-0.33106234511155996,1.2156328520027984e-05,1.7343660132735757e-05,Significant (higher in literal) but small effect
Dav_GI,0.04001842100019601,0.59627892866126,0.4707051619787934,Not significant
Sv_GI,0.041465918669303284,0.5783651834092247,0.6305160472074757,Not significant
Ipadj_GI,-0.029154906270745354,0.6927227731781669,0.10559036737340038,Not significant
Indadj_GI,0.27307534221659985,0.0006502526318147934,0.0008296716734678169,Significant (higher in metaphorical) but small effect
Powgain_Lasswell,-0.057590448657214105,0.4831436126671559,0.24462052622912045,Not significant
Powloss_Lasswell,0.30247330987108334,9.452013267292554e-05,0.0005452803946165993,Significant (higher in metaphorical) but small effect
Powends_Lasswell,-0.08014352166225702,0.31354508472535786,0.07025700191626194,Not significant
Powaren_Lasswell,-0.04957722719770436,0.49624668882519885,0.14488081862896088,Not significant
Powcon_Lasswell,0.19515586242316785,0.01298965276291481,0.03538597954108322,Significant (higher in metaphorical) but small effect
Powcoop_Lasswell,-0.09594539749169781,0.21574832010768377,0.3133369361928069,Not significant
Powaupt_Lasswell,-0.04588967985801801,0.5413879203406708,0.22494949802554987,Not significant
Powpt_Lasswell,-0.00039733816478660944,0.9957151306901251,0.893398550079866,Not significant
Powdoct_Lasswell,0.08176112027421681,0.31247523990543896,0.3478863949737975,Not significant
Powauth_Lasswell,-0.2005513441461072,0.01223099472100351,0.0025503000981545463,Significant (higher in literal) but small effect
Powoth_Lasswell,-0.17775843722468468,0.018784225161948023,0.011698247670091503,Significant (higher in literal) but small effect
Powtot_Lasswell,-0.06630247679971658,0.3759569531733805,0.3406470364409184,Not significant
Rcethic_Lasswell,0.2360273019092075,0.0031979627060689736,0.004881033780985474,Significant (higher in metaphorical) but small effect
Rcrelig_Lasswell,0.09130910922640464,0.22529080021920966,0.34143904194237606,Not significant
Rcgain_Lasswell,0.014830020379816691,0.8554979760621828,0.7237819236641186,Not significant
Rcloss_Lasswell,0.12111316655465651,0.12909876195774878,0.14143362580006003,Not significant
Rcends_Lasswell,-0.24337851653161946,0.002306203953708661,1.7650667596068179e-06,Significant (higher in literal) but small effect
Rctot_Lasswell,0.15629743498146953,0.0389335272410155,0.029242738237648398,Significant (higher in metaphorical) but small effect
Rspgain_Lasswell,0.0648589409860281,0.4101578419209583,0.8160968577306309,Not significant
Rsploss_Lasswell,0.09193562912978168,0.07221703349876182,0.23188043128576385,Not significant
Rspoth_Lasswell,0.07808719921302887,0.3094682288259744,0.5842692818781536,Not significant
Rsptot_Lasswell,0.11566814087892337,0.10702739958860617,0.3873402053958759,Not significant
Affgain_Lasswell,0.06828089282276187,0.3980810488571581,0.6881696772257666,Not significant
Affloss_Lasswell,0.030682549078567642,0.7156040868873824,0.5373688812936894,Not significant
Affpt_Lasswell,0.15624789034778952,0.05235930437228452,0.2872031456768793,Not significant
Affoth_Lasswell,0.15724295421289736,0.04565375259157899,0.8098115976429159,Not significant
Afftot_Lasswell,0.1819408673606696,0.020215861096760573,0.45100749981291033,Not significant
Wltpt_Lasswell,-0.055365257739568866,0.4484495442404105,0.12268766271614562,Not significant
Wlttran_Lasswell,0.018274792602967063,0.8067666264151199,0.3803358487916241,Not significant
Wltoth_Lasswell,0.05081771130107573,0.5267975647681783,0.6247696989495715,Not significant
Wlttot_Lasswell,0.029785386682427126,0.7038703122773691,0.4994050528204004,Not significant
Wlbgain_Lasswell,-0.12326022907754824,0.12258616929710446,0.030464614770016163,Significant (higher in literal) but small effect
Wlbloss_Lasswell,0.18730269487318674,0.019113922418952364,0.030902177763972985,Significant (higher in metaphorical) but small effect
Wlbphys_Lasswell,-0.01765932424638327,0.8073758147660357,0.36727957286580837,Not significant
Wlbpsyc_Lasswell,0.1187730233284312,0.13715357918813825,0.014655463260116009,Significant (higher in metaphorical) but small effect
Wlbpt_Lasswell,-0.22720379362111554,0.0012892520419835048,0.0006455212908309004,Significant (higher in literal) but small effect
Wlbtot_Lasswell,-0.03483748812638629,0.6315364311396401,0.7574333204623139,Not significant
Enlgain_Lasswell,-0.1895266794548922,0.016187470797852443,0.05646067473619588,Not significant
Enlloss_Lasswell,0.11542832569490294,0.13341250506964836,0.6033500714403592,Not significant
Enlends_Lasswell,0.010758337052411129,0.8886750731896488,0.8192439570128326,Not significant
Enlpt_Lasswell,-0.1172685333442699,0.15156359790732574,0.1809981374545796,Not significant
Enloth_Lasswell,-0.2028930259171226,0.01019965351411909,0.030001366221006447,Significant (higher in literal) but small effect
Enltot_Lasswell,-0.20451895626818128,0.009768455882798208,0.039009806943620724,Significant (higher in literal) but small effect
Sklasth_Lasswell,0.09419419969303125,0.2622975231182159,0.4769566704313837,Not significant
Sklpt_Lasswell,-0.13386053881040388,0.11272279667731136,0.0663518283776445,Not significant
Skloth_Lasswell,-0.19154813605689358,0.022715044249542585,0.002642678571741054,Significant (higher in literal) but small effect
Skltot_Lasswell,-0.15308849357644816,0.06934805085766245,0.005208395289962946,Significant (higher in literal) but small effect
Trngain_Lasswell,-0.2895021275558871,0.00015931494657118024,0.00034582685827921607,Significant (higher in literal) but small effect
Trnloss_Lasswell,0.20776543260205477,0.011743654524011405,0.03719101430941187,Significant (higher in metaphorical) but small effect
Tranlw_Lasswell,-0.26653836070744497,0.0010446629218036163,0.007191039735761137,Significant (higher in literal) but small effect
Meanslw_Lasswell,-0.26735467073363495,0.0007161356012271666,0.000690476698554444,Significant (higher in literal) but small effect
Endslw_Lasswell,-0.3335559694369374,3.0824533384180236e-05,3.198071044007906e-05,Significant (higher in literal) but small effect
Arenalw_Lasswell,-0.20233866082903476,0.005981411900120004,0.0022957566135831677,Significant (higher in literal) but small effect
Ptlw_Lasswell,-0.058375152972654346,0.37231000899143185,0.25433333190206564,Not significant
Nation_Lasswell,0.1733758378308739,0.021847964450468403,0.03984933500005596,Significant (higher in metaphorical) but small effect
Anomie_Lasswell,0.10322740452732848,0.20479859753599305,0.8041351511148969,Not significant
Negaff_Lasswell,0.20171089162306613,0.014207959311239693,0.07410785290831738,Not significant
Posaff_Lasswell,-0.07171906725025792,0.37286312532089394,0.23865025983667976,Not significant
Surelw_Lasswell,0.0903528523504867,0.25365590907393293,0.41112221094154944,Not significant
If_Lasswell,-0.20016269479248483,0.009279452172410265,0.005362636242031133,Significant (higher in literal) but small effect
Notlw_Lasswell,-0.19243333435374535,0.014933040862828121,0.018587783525045202,Significant (higher in literal) but small effect
Timespc_Lasswell,0.3452653064986737,5.839156164788471e-06,1.4273632863599633e-06,Significant (higher in metaphorical) but small effect
formlw_Lasswell,-0.1121433572511665,0.1458192175572354,0.22884266829483124,Not significant
Admiration/Awe_GALC_nouns,0.06565459770081947,0.4348733067816576,0.41906728952343253,Not significant
Amusement_GALC_nouns,0.09628304849940864,0.25005928976241765,0.5399460073867246,Not significant
Anger_GALC_nouns,0.08763346325619964,0.3022367098107857,0.10357522449762041,Not significant
Anxiety_GALC_nouns,-0.11290413167375904,0.1576698097707008,0.002029593370314393,Significant (higher in literal) but small effect
Beingtouched_GALC_nouns,0.10509983426895772,0.20583766306179335,0.7119079877709169,Not significant
Boredom_GALC_nouns,0.023403260890583567,0.7731102643708918,0.0023728452049179075,Significant (higher in metaphorical) but small effect
Compassion_GALC_nouns,-0.07944416576433352,0.34185850024352804,0.0043365332655200895,Significant (higher in literal) but small effect
Contempt_GALC_nouns,0.03814708664412994,0.6440290889623755,0.027008523697067282,Significant (higher in metaphorical) but small effect
Contentment_GALC_nouns,-0.21404380253017563,0.010519836203496915,5.8753332946434056e-06,Significant (higher in literal) but small effect
Desperation_GALC_nouns,0.007829879550620117,0.9255485329168147,0.27550646042945826,Not significant
Disappointment_GALC_nouns,0.02944627242421719,0.7123323178863471,0.2939286835070739,Not significant
Disgust_GALC_nouns,0.017811501878865196,0.8302811629135183,0.15931837154159534,Not significant
Dissatisfaction_GALC_nouns,0.053854388189147465,0.5129427766767571,0.0006288250755902924,Significant (higher in metaphorical) but small effect
Envy_GALC_nouns,-0.009106863345431693,0.9129170775252028,0.017898478785224298,Significant (higher in literal) but small effect
Fear_GALC_nouns,0.22188842325447317,0.0071258938307732075,0.09019347339136173,Not significant
Feelinglove_GALC_nouns,0.20086924447820226,0.012558843892765853,0.8669945052268544,Not significant
Gratitude_GALC_nouns,0.08544898174260492,0.30841622760594745,0.013568864889536193,Significant (higher in metaphorical) but small effect
Guilt_GALC_nouns,0.10531325555685411,0.20316189327176135,0.14549462339654284,Not significant
Happiness_GALC_nouns,0.015078517438056528,0.8194686619592096,0.03318243495956534,Significant (higher in metaphorical) but small effect
Hatred_GALC_nouns,0.2494653598446252,0.002252955214812474,0.22639870866338252,Not significant
Hope_GALC_nouns,0.09167913799382241,0.25515799121355015,0.3886041340374966,Not significant
Humility_GALC_nouns,0.06223037779689096,0.45214698076599524,0.004288700470103596,Significant (higher in metaphorical) but small effect
Interest/Enthusiasm_GALC_nouns,0.21608084445408424,0.005306308451932563,0.1904500383103156,Not significant
Irritation_GALC_nouns,-0.13872754540065813,0.09352631093369687,0.003975463185149481,Significant (higher in literal) but small effect
Jealousy_GALC_nouns,0.10864837032634689,0.19227970469139197,0.7993025705714234,Not significant
Joy_GALC_nouns,0.09561409655096888,0.24154721419869432,0.4831457598187282,Not significant
Longing_GALC_nouns,0.23240224416378513,0.004483889889350323,0.26454202246153025,Not significant
Lust_GALC_nouns,-0.06404470593328002,0.4378281438207443,0.0003319585233528053,Significant (higher in literal) but small effect
Pleasure/Enjoyment_GALC_nouns,0.11483893325003368,0.13438859819286553,0.9015891120919765,Not significant
Pride_GALC_nouns,0.03325736854623494,0.6889317862076554,0.13844478160428983,Not significant
Relaxation/Serenity_GALC_nouns,0.10536566485974,0.16820611694679766,0.03375986780675801,Significant (higher in metaphorical) but small effect
Relief_GALC_nouns,0.05899601636932482,0.46309349515259435,0.002447888527606932,Significant (higher in metaphorical) but small effect
Sadness_GALC_nouns,0.04720513937015914,0.5673669567284294,0.5941763106568041,Not significant
Shame_GALC_nouns,0.14769339226375394,0.07190030716633274,0.7697035052596174,Not significant
Surprise_GALC_nouns,0.030544364407282882,0.7184643550561827,0.029812630212614856,Significant (higher in metaphorical) but small effect
Tension/Stress_GALC_nouns,-0.05079596909918893,0.5422457230412483,0.001004596350414319,Significant (higher in literal) but small effect
Positive_GALC_nouns,-0.19717688658493426,0.00905252236173414,1.1639523670880835e-06,Significant (higher in literal) but small effect
Negative_GALC_nouns,0.02925448249998537,0.7165280907754712,0.00167734475615837,Significant (higher in metaphorical) but small effect
Anger_EmoLex_nouns,0.1889536274119452,0.015923507413056072,0.019660288534435758,Significant (higher in metaphorical) but small effect
Anticipation_EmoLex_nouns,0.07251731265190442,0.3523285501391926,0.9485952276886008,Not significant
Disgust_EmoLex_nouns,0.1998904561907861,0.01120666718488922,0.028256952099507043,Significant (higher in metaphorical) but small effect
Fear_EmoLex_nouns,0.07869018265963235,0.3069532821900713,0.6941428817215658,Not significant
Joy_EmoLex_nouns,0.15814340889860434,0.03693672597839336,0.11440609725874279,Not significant
Negative_EmoLex_nouns,0.18300504576120546,0.021366433902929444,0.017153528332755196,Significant (higher in metaphorical) but small effect
Positive_EmoLex_nouns,-0.1317824179589078,0.09417363742384012,0.1261620302427149,Not significant
Sadness_EmoLex_nouns,0.04502661223621841,0.5619961457390708,0.34926785416335626,Not significant
Surprise_EmoLex_nouns,0.17548779205038473,0.025124391825731528,0.017216552000036193,Significant (higher in metaphorical) but small effect
Trust_EmoLex_nouns,-0.02049825951457291,0.7969149238331229,0.5024113219944784,Not significant
Valence_nouns,-0.08833677236244417,0.26321486075972966,0.17815284730836234,Not significant
Valence_nwords_nouns,0.2371806082568494,0.001360033709599368,0.0017159122976305298,Significant (higher in metaphorical) but small effect
Arousal_nouns,0.17594754467913404,0.024521903342684063,0.06983946176227873,Not significant
Arousal_nwords_nouns,0.264570702564846,0.00037211262034447524,0.0007164472088367728,Significant (higher in metaphorical) but small effect
Dominance_nouns,-0.05434426400108605,0.49982108125224545,0.18633938224965496,Not significant
Dominance_nwords_nouns,0.25958479129767054,0.0004524312818390554,0.0007094344025809795,Significant (higher in metaphorical) but small effect
pleasantness_nouns,-0.01938157078759702,0.8022455737483412,0.16981680381531872,Not significant
attention_nouns,-0.11407165602056898,0.13315846411453805,0.0811431488351199,Not significant
sensitivity_nouns,-0.014325324652281386,0.8519968489987655,0.9201453287044539,Not significant
aptitude_nouns,-0.04784600403932184,0.5445079006986242,0.07345432103374501,Not significant
polarity_nouns,-0.04575390151763563,0.5529234565035228,0.1036731651194436,Not significant
vader_negative_nouns,0.15431714258820323,0.04610548472899093,0.05990351393112395,Not significant
vader_neutral_nouns,-0.24982647650835543,0.0014917651489342032,0.001963527229138319,Significant (higher in literal) but small effect
vader_positive_nouns,0.18921621062994964,0.012121033323729751,0.08493600617037557,Not significant
vader_compound_nouns,-0.199960766325319,0.007810651572102728,0.002224715006271785,Significant (higher in literal) but small effect
hu_liu_pos_perc_nouns,-0.11432753660006073,0.1474497799788768,0.21856644504052536,Not significant
hu_liu_neg_perc_nouns,0.11432753660006063,0.1474497799788766,0.21856644504052536,Not significant
hu_liu_pos_nwords_nouns,0.11326196659973486,0.1424892440117024,0.8344951362315027,Not significant
hu_liu_neg_nwords_nouns,0.17154957042364155,0.02529020813296895,0.04030770432948987,Significant (higher in metaphorical) but small effect
hu_liu_prop_nouns,-0.06987579464802082,0.3874982369991171,0.2952264801272366,Not significant
Positiv_GI_nouns,-0.11043871314251247,0.14562880133980372,0.009282952376605695,Significant (higher in literal) but small effect
Negativ_GI_nouns,0.20355349417668492,0.011083815459546885,0.02777488961339154,Significant (higher in metaphorical) but small effect
Pstv_GI_nouns,-0.10365951904854159,0.1750398171358548,0.0062229478332817036,Significant (higher in literal) but small effect
Affil_GI_nouns,0.083194548726578,0.29550341529187235,0.8145244162558506,Not significant
Ngtv_GI_nouns,0.1933069664436866,0.01610564527281588,0.03462732621551268,Significant (higher in metaphorical) but small effect
Hostile_GI_nouns,0.3502019718762044,4.954616453847131e-05,2.749098221016765e-05,Significant (higher in metaphorical) but small effect
Strong_GI_nouns,-0.20561034664430036,0.006611442810252659,0.002050683361265178,Significant (higher in literal) but small effect
Power_GI_nouns,-0.15446578375070677,0.03407871575526407,0.011720711009064402,Significant (higher in literal) but small effect
Weak_GI_nouns,0.0007183428124680997,0.9927695499563584,0.7359610408128896,Not significant
Submit_GI_nouns,-0.2612259174587541,0.0011650227447654144,0.0002610008447177032,Significant (higher in literal) but small effect
Active_GI_nouns,-0.2943497196575279,0.0001757871568181523,9.008569271187792e-05,Significant (higher in literal) but small effect
Passive_GI_nouns,0.1020566142783543,0.18373818416608678,0.5149671129654256,Not significant
Pleasur_GI_nouns,0.1947930017601781,0.014501772748488715,0.030464614770016163,Significant (higher in metaphorical) but small effect
Pain_GI_nouns,0.11535074882485824,0.15802876109176173,0.04042010589073922,Significant (higher in metaphorical) but small effect
Feel_GI_nouns,0.053672988153867764,0.509948570642921,0.031731331951511475,Significant (higher in metaphorical) but small effect
Arousal_GI_nouns,0.20615954584992896,0.008587412517186971,0.16177665752333215,Not significant
Emot_GI_nouns,0.30692704972454965,0.00016471002574389748,2.6763653903171175e-05,Significant (higher in metaphorical) but small effect
Virtue_GI_nouns,-0.2557533311735677,0.0006979496231037788,0.00020564852512857038,Significant (higher in literal) but small effect
Vice_GI_nouns,-0.012962500634942635,0.8709353657324821,0.9744188521036916,Not significant
Ovrst_GI_nouns,0.036699324854382695,0.6453034455674611,0.5879848077825753,Not significant
Undrst_GI_nouns,0.13757664589158347,0.07128503229199007,0.1693973334069987,Not significant
Academ_GI_nouns,-0.26466896729729544,0.0010406618122425191,0.00026514840899966686,Significant (higher in literal) but small effect
Doctrin_GI_nouns,-0.006994700117946378,0.9295632115288119,0.5015514125127158,Not significant
Econ_2_GI_nouns,0.014480145341268132,0.8468091067356884,0.833968160731811,Not significant
Exch_GI_nouns,-0.06136000483283134,0.393066865539494,0.14502378512706032,Not significant
Econ_GI_nouns,0.011441772233398572,0.8805273625436782,0.9233616299068327,Not significant
Exprsv_GI_nouns,0.1640919048610325,0.04808233949864519,0.10041849734814107,Not significant
Legal_GI_nouns,-0.1578979483432018,0.05342728812184595,0.032053413877648554,Significant (higher in literal) but small effect
Milit_GI_nouns,0.13752936509778402,0.08802282329453712,0.23517109255830304,Not significant
Polit_2_GI_nouns,0.058623302713519385,0.44407043075385666,0.5824156254410338,Not significant
Polit_GI_nouns,0.03789037478465258,0.6087686592753692,0.7507662284078274,Not significant
Relig_GI_nouns,0.06207710946307561,0.41496800851225624,0.4972635687019401,Not significant
Role_GI_nouns,-0.13742126186845635,0.07192618615654586,0.05585202183717347,Not significant
Coll_GI_nouns,-0.059567017981464826,0.4238168506873925,0.17426835646749184,Not significant
Work_GI_nouns,-0.3058704722872083,0.0001483018944380099,0.00011761585251953427,Significant (higher in literal) but small effect
Ritual_GI_nouns,-0.09545075623738314,0.23249729950391892,0.07004798050697682,Not significant
Socrel_GI_nouns,0.09692665375098182,0.19962889815861104,0.24571719588223906,Not significant
Race_GI_nouns,0.10034548124832204,0.220862447417244,0.8793247163926752,Not significant
Kin_2_GI_nouns,0.0968035655423454,0.22005573644919824,0.327420390113513,Not significant
Male_GI_nouns,0.2691651588615354,0.0007403087753933426,0.0016409698788867053,Significant (higher in metaphorical) but small effect
Female_GI_nouns,0.03154120282741993,0.6973143021297588,0.25685860284402184,Not significant
Nonadlt_GI_nouns,-0.11855513311533374,0.12402280445076921,0.02728414282800096,Significant (higher in literal) but small effect
Hu_GI_nouns,-0.13022547399592488,0.07273332422838288,0.03627892960728556,Significant (higher in literal) but small effect
Ani_GI_nouns,0.10825862423847227,0.18380203213862562,0.9840600005892876,Not significant
Place_GI_nouns,0.0269817815068139,0.7369602501122714,0.5801024235988912,Not significant
Social_GI_nouns,0.04922072286218096,0.5342442313871418,0.781166686963678,Not significant
Region_GI_nouns,-0.076862487504437,0.31530145344175237,0.09873644355430186,Not significant
Route_GI_nouns,-0.1303899014581847,0.11795447559404558,0.0186288573258589,Significant (higher in literal) but small effect
Aquatic_GI_nouns,-0.09527671756654033,0.24081743884305387,0.002638308324669031,Significant (higher in literal) but small effect
Land_GI_nouns,-0.04408197912032518,0.5855517712026148,0.07722078626219314,Not significant
Sky_GI_nouns,0.07824048998697691,0.34329470996632927,0.27439488019397373,Not significant
Object_GI_nouns,0.12640279009254643,0.09157613384371698,0.20162692362893797,Not significant
Tool_GI_nouns,-0.07063038294407037,0.38566693220614934,0.4912935748888527,Not significant
Food_GI_nouns,0.1259965227914933,0.08605397502728343,0.8996041090227659,Not significant
Vehicle_GI_nouns,-0.021231889184201234,0.7878235423613844,0.15008538886675984,Not significant
Bldgpt_GI_nouns,0.027364082033377493,0.7371657282886901,0.5122374687760991,Not significant
Comnobj_GI_nouns,0.1278162300023433,0.10198888907011656,0.2236623497142699,Not significant
Natobj_GI_nouns,0.2099681938105154,0.00858720727693869,0.02869695522851759,Significant (higher in metaphorical) but small effect
Bodypt_GI_nouns,0.10436584391404885,0.13263174168721936,0.026279636903274436,Significant (higher in metaphorical) but small effect
Comform_GI_nouns,-0.030815440974441055,0.6728730645802488,0.7941528530432743,Not significant
Com_GI_nouns,0.04361762713301719,0.5574994629812648,0.4653239683212108,Not significant
Say_GI_nouns,0.07028295359521791,0.36315704122378445,0.05567331011613781,Not significant
Need_GI_nouns,0.026738275229219885,0.7426980579163128,0.5718107609752079,Not significant
Goal_GI_nouns,-0.07882888320876441,0.3253361454048671,0.28934865401848364,Not significant
Try_GI_nouns,-0.0013612987521002392,0.9861567754542158,0.9255065282166166,Not significant
Means_GI_nouns,-0.3022838125316865,7.02376864951794e-05,0.0001209009330633278,Significant (higher in literal) but small effect
Persist_GI_nouns,-0.00044175123673508433,0.9957627083459546,0.08633795677165688,Not significant
Complet_GI_nouns,0.1741994865848005,0.032292831706228195,0.06983642108261633,Not significant
Fail_GI_nouns,0.17278536484661094,0.036079593525291,0.37995033774545073,Not significant
Natrpro_GI_nouns,0.17919235238460954,0.02430163362949576,0.022801975036433254,Significant (higher in metaphorical) but small effect
Begin_GI_nouns,-0.127962722601558,0.12042386809390883,0.0014885047126678157,Significant (higher in literal) but small effect
Vary_GI_nouns,-0.13168703332989531,0.09512179535722663,0.000711181599559765,Significant (higher in literal) but small effect
Increas_GI_nouns,-0.1433527861530962,0.0542384901586536,0.01785804406136867,Significant (higher in literal) but small effect
Decreas_GI_nouns,0.018070349361518023,0.8276732517676345,0.14266746537731592,Not significant
Finish_GI_nouns,0.0027315402696965036,0.9725797329395034,0.32710202249090214,Not significant
Stay_GI_nouns,-0.002376231258161168,0.9735506227284709,0.4759400683376972,Not significant
Rise_GI_nouns,0.04108217196455539,0.6185936244881731,0.49675588177876895,Not significant
Exert_GI_nouns,0.1691375735428614,0.04569453740828175,0.06266558104931401,Not significant
Fetch_GI_nouns,0.0822978766217836,0.31599145967763126,0.8213989833723423,Not significant
Travel_GI_nouns,0.13036394074110746,0.10469883086034174,0.3423602049981098,Not significant
Fall_GI_nouns,0.09827004945431071,0.23266627014376526,0.15814367898977544,Not significant
Think_GI_nouns,0.11226204100482301,0.16604934104044217,0.45384141448790893,Not significant
Know_GI_nouns,-0.06819920466015525,0.38220266804530534,0.33317447372433573,Not significant
Causal_GI_nouns,-0.13257186506926827,0.10040799788882586,0.0844934272700632,Not significant
Ought_GI_nouns,-0.008805217664598769,0.9125540374219674,0.02500843759024881,Significant (higher in literal) but small effect
Perceiv_GI_nouns,0.020623423763417116,0.776964834419742,0.4644991254003238,Not significant
Compare_GI_nouns,-0.06276902677438732,0.42986433699306115,0.00569146531409424,Significant (higher in literal) but small effect
Eval_2_GI_nouns,0.019840043940290944,0.5105147637294596,0.10883502391867196,Not significant
Eval_GI_nouns,-0.2730650047807752,0.0002916743947032381,0.0008688511285511727,Significant (higher in literal) but small effect
Solve_GI_nouns,-0.10134964508430178,0.18310971070790938,0.04521482993975045,Significant (higher in literal) but small effect
Abs_2_GI_nouns,-0.16579189379515613,0.022902075203527154,0.008292217104935924,Significant (higher in literal) but small effect
Abs_GI_nouns,-0.003430046497192208,0.9643409985284386,0.47737506114636996,Not significant
Quality_GI_nouns,0.052378356684775806,0.48537636358949865,0.6537228442348675,Not significant
Quan_GI_nouns,0.08362742792622663,0.27354280310096973,0.18973629218590626,Not significant
Numb_GI_nouns,0.3005288890475128,0.0002946806773538986,0.001958697468513619,Significant (higher in metaphorical) but small effect
Ord_GI_nouns,0.08607320608517431,0.2780097176707646,0.4552414395192994,Not significant
Card_GI_nouns,0.2768163046657594,0.0009588719463042529,0.01943427604695443,Significant (higher in metaphorical) but small effect
Freq_GI_nouns,0.22904666470023752,0.002842896125137334,0.007951769432280707,Significant (higher in metaphorical) but small effect
Dist_GI_nouns,-0.06078805609899868,0.45232725382469463,0.009191787085520084,Significant (higher in literal) but small effect
Time_2_GI_nouns,0.22378497883477028,0.003871180156136992,0.0030302586213603907,Significant (higher in metaphorical) but small effect
Time_GI_nouns,0.2589920770378084,0.0008230121231582691,0.0002630669636668379,Significant (higher in metaphorical) but small effect
Space_GI_nouns,0.021551768345722914,0.7831357513863753,0.8667724695945118,Not significant
Pos_GI_nouns,0.08728762926776312,0.2819485718246307,0.5775887649571141,Not significant
Dim_GI_nouns,0.24251539622161256,0.00245804157297661,0.5122063173490705,Not significant
Rel_GI_nouns,-0.05786824727927826,0.4775270733687348,0.019031147730385205,Significant (higher in literal) but small effect
Color_GI_nouns,0.12352945993106057,0.13398928997195078,0.7903172743110586,Not significant
Self_GI_nouns,-0.021261383334211466,0.7856668104680907,0.008000736051104598,Significant (higher in literal) but small effect
Our_GI_nouns,0.17895923255240606,0.032291358898481205,0.8138426044001643,Not significant
You_GI_nouns,-0.0076224292544662745,0.9267888408238455,0.00021138142683550337,Significant (higher in literal) but small effect
Name_GI_nouns,0.18808917685159543,0.01017315661737742,0.06647184873281008,Not significant
Yes_GI_nouns,-0.19298250691940527,0.014783726518694477,0.0015080401574082902,Significant (higher in literal) but small effect
No_GI_nouns,-0.008041815749657014,0.9227969024784539,0.0015200144905039988,Significant (higher in literal) but small effect
Negate_GI_nouns,-0.028271500109984485,0.7283875069149446,0.19994813271396494,Not significant
Intrj_GI_nouns,0.05079499069932556,0.4982159562002838,0.7400357139037217,Not significant
Iav_GI_nouns,-0.16590460871651636,0.031967515440804,0.013416719513883221,Significant (higher in literal) but small effect
Dav_GI_nouns,0.16861468423018122,0.02986979210657672,0.03254369141586321,Significant (higher in metaphorical) but small effect
Sv_GI_nouns,0.13337441443133852,0.11012882499982521,0.3088224102931685,Not significant
Ipadj_GI_nouns,-0.16713233595010893,0.031827297702237384,9.202396454621884e-07,Significant (higher in literal) but small effect
Indadj_GI_nouns,-0.08520751121772238,0.3252807893786719,0.050684805711956805,Not significant
Powgain_Lasswell_nouns,-0.045402412765639756,0.5592642375123078,0.06351106134196398,Not significant
Powloss_Lasswell_nouns,0.15909979035633104,0.04241208424503328,0.30969750110023464,Not significant
Powends_Lasswell_nouns,-0.01410854873954227,0.8632832376831985,0.14096783761312498,Not significant
Powaren_Lasswell_nouns,-0.00033427097941343047,0.9964515852633714,0.3403050490868792,Not significant
Powcon_Lasswell_nouns,0.24628483828578285,0.0024761911389548498,0.033825890163285126,Significant (higher in metaphorical) but small effect
Powcoop_Lasswell_nouns,-0.03738811311899719,0.628272714877352,0.30149948231746737,Not significant
Powaupt_Lasswell_nouns,-0.03439407735390568,0.6490157486556791,0.34407887310502916,Not significant
Powpt_Lasswell_nouns,0.08563218571211396,0.275802135619906,0.3215398887955063,Not significant
Powdoct_Lasswell_nouns,0.103932298553115,0.1921654598461454,0.12765346420442275,Not significant
Powauth_Lasswell_nouns,-0.18494334585564665,0.02110793348941328,0.0021651554191890435,Significant (higher in literal) but small effect
Powoth_Lasswell_nouns,-0.12726529625261263,0.09967247991986869,0.17086888600518435,Not significant
Powtot_Lasswell_nouns,-0.011840274049677798,0.876034893177394,0.7349435268437178,Not significant
Rcethic_Lasswell_nouns,-0.1243117403889209,0.11578995865575678,0.16756114092582675,Not significant
Rcrelig_Lasswell_nouns,0.06530043440741777,0.3816850820177069,0.7849807024369572,Not significant
Rcgain_Lasswell_nouns,-0.16425661827533788,0.04380511651562398,0.01881107690248659,Significant (higher in literal) but small effect
Rcloss_Lasswell_nouns,-0.0026886270554369656,0.9733176384164366,0.0020604066736018534,Significant (higher in literal) but small effect
Rcends_Lasswell_nouns,0.09499517067619731,0.20680902510885987,0.746254786390071,Not significant
Rctot_Lasswell_nouns,-0.011791791832465103,0.8758483554139558,0.7651485687154569,Not significant
Rspgain_Lasswell_nouns,0.004200561034874456,0.9586923452105041,0.287685234312857,Not significant
Rsploss_Lasswell_nouns,0.007164276462789864,0.8469326682373837,0.3128056288091694,Not significant
Rspoth_Lasswell_nouns,0.08951157409349152,0.24616729274871868,0.3799693671657065,Not significant
Rsptot_Lasswell_nouns,0.06691329829373242,0.3600380533491724,0.24544270579420724,Not significant
Affgain_Lasswell_nouns,0.00647101655703502,0.9368310138451055,0.056025782177803345,Not significant
Affloss_Lasswell_nouns,0.01474061494341036,0.8596466141491355,0.11245140560173456,Not significant
Affpt_Lasswell_nouns,0.1830335376458568,0.0242503510381953,0.09562257795202377,Not significant
Affoth_Lasswell_nouns,0.1443960389727248,0.06559520259261574,0.3461485314275995,Not significant
Afftot_Lasswell_nouns,0.16408176451355128,0.0357002230030079,0.6343594278353706,Not significant
Wltpt_Lasswell_nouns,-0.05042261308561161,0.4919645440870851,0.106197126287254,Not significant
Wlttran_Lasswell_nouns,0.023437187443547867,0.7469185399609466,0.6560582034926159,Not significant
Wltoth_Lasswell_nouns,0.0585439910013312,0.4551404790370255,0.9991920359683298,Not significant
Wlttot_Lasswell_nouns,0.03807338659740479,0.6188531707254199,0.8176700400185366,Not significant
Wlbgain_Lasswell_nouns,-0.2529210826578948,0.001621486672966447,1.219492324657335e-05,Significant (higher in literal) but small effect
Wlbloss_Lasswell_nouns,0.193021309014963,0.018008694779635234,0.10202933665112543,Not significant
Wlbphys_Lasswell_nouns,-0.006264179421805455,0.9304448953825961,0.42705470714854044,Not significant
Wlbpsyc_Lasswell_nouns,0.16692613893612235,0.03595634015360214,0.03359984372899025,Significant (higher in metaphorical) but small effect
Wlbpt_Lasswell_nouns,-0.2444410959655665,0.00047138551864435815,0.0005603506424160108,Significant (higher in literal) but small effect
Wlbtot_Lasswell_nouns,-0.048853713885903594,0.4933002240962562,0.28446044971966455,Not significant
Enlgain_Lasswell_nouns,-0.20300392162000105,0.01117362145100506,0.01117046221089377,Significant (higher in literal) but small effect
Enlloss_Lasswell_nouns,0.031503895900323584,0.7051230431233158,0.10274984689055126,Not significant
Enlends_Lasswell_nouns,-0.18049499807866276,0.021501337826069285,0.0003783593956469369,Significant (higher in literal) but small effect
Enlpt_Lasswell_nouns,-0.09152117289067432,0.2642978456099983,0.4180730739939378,Not significant
Enloth_Lasswell_nouns,-0.12473768383066018,0.10314180872696849,0.11240603971325415,Not significant
Enltot_Lasswell_nouns,-0.1417932640123632,0.06910096362289221,0.1402848592803784,Not significant
Sklasth_Lasswell_nouns,0.12582556417815152,0.12879633200830976,0.6394741580573982,Not significant
Sklpt_Lasswell_nouns,-0.0622909353768656,0.4691122849296556,0.24769004432600827,Not significant
Skloth_Lasswell_nouns,-0.15374754213289876,0.06919622705511957,0.02442306496166253,Significant (higher in literal) but small effect
Skltot_Lasswell_nouns,-0.10392577228626265,0.2222418136919567,0.08364554052896711,Not significant
Trngain_Lasswell_nouns,-0.12568282881287365,0.1195790765801993,0.02787504369515438,Significant (higher in literal) but small effect
Trnloss_Lasswell_nouns,0.0557635747961521,0.47606867639226413,0.8187192367580158,Not significant
Tranlw_Lasswell_nouns,-0.17801594435552998,0.02672031269948498,0.003990453883242266,Significant (higher in literal) but small effect
Meanslw_Lasswell_nouns,-0.21155778035909675,0.006483162436862343,0.0019640266134130853,Significant (higher in literal) but small effect
Endslw_Lasswell_nouns,-0.1891773586851136,0.018292940101968955,0.010893500815227991,Significant (higher in literal) but small effect
Arenalw_Lasswell_nouns,-0.1298044446588673,0.07762613386907934,0.036762973641608944,Significant (higher in literal) but small effect
Ptlw_Lasswell_nouns,-0.12047775989887816,0.10156541257185525,0.062285579374385516,Not significant
Nation_Lasswell_nouns,0.1836761447668788,0.016442709684989825,0.07843453105826878,Not significant
Anomie_Lasswell_nouns,0.029100495677233693,0.7099269158468751,0.31905025006417087,Not significant
Negaff_Lasswell_nouns,0.19961721798699486,0.022659920511750538,0.11475202863267006,Not significant
Posaff_Lasswell_nouns,-0.10559008414507352,0.17022115688985653,0.013090845996813602,Significant (higher in literal) but small effect
Surelw_Lasswell_nouns,-0.09983060941406605,0.21404869929963005,0.2588616823596306,Not significant
If_Lasswell_nouns,-0.07560765620204282,0.33938060879564624,0.044209227545120154,Significant (higher in literal) but small effect
Notlw_Lasswell_nouns,0.0596317290344454,0.47043716748258846,0.23366226357746456,Not significant
Timespc_Lasswell_nouns,0.08370044510576996,0.2818747832267662,0.057605678885498876,Not significant
formlw_Lasswell_nouns,-0.08826418301865302,0.23545899189374303,0.31953293143418626,Not significant
Admiration/Awe_GALC_verbs,0.07222773468633334,0.3795642665893709,0.18837234625796717,Not significant
Amusement_GALC_verbs,-0.11518377900326612,0.15852634546088437,0.002960851888593924,Significant (higher in literal) but small effect
Anger_GALC_verbs,-0.012801280518257144,0.8754223371768648,0.030183520909781998,Significant (higher in literal) but small effect
Anxiety_GALC_verbs,0.08434742336652279,0.30979345294928207,0.035662782332203484,Significant (higher in metaphorical) but small effect
Beingtouched_GALC_verbs,-0.2015149002839362,0.014809522023919478,0.00023278487514826724,Significant (higher in literal) but small effect
Boredom_GALC_verbs,0.0038485720016155473,0.9634273410868176,0.014832410822572155,Significant (higher in metaphorical) but small effect
Compassion_GALC_verbs,-0.14725163118951456,0.06631922817108936,0.0005989800213132033,Significant (higher in literal) but small effect
Contempt_GALC_verbs,0.10250932114282316,0.21310992267641904,0.5141770167814247,Not significant
Contentment_GALC_verbs,-0.01075126446934696,0.8977611561263152,0.014575918945397049,Significant (higher in literal) but small effect
Desperation_GALC_verbs,-0.07574711769418813,0.3544049806276991,0.017732677255202802,Significant (higher in literal) but small effect
Disappointment_GALC_verbs,0.15517827687838148,0.05819052960971745,0.6301356382974989,Not significant
Disgust_GALC_verbs,0.05128538449496978,0.5343280817764666,0.00021514350877226796,Significant (higher in metaphorical) but small effect
Dissatisfaction_GALC_verbs,-0.18767253437769704,0.022811105826888348,0.002460266917611751,Significant (higher in literal) but small effect
Envy_GALC_verbs,0.07340909710769125,0.37513626141518486,0.028167374438258445,Significant (higher in metaphorical) but small effect
Fear_GALC_verbs,0.07384144084337421,0.3514357592290063,0.6127839601721138,Not significant
Feelinglove_GALC_verbs,0.10984006764158324,0.1797668563142241,0.20474460007767603,Not significant
Gratitude_GALC_verbs,-0.28108262690811303,0.0006380125738148292,8.906722485229615e-08,Significant (higher in literal) but small effect
Guilt_GALC_verbs,0.17573162777345214,0.03169246829893132,0.7114306896706457,Not significant
Happiness_GALC_verbs,0.14068740058183704,0.0962384700136122,0.9904114892491855,Not significant
Hatred_GALC_verbs,0.10695684055323092,0.19456327616637117,0.2184911112773914,Not significant
Hope_GALC_verbs,-0.0785725753778746,0.3380875087773265,0.2404266876733806,Not significant
Humility_GALC_verbs,-0.11417391398763216,0.16519305891424393,0.10880943004054568,Not significant
Interest/Enthusiasm_GALC_verbs,0.10777530238492004,0.1791943948002759,0.04613701778338861,Significant (higher in metaphorical) but small effect
Irritation_GALC_verbs,0.082187520122471,0.32055227063015157,0.12445197351811572,Not significant
Jealousy_GALC_verbs,0.0,,,Not significant
Joy_GALC_verbs,0.13350963992386133,0.095273392068733,0.1550406065202028,Not significant
Longing_GALC_verbs,0.11969311745656944,0.14579296796674412,0.09795727348300622,Not significant
Lust_GALC_verbs,0.10308390547478252,0.21039823402599872,0.42904056946512514,Not significant
Pleasure/Enjoyment_GALC_verbs,0.08098406741903144,0.32440362726695504,0.05547868303954265,Not significant
Pride_GALC_verbs,0.05464593352001305,0.508561320137187,0.0039481979190787225,Significant (higher in metaphorical) but small effect
Relaxation/Serenity_GALC_verbs,0.0003392910155100286,0.9967668908239291,0.0018613754056642825,Significant (higher in metaphorical) but small effect
Relief_GALC_verbs,0.020972766819485948,0.8024552936969163,0.0006620767158198824,Significant (higher in metaphorical) but small effect
Sadness_GALC_verbs,0.018552301380680234,0.8217881455047806,0.001970249361457134,Significant (higher in metaphorical) but small effect
Shame_GALC_verbs,0.18516791081003997,0.026592534990988074,0.4461449883997247,Not significant
Surprise_GALC_verbs,0.05705287501685265,0.4933239307827981,0.11453763093342102,Not significant
Tension/Stress_GALC_verbs,-0.23152504467686405,0.006157676438740121,1.0647305443050385e-07,Significant (higher in literal) but small effect
Positive_GALC_verbs,-0.2487319285407158,0.0018878145820557723,4.6893821762840805e-05,Significant (higher in literal) but small effect
Negative_GALC_verbs,0.017286014171569948,0.8363485954547886,8.665166233366966e-05,Significant (higher in metaphorical) but small effect
Anger_EmoLex_verbs,0.2870657838655514,0.00031074010508701233,0.007778482641436387,Significant (higher in metaphorical) but small effect
Anticipation_EmoLex_verbs,0.006915170090169355,0.9296334389710669,0.924970253843604,Not significant
Disgust_EmoLex_verbs,0.2166114270169927,0.005137200407016825,0.016640739883929088,Significant (higher in metaphorical) but small effect
Fear_EmoLex_verbs,0.25441117632165866,0.0012084235943106898,0.03633913648980675,Significant (higher in metaphorical) but small effect
Joy_EmoLex_verbs,-0.033599286697972006,0.6710594743779172,0.7211707362416676,Not significant
Negative_EmoLex_verbs,0.20254958933001146,0.010910812931858,0.014903849388705795,Significant (higher in metaphorical) but small effect
Positive_EmoLex_verbs,-0.3313596159911996,4.521737529998438e-05,0.0004893942920955015,Significant (higher in literal) but small effect
Sadness_EmoLex_verbs,0.08520313420624319,0.3007547874509572,0.027536529133378843,Significant (higher in metaphorical) but small effect
Surprise_EmoLex_verbs,0.2115190604875166,0.005278825570696765,0.012869365317192405,Significant (higher in metaphorical) but small effect
Trust_EmoLex_verbs,-0.375484039978741,2.074175951727815e-06,3.0230076909273197e-06,Significant (higher in literal) but small effect
Valence_verbs,-0.23515134755158418,0.0037369970580401644,0.05174275155192167,Not significant
Valence_nwords_verbs,0.09773237594156928,0.21430792478798436,0.2529295936984519,Not significant
Arousal_verbs,-0.10524282563776008,0.1967793208845449,0.04557861608960266,Significant (higher in literal) but small effect
Arousal_nwords_verbs,0.18685908023074266,0.013155036364425216,0.015526691619500963,Significant (higher in metaphorical) but small effect
Dominance_verbs,-0.22001861340655823,0.007129179107519705,0.07388948291287958,Not significant
Dominance_nwords_verbs,0.1420227464485151,0.06591025322657738,0.07237558128841272,Not significant
pleasantness_verbs,-0.110978879367327,0.18443789764916765,0.30466904543502993,Not significant
attention_verbs,-0.3055024347833139,0.00016707792435511062,0.001418763543760744,Significant (higher in literal) but small effect
sensitivity_verbs,0.26550229899119515,0.000844376478234212,0.0006686794908059946,Significant (higher in metaphorical) but small effect
aptitude_verbs,-0.32001206537815274,8.087608509693445e-05,0.00037650216693621807,Significant (higher in literal) but small effect
polarity_verbs,-0.22082754350227984,0.006736297643887166,0.020601092662771502,Significant (higher in literal) but small effect
vader_negative_verbs,0.22505599416212696,0.005001849020881901,0.01577260877449515,Significant (higher in metaphorical) but small effect
vader_neutral_verbs,-0.019958643711473194,0.8002124015849337,0.8208180507107803,Not significant
vader_positive_verbs,-0.19073358776714924,0.018456922813561597,0.02446634634476729,Significant (higher in literal) but small effect
vader_compound_verbs,-0.2129772422938634,0.00799818267068104,0.001111532743485918,Significant (higher in literal) but small effect
hu_liu_pos_perc_verbs,-0.301303906577981,0.00017705117533503673,0.0007466782709518682,Significant (higher in literal) but small effect
hu_liu_neg_perc_verbs,0.284148249963565,0.00047230693643799694,0.0014160590779731489,Significant (higher in metaphorical) but small effect
hu_liu_pos_nwords_verbs,-0.05941984382586614,0.4668773321371005,0.2784291988320676,Not significant
hu_liu_neg_nwords_verbs,0.3349500727453163,2.5180047035097164e-05,0.00014250084890894232,Significant (higher in metaphorical) but small effect
hu_liu_prop_verbs,-0.23968179972864517,0.004054678539129255,0.001550965855317124,Significant (higher in literal) but small effect
Positiv_GI_verbs,-0.16743925790558709,0.03916839471566353,0.02302631704381895,Significant (higher in literal) but small effect
Negativ_GI_verbs,0.33735988437539854,3.556948127055999e-05,9.352809137891088e-06,Significant (higher in metaphorical) but small effect
Pstv_GI_verbs,-0.19407287214714958,0.01622220694376477,0.006808003938110003,Significant (higher in literal) but small effect
Affil_GI_verbs,-0.03501232853833851,0.657250551563922,0.5495290030540193,Not significant
Ngtv_GI_verbs,0.42075569092761544,2.8747674583299033e-07,1.0761449835481963e-06,Significant (higher in metaphorical) but small effect
Hostile_GI_verbs,0.45801910494928116,1.9009153391924058e-08,6.8962049642545e-07,Significant (higher in metaphorical) but small effect
Strong_GI_verbs,-0.24175618343124566,0.003175748074751574,0.005996948431281044,Significant (higher in literal) but small effect
Power_GI_verbs,0.12704571982801122,0.11149214360918056,0.1575681197618024,Not significant
Weak_GI_verbs,0.3813415867473028,1.4702874883888411e-06,1.2803585632653326e-05,Significant (higher in metaphorical) but small effect
Submit_GI_verbs,-0.04828687193557237,0.5446114999167275,0.5450348617574856,Not significant
Active_GI_verbs,0.03793840726331518,0.6398403028987717,0.7415656061710352,Not significant
Passive_GI_verbs,0.33978872590075937,1.011919393170388e-05,5.563073499485041e-05,Significant (higher in metaphorical) but small effect
Pleasur_GI_verbs,0.04585745151689847,0.5585535509340975,0.2804940614542809,Not significant
Pain_GI_verbs,-0.14439898093726122,0.08367324631558899,0.01936933372184734,Significant (higher in literal) but small effect
Feel_GI_verbs,-0.00251213298767819,0.9759578310364685,4.446996395106224e-05,Significant (higher in literal) but small effect
Arousal_GI_verbs,0.12698625025582863,0.0978057711875664,0.25404894772503883,Not significant
Emot_GI_verbs,0.052148767963479975,0.5190312051179022,0.9008767671610496,Not significant
Virtue_GI_verbs,-0.23336461962624758,0.004424229871754666,0.041777504402440255,Significant (higher in literal) but small effect
Vice_GI_verbs,0.005896987466994978,0.939864099939661,0.7061461165352412,Not significant
Ovrst_GI_verbs,-0.272573911569878,0.0004921775213215375,0.0003902691664411943,Significant (higher in literal) but small effect
Undrst_GI_verbs,0.06190218124272102,0.45283323558780175,0.6252476973525047,Not significant
Academ_GI_verbs,-0.008791539850384413,0.9112414889100189,0.8387035696056693,Not significant
Doctrin_GI_verbs,0.020048184419073502,0.802359149047069,0.4864045314696013,Not significant
Econ_2_GI_verbs,-0.07269644887032149,0.3600156064877845,0.1036731651194436,Not significant
Exch_GI_verbs,0.010364234672616154,0.8952337131270742,0.6389430941910959,Not significant
Econ_GI_verbs,0.0422365398727326,0.5935792116063754,0.5136607210197974,Not significant
Exprsv_GI_verbs,0.004202819190491057,0.9580742515550563,0.641119473046347,Not significant
Legal_GI_verbs,0.1936484402603422,0.01857564934018698,0.09009250559382177,Not significant
Milit_GI_verbs,0.2333664129937538,0.004286928490010186,0.39247468138689556,Not significant
Polit_2_GI_verbs,0.07966443254296393,0.3398823990271872,0.4494771897104374,Not significant
Polit_GI_verbs,0.006849559923389268,0.9318948092099465,0.8049264294111913,Not significant
Relig_GI_verbs,0.10952512752178384,0.16828134529361374,0.1315078492981716,Not significant
Role_GI_verbs,-0.01423071010479017,0.8598910530594741,0.705143000455668,Not significant
Coll_GI_verbs,0.06238294422650956,0.4542503521247001,0.6147660150579097,Not significant
Work_GI_verbs,-0.20958572124271352,0.008541258948887881,0.006905507701412423,Significant (higher in literal) but small effect
Ritual_GI_verbs,-0.059915471915152355,0.45907270055833416,0.25857703411862,Not significant
Socrel_GI_verbs,0.09527173168402539,0.24259359422087706,0.39479757593850784,Not significant
Race_GI_verbs,0.04466289687379483,0.5875037178105378,0.010574635584247647,Significant (higher in metaphorical) but small effect
Kin_2_GI_verbs,-0.043590292259538574,0.6051830971183213,0.001350688683157794,Significant (higher in literal) but small effect
Male_GI_verbs,0.04362019283430377,0.5876128783265228,0.0069754749717112095,Significant (higher in metaphorical) but small effect
Female_GI_verbs,0.11104537921624319,0.18118105820385313,0.4084079074113508,Not significant
Nonadlt_GI_verbs,0.1412404806618979,0.0869554430444614,0.04342098054259301,Significant (higher in metaphorical) but small effect
Hu_GI_verbs,0.04235939238749216,0.6037573101992901,0.6411090764938658,Not significant
Ani_GI_verbs,0.04140077249381745,0.6098427264155197,0.08248383715322138,Not significant
Place_GI_verbs,-0.05284462356762136,0.5103108213620154,0.6533079517645348,Not significant
Social_GI_verbs,-0.09941440666584286,0.22916398365766746,0.022400063425362902,Significant (higher in literal) but small effect
Region_GI_verbs,-0.22109421621945935,0.009170837059270187,0.00047679636801380257,Significant (higher in literal) but small effect
Route_GI_verbs,0.004692830582972549,0.954642491420351,0.007443963248202077,Significant (higher in metaphorical) but small effect
Aquatic_GI_verbs,-0.10534091956699751,0.20976723460008945,4.611138298636204e-06,Significant (higher in literal) but small effect
Land_GI_verbs,0.2557666299898304,0.001327965932851996,0.03437514149972881,Significant (higher in metaphorical) but small effect
Sky_GI_verbs,0.06645027878593776,0.41860256780135996,0.19234777262365577,Not significant
Object_GI_verbs,0.23842442092021876,0.004678218763482654,0.07356291451218479,Not significant
Tool_GI_verbs,0.2931567056970656,0.000556255193403329,0.07893176832815763,Not significant
Food_GI_verbs,-0.0073387545673571685,0.9289659978648215,0.05180047181635588,Not significant
Vehicle_GI_verbs,0.01748432398762257,0.8350880367140843,0.011446231335855863,Significant (higher in metaphorical) but small effect
Bldgpt_GI_verbs,0.09811933750550882,0.2377689807181928,0.017556398545805325,Significant (higher in metaphorical) but small effect
Comnobj_GI_verbs,-0.23668953238454282,0.004292043714516179,0.0019037744719352181,Significant (higher in literal) but small effect
Natobj_GI_verbs,0.26090816604999856,0.0019369017222206953,0.03321037168339821,Significant (higher in metaphorical) but small effect
Bodypt_GI_verbs,0.019989180731719104,0.808379954694118,0.15441493100941558,Not significant
Comform_GI_verbs,-0.1643994874056239,0.03442495989918653,0.09548829463344766,Not significant
Com_GI_verbs,-0.11733747134053914,0.14041786875126133,0.268085216077942,Not significant
Say_GI_verbs,-0.12277792673967508,0.11968792859463812,0.06936372424709837,Not significant
Need_GI_verbs,0.2939154021946341,0.00021429961217575997,0.001081415266103649,Significant (higher in metaphorical) but small effect
Goal_GI_verbs,0.06380374822589896,0.435391277681354,0.9695740606517773,Not significant
Try_GI_verbs,0.2535996732566992,0.0022975817394575607,0.004254308493045819,Significant (higher in metaphorical) but small effect
Means_GI_verbs,-0.13622022512194082,0.10943692451173075,0.0027260073225226574,Significant (higher in literal) but small effect
Persist_GI_verbs,0.15428393992124356,0.059285555030136126,0.22161388351968347,Not significant
Complet_GI_verbs,0.3706531696470978,4.819564620791949e-06,4.06900486953189e-05,Significant (higher in metaphorical) but small effect
Fail_GI_verbs,0.2628785580905551,0.001520975501293395,0.010581527385277963,Significant (higher in metaphorical) but small effect
Natrpro_GI_verbs,0.22072313268331267,0.005409283473318515,0.004102910965280306,Significant (higher in metaphorical) but small effect
Begin_GI_verbs,0.04033652358702171,0.611216641788098,0.5423471644279971,Not significant
Vary_GI_verbs,0.06451820023355076,0.41881120606748645,0.6010743760712915,Not significant
Increas_GI_verbs,-0.19261591087977586,0.014868508971127103,0.09270306877481965,Not significant
Decreas_GI_verbs,0.030145652133602405,0.7048529188381479,0.7918641619932001,Not significant
Finish_GI_verbs,-0.19259703569111275,0.020117030142621003,0.19713511454002097,Not significant
Stay_GI_verbs,0.10398713204111568,0.19778642706850172,0.45060215470829945,Not significant
Rise_GI_verbs,0.2610676347257682,0.002373461277121602,0.04213111799792279,Significant (higher in metaphorical) but small effect
Exert_GI_verbs,0.3198676711815177,0.00010715079221225343,3.637233567594515e-05,Significant (higher in metaphorical) but small effect
Fetch_GI_verbs,0.19408738482306098,0.0167373297280631,0.07893176832815763,Not significant
Travel_GI_verbs,0.35272587963521884,8.799985457361123e-06,4.441176475887818e-06,Significant (higher in metaphorical) but small effect
Fall_GI_verbs,0.02666578485620475,0.7464318699020767,0.3344708390278518,Not significant
Think_GI_verbs,0.13244555378356182,0.09857282445098055,0.10533283999751186,Not significant
Know_GI_verbs,0.03287948593636894,0.6833689343122391,0.8662413834307069,Not significant
Causal_GI_verbs,-0.22658877208382852,0.004888326701978147,0.003271296795608042,Significant (higher in literal) but small effect
Ought_GI_verbs,0.26811819638003925,0.000774183948182264,0.02904063430850755,Significant (higher in metaphorical) but small effect
Perceiv_GI_verbs,0.10576341901766571,0.1794964948815888,0.2784291988320676,Not significant
Compare_GI_verbs,-0.17179340712578006,0.03437228756933707,9.612972023383364e-08,Significant (higher in literal) but small effect
Eval_2_GI_verbs,0.12494987715301671,0.12784427214989216,0.10385019951360935,Not significant
Eval_GI_verbs,0.08394692274781082,0.30539721848129864,0.9663448113868025,Not significant
Solve_GI_verbs,0.1362086719191564,0.09598283426917466,0.17555609601306632,Not significant
Abs_2_GI_verbs,-0.2595857023336151,0.0005375683430973897,0.0011234279088655557,Significant (higher in literal) but small effect
Abs_GI_verbs,-0.21790696393647035,0.0038930318364395864,0.009961848783816937,Significant (higher in literal) but small effect
Quality_GI_verbs,0.15715472387310608,0.04522249973613699,0.19312976799071113,Not significant
Quan_GI_verbs,-0.26968696596135877,0.0013739366816366786,0.0069335953985608986,Significant (higher in literal) but small effect
Numb_GI_verbs,0.10000404632818602,0.2276145508188809,0.43363992927688555,Not significant
Ord_GI_verbs,0.09852965109289986,0.23440989958753128,0.4120763950012529,Not significant
Card_GI_verbs,0.10053632730546011,0.22259410854783407,0.40506194728448197,Not significant
Freq_GI_verbs,-0.056780678420181904,0.4899402366431428,0.00016991372276324975,Significant (higher in literal) but small effect
Dist_GI_verbs,0.13215159821967082,0.10528349898977798,0.8341266675930961,Not significant
Time_2_GI_verbs,0.11566131213369471,0.16327764856905577,0.08149686804361538,Not significant
Time_GI_verbs,-0.03968961777531471,0.624378349070179,0.026007753637118308,Significant (higher in literal) but small effect
Space_GI_verbs,0.11257773993473871,0.16821185107537912,0.21435929759375194,Not significant
Pos_GI_verbs,0.014785059690580322,0.8523933654781805,0.10332884263980757,Not significant
Dim_GI_verbs,0.08976858240469945,0.284718587957715,0.0006203945705575537,Significant (higher in metaphorical) but small effect
Rel_GI_verbs,0.2875640045799474,0.0003178529344308633,0.0008296716734678169,Significant (higher in metaphorical) but small effect
Color_GI_verbs,0.08409998713515622,0.30648541240335664,0.130812702889808,Not significant
Self_GI_verbs,0.08758222148753753,0.28728992049829083,0.18538636467001934,Not significant
Our_GI_verbs,0.0359628740875014,0.6625920476817522,0.25997449371051173,Not significant
You_GI_verbs,0.061221015065310906,0.45816001438154297,0.2254191701110504,Not significant
Name_GI_verbs,-0.12354409416905701,0.12524241365896083,0.0012420644758938727,Significant (higher in literal) but small effect
Yes_GI_verbs,-0.10397941539118377,0.18129695305853089,0.0064866730615330374,Significant (higher in literal) but small effect
No_GI_verbs,0.03352699413369104,0.6627536932239999,0.08378483600829843,Not significant
Negate_GI_verbs,0.05670733876009214,0.4723497410407922,0.19519059657426652,Not significant
Intrj_GI_verbs,0.09819549574043707,0.2461980900245493,0.9367757809530163,Not significant
Iav_GI_verbs,-0.3372083599936141,1.8233196680096244e-05,4.057142459283483e-05,Significant (higher in literal) but small effect
Dav_GI_verbs,0.04833257462582404,0.5362660302956082,0.4142029753162959,Not significant
Sv_GI_verbs,0.1279838938413459,0.0941741866422867,0.15266673499065317,Not significant
Ipadj_GI_verbs,-0.15291552727619523,0.06104537042234564,0.005373721590883107,Significant (higher in literal) but small effect
Indadj_GI_verbs,0.12034635416435971,0.14844673714569714,0.2098468312279851,Not significant
Powgain_Lasswell_verbs,-0.10552098281398085,0.19581286875620163,0.07057151339399927,Not significant
Powloss_Lasswell_verbs,0.2349059963836013,0.0036041383098433283,0.008818632761618888,Significant (higher in metaphorical) but small effect
Powends_Lasswell_verbs,-0.19348236911166072,0.009690693363264495,0.0009835118680354255,Significant (higher in literal) but small effect
Powaren_Lasswell_verbs,-0.22560137760030294,0.006315938297697514,1.696605622266949e-08,Significant (higher in literal) but small effect
Powcon_Lasswell_verbs,0.1390528017065032,0.08543309905200379,0.22161388351968347,Not significant
Powcoop_Lasswell_verbs,-0.12510268104180955,0.13640572038229357,0.048887555423105834,Significant (higher in literal) but small effect
Powaupt_Lasswell_verbs,0.04704985982457456,0.5698201769541744,0.025254258178917036,Significant (higher in metaphorical) but small effect
Powpt_Lasswell_verbs,-0.020276512821871484,0.810023829023361,0.2749436095010249,Not significant
Powdoct_Lasswell_verbs,-0.016703256399759003,0.8377557992549226,0.03966462742327959,Significant (higher in literal) but small effect
Powauth_Lasswell_verbs,-0.08660440294922453,0.26293638029976524,0.000883126688972416,Significant (higher in literal) but small effect
Powoth_Lasswell_verbs,-0.11820594411771468,0.14880841309286746,0.07881675144501674,Not significant
Powtot_Lasswell_verbs,-0.04541047808357396,0.5778317844464695,0.3612123818571893,Not significant
Rcethic_Lasswell_verbs,0.37131953305526755,2.3191839972802604e-06,1.8009682437350417e-06,Significant (higher in metaphorical) but small effect
Rcrelig_Lasswell_verbs,-0.11026667353801338,0.1719778217578206,0.00410951467288247,Significant (higher in literal) but small effect
Rcgain_Lasswell_verbs,0.11583545285680562,0.1439439529577554,0.9799714094826779,Not significant
Rcloss_Lasswell_verbs,0.15253007915419464,0.05583547194415911,0.4366021640738932,Not significant
Rcends_Lasswell_verbs,0.08930083668521034,0.27464453987058685,0.08781367966716311,Not significant
Rctot_Lasswell_verbs,0.37420253115785246,1.7540886269354915e-06,6.591092050623768e-07,Significant (higher in metaphorical) but small effect
Rspgain_Lasswell_verbs,0.12256445750012998,0.10945637796182951,0.9056015466572698,Not significant
Rsploss_Lasswell_verbs,0.14824348689126698,0.06584759398128939,0.3108770202706653,Not significant
Rspoth_Lasswell_verbs,0.12788251707716614,0.12275925492154938,0.4744506346430142,Not significant
Rsptot_Lasswell_verbs,0.22145440470138014,0.0032853717576634607,0.013090848592717643,Significant (higher in metaphorical) but small effect
Affgain_Lasswell_verbs,-0.05707870845750761,0.47996997691075893,0.19536994626671778,Not significant
Affloss_Lasswell_verbs,0.009902549640403793,0.9055685374839397,0.009284290418958221,Significant (higher in metaphorical) but small effect
Affpt_Lasswell_verbs,0.09940957680300719,0.206618010279131,0.0013770206612045003,Significant (higher in metaphorical) but small effect
Affoth_Lasswell_verbs,0.13440499641187637,0.09691222259683753,0.7455761725290404,Not significant
Afftot_Lasswell_verbs,-0.006497083301336728,0.9367346575385511,0.5599212565385437,Not significant
Wltpt_Lasswell_verbs,-0.12954279889059347,0.13003324217740136,0.0001689870059908099,Significant (higher in literal) but small effect
Wlttran_Lasswell_verbs,0.07786693982605514,0.33518066521266443,0.9255637978941276,Not significant
Wltoth_Lasswell_verbs,0.05810050037620608,0.48089389384791303,0.3536572492917964,Not significant
Wlttot_Lasswell_verbs,0.038859997982078544,0.6336599742273124,0.391804266047145,Not significant
Wlbgain_Lasswell_verbs,0.036701642708845635,0.6567280031032017,0.5065250948310229,Not significant
Wlbloss_Lasswell_verbs,0.18407740061297245,0.020692234377554897,0.12302887546262856,Not significant
Wlbphys_Lasswell_verbs,0.14205349463812983,0.06688590347331975,0.41358524246362405,Not significant
Wlbpsyc_Lasswell_verbs,-0.004459609508230811,0.9562359032332186,0.22147150592451448,Not significant
Wlbpt_Lasswell_verbs,0.10591902799220781,0.1942315455431709,0.010363527077476694,Significant (higher in metaphorical) but small effect
Wlbtot_Lasswell_verbs,0.16580151872933924,0.03659649385133634,0.1583632841978666,Not significant
Enlgain_Lasswell_verbs,-0.11861980866161441,0.14659100441974993,0.24216559347881628,Not significant
Enlloss_Lasswell_verbs,0.10327547542065657,0.16695731307591835,0.8897483797839549,Not significant
Enlends_Lasswell_verbs,0.07010740795803624,0.3736154369642092,0.6152430784728274,Not significant
Enlpt_Lasswell_verbs,-0.0962584805159255,0.21670508071042793,0.0021358260364199863,Significant (higher in literal) but small effect
Enloth_Lasswell_verbs,-0.1460600034983376,0.08181657166487205,0.1790247530281348,Not significant
Enltot_Lasswell_verbs,-0.18630733705136754,0.027871516874482423,0.08197043888599419,Not significant
Sklasth_Lasswell_verbs,-0.01948920118760475,0.8078318902067904,0.09889639170900205,Not significant
Sklpt_Lasswell_verbs,-0.05899707639580544,0.4746808619712596,0.002542142622385708,Significant (higher in literal) but small effect
Skloth_Lasswell_verbs,-0.1711077368171115,0.03801539070787447,0.0045434878971844245,Significant (higher in literal) but small effect
Skltot_Lasswell_verbs,-0.16374493009805235,0.04737315266551282,0.007397169429149634,Significant (higher in literal) but small effect
Trngain_Lasswell_verbs,-0.32352804327422524,3.741800822206322e-05,0.0001109891831295843,Significant (higher in literal) but small effect
Trnloss_Lasswell_verbs,0.3501665227115537,4.870983389425253e-05,0.00042786017800021067,Significant (higher in metaphorical) but small effect
Tranlw_Lasswell_verbs,-0.07878232141672714,0.3358864128125967,0.4329723872369049,Not significant
Meanslw_Lasswell_verbs,-0.2388211973568687,0.003264649657731432,0.001232234718187986,Significant (higher in literal) but small effect
Endslw_Lasswell_verbs,-0.42429310269322995,3.3877454277999375e-08,2.1914549407995656e-07,Significant (higher in literal) but small effect
Arenalw_Lasswell_verbs,-0.32795269396442434,3.135805068766128e-05,1.5314461046733239e-06,Significant (higher in literal) but small effect
Ptlw_Lasswell_verbs,0.021350156358340512,0.7920337645801631,0.8674387647676997,Not significant
Nation_Lasswell_verbs,-0.22559510886261608,0.006292565727693743,0.00024090485090009296,Significant (higher in literal) but small effect
Anomie_Lasswell_verbs,0.06725112693709971,0.42243870355112745,0.0018917673102096383,Significant (higher in metaphorical) but small effect
Negaff_Lasswell_verbs,0.2379309998918847,0.0029359073687691122,0.019605256240690244,Significant (higher in metaphorical) but small effect
Posaff_Lasswell_verbs,-0.09360403736716551,0.2553982250308226,0.06667206677672759,Not significant
Surelw_Lasswell_verbs,-0.02798411380531257,0.7287351249450391,0.5549459767520868,Not significant
If_Lasswell_verbs,-0.1775326978806821,0.025221558173034106,0.0017357635016674766,Significant (higher in literal) but small effect
Notlw_Lasswell_verbs,0.0053414943456724815,0.9471475032753045,0.29871825897757665,Not significant
Timespc_Lasswell_verbs,-0.1098399066632527,0.1801233401816592,0.10686423740426049,Not significant
formlw_Lasswell_verbs,-0.13698424677315463,0.09024956121318367,0.08658155129261033,Not significant
Admiration/Awe_GALC_adjectives,-0.008632065410122531,0.9150049321572975,0.02891819819048028,Significant (higher in literal) but small effect
Amusement_GALC_adjectives,0.0013281448384572369,0.9871271204369072,0.00010210639618971877,Significant (higher in metaphorical) but small effect
Anger_GALC_adjectives,0.05678779046172833,0.4444236857352294,0.2129055103559424,Not significant
Anxiety_GALC_adjectives,-0.05159173929056582,0.5334541042214067,2.094848220053918e-05,Significant (higher in literal) but small effect
Beingtouched_GALC_adjectives,-0.050124717490356505,0.5503747449333335,2.591334358322263e-05,Significant (higher in literal) but small effect
Boredom_GALC_adjectives,0.0032354124704222476,0.9687981977711191,0.00011457877308924255,Significant (higher in metaphorical) but small effect
Compassion_GALC_adjectives,0.008599184219236479,0.9173238288250297,0.00012541889754417182,Significant (higher in metaphorical) but small effect
Contempt_GALC_adjectives,0.034705527739912694,0.6027502342852773,0.19458101908341152,Not significant
Contentment_GALC_adjectives,-0.08259592344213179,0.31145204003680893,1.0054193940032356e-05,Significant (higher in literal) but small effect
Desperation_GALC_adjectives,0.07398194386959527,0.37751201583598026,0.1060989996188763,Not significant
Disappointment_GALC_adjectives,0.02667606659119568,0.7459306346723373,0.04091267481004703,Significant (higher in metaphorical) but small effect
Disgust_GALC_adjectives,0.1763757521010702,0.03338220937176487,0.4402337818312496,Not significant
Dissatisfaction_GALC_adjectives,-0.04096970232436354,0.626432147472572,0.001275904300853438,Significant (higher in literal) but small effect
Envy_GALC_adjectives,0.06933083828074582,0.40003152454440727,0.07942797701476918,Not significant
Fear_GALC_adjectives,0.14952442760520662,0.05779201429832464,0.8311775900791898,Not significant
Feelinglove_GALC_adjectives,0.012560431117867466,0.8731887499164861,0.01254768036163154,Significant (higher in metaphorical) but small effect
Gratitude_GALC_adjectives,0.05341415359701629,0.5101682585672529,0.0034153267502043173,Significant (higher in metaphorical) but small effect
Guilt_GALC_adjectives,-0.07262228063455461,0.3864430648124102,0.0024282718382351025,Significant (higher in literal) but small effect
Happiness_GALC_adjectives,0.03680847224163125,0.6359404133799766,0.21949766466182663,Not significant
Hatred_GALC_adjectives,0.07508547139668759,0.32153233966278394,0.3886636230640337,Not significant
Hope_GALC_adjectives,-0.00023756555898331717,0.9977255296526867,0.00035205695456657656,Significant (higher in literal) but small effect
Humility_GALC_adjectives,0.04127890044968331,0.6187853897134763,0.4779241601846663,Not significant
Interest/Enthusiasm_GALC_adjectives,0.04285015509672975,0.5662962707921653,0.28399328085816944,Not significant
Irritation_GALC_adjectives,-0.0339676507916985,0.6826697516283835,0.016752430620731316,Significant (higher in literal) but small effect
Jealousy_GALC_adjectives,0.1228058460565036,0.13805617749721485,0.8133220973096993,Not significant
Joy_GALC_adjectives,0.04918338484933309,0.5555269901170214,0.036530167648053675,Significant (higher in metaphorical) but small effect
Longing_GALC_adjectives,0.037345268135691584,0.654891570137184,0.1469287230501801,Not significant
Lust_GALC_adjectives,-0.07894704958051837,0.3418931970225031,0.00235817502633133,Significant (higher in literal) but small effect
Pleasure/Enjoyment_GALC_adjectives,-0.04090986463178952,0.6124873425460506,4.687103761830713e-06,Significant (higher in literal) but small effect
Pride_GALC_adjectives,-0.17091376270701097,0.03164361473894029,0.0009147096131900213,Significant (higher in literal) but small effect
Relaxation/Serenity_GALC_adjectives,-0.037798585750257754,0.6370643627473684,0.0025517049428561227,Significant (higher in literal) but small effect
Relief_GALC_adjectives,-0.14207096833015234,0.06767380913134907,0.01268251271857492,Significant (higher in literal) but small effect
Sadness_GALC_adjectives,0.014127441396669818,0.8670592950494511,0.14034320444585083,Not significant
Shame_GALC_adjectives,0.11600073906917799,0.16117163907586682,0.4178084205862256,Not significant
Surprise_GALC_adjectives,-0.04295698865401183,0.6034386363716933,0.024756892049314836,Significant (higher in literal) but small effect
Tension/Stress_GALC_adjectives,-0.22856444135777534,0.006084592948490932,2.6526206409568585e-06,Significant (higher in literal) but small effect
Positive_GALC_adjectives,-0.013721755165539154,0.8670670366478174,0.35723956506711796,Not significant
Negative_GALC_adjectives,0.033655926116917104,0.6882363296234032,0.8373280385275401,Not significant
Anger_EmoLex_adjectives,0.2518299810855612,0.0017493789184992777,0.0011669451575342937,Significant (higher in metaphorical) but small effect
Anticipation_EmoLex_adjectives,0.05526824060761975,0.47841496941335815,0.918934462021143,Not significant
Disgust_EmoLex_adjectives,0.2113298083132227,0.007994179264746989,0.006905507701412423,Significant (higher in metaphorical) but small effect
Fear_EmoLex_adjectives,0.2147172966957594,0.006054443230584051,0.006821856874891609,Significant (higher in metaphorical) but small effect
Joy_EmoLex_adjectives,0.12683474728524524,0.09432875446004114,0.14450895925912405,Not significant
Negative_EmoLex_adjectives,0.2585815380941309,0.0021196009024500233,0.0015644620346225747,Significant (higher in metaphorical) but small effect
Positive_EmoLex_adjectives,-0.06176205786098751,0.4407241751542754,0.2657584350981943,Not significant
Sadness_EmoLex_adjectives,0.18598054026552988,0.023792856322015176,0.0021505333779644987,Significant (higher in metaphorical) but small effect
Surprise_EmoLex_adjectives,0.1545469673919464,0.05267350597570831,0.10715815284193374,Not significant
Trust_EmoLex_adjectives,-0.07262598927137312,0.37577552483254817,0.06430197131860224,Not significant
Valence_adjectives,-0.1982934241121331,0.01601661112064143,0.07099264678338167,Not significant
Valence_nwords_adjectives,0.10639318616219054,0.17184542244072576,0.2605741311151585,Not significant
Arousal_adjectives,0.07713752403865277,0.35895753090637605,0.00022691652253065982,Significant (higher in metaphorical) but small effect
Arousal_nwords_adjectives,0.18507120354958348,0.01688664618841936,0.019874001244733697,Significant (higher in metaphorical) but small effect
Dominance_adjectives,-0.17923692283818843,0.030165282910473067,0.31953293143418626,Not significant
Dominance_nwords_adjectives,0.13532171757532707,0.08173064950233623,0.12268766271614562,Not significant
pleasantness_adjectives,0.03802311543166895,0.6386348990140258,0.7151969574778394,Not significant
attention_adjectives,0.032221655835298804,0.6887719132886125,0.43218063248751837,Not significant
sensitivity_adjectives,0.02955460797552434,0.7165575053824621,0.4870529671723539,Not significant
aptitude_adjectives,-0.009591003498363324,0.9058253903699194,0.1693973334069987,Not significant
polarity_adjectives,-0.013805191492351621,0.865104168375861,0.27872867888819,Not significant
vader_negative_adjectives,0.1745972238576573,0.03315982809165646,0.02828743938071317,Significant (higher in metaphorical) but small effect
vader_neutral_adjectives,-0.10269968380527433,0.18778127835987632,0.07773042970220037,Not significant
vader_positive_adjectives,-0.04572083495597645,0.5567265318564525,0.7761843702235609,Not significant
vader_compound_adjectives,-0.279341421134197,0.0004555617270075579,5.85171052433538e-10,Significant (higher in literal) but small effect
hu_liu_pos_perc_adjectives,-0.1783561078714713,0.02884793651855662,0.03376926206062099,Significant (higher in literal) but small effect
hu_liu_neg_perc_adjectives,0.15750563780741467,0.05429931303395638,0.053806558026114164,Not significant
hu_liu_pos_nwords_adjectives,0.10050629683383806,0.19683707373576514,0.14600084176383207,Not significant
hu_liu_neg_nwords_adjectives,0.26669786535377554,0.000982208277028354,0.000644324498128594,Significant (higher in metaphorical) but small effect
hu_liu_prop_adjectives,-0.19770293742838962,0.017483153907435177,0.010337696692718501,Significant (higher in literal) but small effect
Positiv_GI_adjectives,-0.12269152091439697,0.11419695925404406,0.055938636198354756,Not significant
Negativ_GI_adjectives,0.19895118011853277,0.016924760722456314,0.005037036338200431,Significant (higher in metaphorical) but small effect
Pstv_GI_adjectives,-0.17516838888771608,0.022771540415507593,0.011020561663760383,Significant (higher in literal) but small effect
Affil_GI_adjectives,-0.08037657316255763,0.3288877931731592,0.1087162488661212,Not significant
Ngtv_GI_adjectives,0.1430811530069237,0.08715130013421597,0.03538597954108322,Significant (higher in metaphorical) but small effect
Hostile_GI_adjectives,0.1953898312424261,0.014677067233107084,0.018621561341719065,Significant (higher in metaphorical) but small effect
Strong_GI_adjectives,0.16430104762900544,0.038119865716904025,0.033543539470522785,Significant (higher in metaphorical) but small effect
Power_GI_adjectives,-0.1521507779029092,0.071607202204373,0.02502888354061065,Significant (higher in literal) but small effect
Weak_GI_adjectives,0.1993598502672786,0.015475427464351876,0.059953636622380076,Not significant
Submit_GI_adjectives,-0.149215899145037,0.07089471678434035,0.000589488120963184,Significant (higher in literal) but small effect
Active_GI_adjectives,0.057617501287356286,0.4886167538415048,0.9631161158822682,Not significant
Passive_GI_adjectives,0.11083802154338168,0.1745252629977141,0.19854559585546416,Not significant
Pleasur_GI_adjectives,0.10569000185576145,0.18384356842058294,0.752542999069654,Not significant
Pain_GI_adjectives,0.10420673068352243,0.21062329323525883,0.4316394005034998,Not significant
Feel_GI_adjectives,0.1235695314378902,0.1419796031843162,0.034536343607147746,Significant (higher in metaphorical) but small effect
Arousal_GI_adjectives,0.03377971466289046,0.6856313573826265,0.3720297648092895,Not significant
Emot_GI_adjectives,0.08390919581036327,0.3091966349691706,0.7641185083420288,Not significant
Virtue_GI_adjectives,-0.09097771022976042,0.24596570993095707,0.12073613596643629,Not significant
Vice_GI_adjectives,0.13480273715115348,0.1072275022443912,0.0864575776517268,Not significant
Ovrst_GI_adjectives,-0.03718253818851649,0.6447752903243857,0.7998851268669236,Not significant
Undrst_GI_adjectives,0.1568904777646872,0.04615739866530901,0.13829851300770232,Not significant
Academ_GI_adjectives,0.08058508572983474,0.3180189994593724,0.47242520481783,Not significant
Doctrin_GI_adjectives,-0.05766690512340186,0.48759001421721304,0.11118900362594668,Not significant
Econ_2_GI_adjectives,-0.04006970204033089,0.6231071666071942,0.41304609150486815,Not significant
Exch_GI_adjectives,-0.2741221379847702,0.0007588898871399817,2.4501303034013843e-06,Significant (higher in literal) but small effect
Econ_GI_adjectives,-0.03987544186819049,0.6027599483171673,0.348920383963798,Not significant
Exprsv_GI_adjectives,0.13518668319448174,0.1010235032495267,0.6477865198463535,Not significant
Legal_GI_adjectives,-0.08720893211969456,0.2693747708983004,0.122191866045801,Not significant
Milit_GI_adjectives,-0.10940965853814333,0.15669563459760283,0.0026665610051585585,Significant (higher in literal) but small effect
Polit_2_GI_adjectives,0.08684064255332263,0.2771283358301491,0.3399632680467619,Not significant
Polit_GI_adjectives,-0.011300567482462422,0.8795278867282309,0.9142522055377116,Not significant
Relig_GI_adjectives,0.19056154248524687,0.016524057373844252,0.1099251974036663,Not significant
Role_GI_adjectives,-0.0904409555052052,0.26010197339141716,0.08871114031858643,Not significant
Coll_GI_adjectives,-0.11812271683075753,0.12018982365436108,0.15102692860509825,Not significant
Work_GI_adjectives,0.14025837054056006,0.08693917363845186,0.856507240702428,Not significant
Ritual_GI_adjectives,-0.030796082959271033,0.69417256853914,0.22293377417153026,Not significant
Socrel_GI_adjectives,-0.2248385056537472,0.00626779971306827,0.0006223397584388208,Significant (higher in literal) but small effect
Race_GI_adjectives,0.005730832923714199,0.9438487672095075,0.005213886274760016,Significant (higher in metaphorical) but small effect
Kin_2_GI_adjectives,-0.11905086298406146,0.14772514844535858,2.5466796272703488e-06,Significant (higher in literal) but small effect
Male_GI_adjectives,-0.0552591078473087,0.500885110384611,8.808731126369471e-05,Significant (higher in literal) but small effect
Female_GI_adjectives,0.03582545206675723,0.6533639665228835,0.011807659338883586,Significant (higher in metaphorical) but small effect
Nonadlt_GI_adjectives,0.005040984969025313,0.9473844944107962,0.5776666171973137,Not significant
Hu_GI_adjectives,-0.10823999352553015,0.1592185237282629,0.09958298770844672,Not significant
Ani_GI_adjectives,-0.03487777499260113,0.6730047759977594,1.590853775609423e-05,Significant (higher in literal) but small effect
Place_GI_adjectives,-0.01395731216583147,0.8604628018074989,0.036823864204499554,Significant (higher in literal) but small effect
Social_GI_adjectives,0.06568938046087605,0.405126569290821,0.34944781766269983,Not significant
Region_GI_adjectives,-0.05340186837331694,0.4840490687766873,0.027660535976900047,Significant (higher in literal) but small effect
Route_GI_adjectives,-0.05009709790663011,0.5434174548502799,0.020788498828754904,Significant (higher in literal) but small effect
Aquatic_GI_adjectives,-0.0003006464792242071,0.997050835341615,0.00014622567517736063,Significant (higher in literal) but small effect
Land_GI_adjectives,-0.10052606160723214,0.20945447725296515,0.044689851630672475,Significant (higher in literal) but small effect
Sky_GI_adjectives,0.12182752764812749,0.138561947405689,0.5772605963584392,Not significant
Object_GI_adjectives,-0.057507665238572106,0.4933638318949405,0.06064770370492195,Not significant
Tool_GI_adjectives,-0.12917344914533582,0.11775580453840975,0.0012260373309583453,Significant (higher in literal) but small effect
Food_GI_adjectives,0.17371315911980922,0.035431237368199454,0.8541514303863472,Not significant
Vehicle_GI_adjectives,0.1321957707106936,0.10950055221509579,0.08190390549953791,Not significant
Bldgpt_GI_adjectives,-0.1235702333701047,0.1351163528885563,0.0007599634816174085,Significant (higher in literal) but small effect
Comnobj_GI_adjectives,-0.11342646714601703,0.17095817493149268,0.0009777624412233327,Significant (higher in literal) but small effect
Natobj_GI_adjectives,0.13740811387380483,0.09952602224714152,0.24295528694739765,Not significant
Bodypt_GI_adjectives,-0.16913344407018044,0.043883608933087535,4.427786723586839e-06,Significant (higher in literal) but small effect
Comform_GI_adjectives,0.03207864672735267,0.6683349162503929,0.9131812252522014,Not significant
Com_GI_adjectives,0.06271045360692767,0.4027899358000716,0.8103349017879748,Not significant
Say_GI_adjectives,-0.20179703267040766,0.014721982685607142,2.326619546643913e-05,Significant (higher in literal) but small effect
Need_GI_adjectives,0.006215596539158373,0.9380584176222704,0.22387210318198625,Not significant
Goal_GI_adjectives,0.01090099036985134,0.8934271031673772,0.00018442591303747312,Significant (higher in metaphorical) but small effect
Try_GI_adjectives,0.11482336275824001,0.16690524725220168,0.7490923546145858,Not significant
Means_GI_adjectives,-0.032837221930111564,0.6912246299333202,0.09282871170462942,Not significant
Persist_GI_adjectives,0.14419854735298487,0.06070169827774602,0.27168171133560315,Not significant
Complet_GI_adjectives,0.0744822414310139,0.35714806843402935,0.6032328868749688,Not significant
Fail_GI_adjectives,0.07970729663819967,0.30904355466173994,0.41954936672152354,Not significant
Natrpro_GI_adjectives,0.1266707034535342,0.12083499414719863,0.4251933069662035,Not significant
Begin_GI_adjectives,-0.0321544408986615,0.669715687504459,0.2950911417733125,Not significant
Vary_GI_adjectives,-0.04387234513421329,0.5946460101775783,0.011589720807641181,Significant (higher in literal) but small effect
Increas_GI_adjectives,-0.0730903812448162,0.3688011648818327,0.0009427809768370995,Significant (higher in literal) but small effect
Decreas_GI_adjectives,-0.09836852240786123,0.22248008789412632,0.011250144709532098,Significant (higher in literal) but small effect
Finish_GI_adjectives,-0.15207345208593775,0.0662485320273611,0.00021993565234230164,Significant (higher in literal) but small effect
Stay_GI_adjectives,-0.07108248613021717,0.3905771000312038,0.01726700844811665,Significant (higher in literal) but small effect
Rise_GI_adjectives,0.13685936156091383,0.09724230281205545,0.24055434570330692,Not significant
Exert_GI_adjectives,-0.20903941974047405,0.010279349657108304,0.00015779370624374815,Significant (higher in literal) but small effect
Fetch_GI_adjectives,-0.13143427868121121,0.11212820574507888,0.00010557631414434524,Significant (higher in literal) but small effect
Travel_GI_adjectives,-0.13526883249140054,0.10979539691024953,0.005739738239623026,Significant (higher in literal) but small effect
Fall_GI_adjectives,-0.020233404262461646,0.7997136095522064,0.01120739260498635,Significant (higher in literal) but small effect
Think_GI_adjectives,0.14895446171941235,0.0625434727430369,0.25478977408913295,Not significant
Know_GI_adjectives,-0.2781286765988758,0.000839871742422476,0.00014803936764442875,Significant (higher in literal) but small effect
Causal_GI_adjectives,-0.2672037082321229,0.000520835915126462,0.0002007133964716363,Significant (higher in literal) but small effect
Ought_GI_adjectives,-0.05045780882636358,0.54869540862684,0.0004150032110887514,Significant (higher in literal) but small effect
Perceiv_GI_adjectives,-0.0890627682642453,0.27907857031666466,0.0006398633388408361,Significant (higher in literal) but small effect
Compare_GI_adjectives,0.050130969653102736,0.5175071929092526,0.9787261314476777,Not significant
Eval_2_GI_adjectives,0.2037433700721941,0.014163808764069726,0.10708234664965038,Not significant
Eval_GI_adjectives,-0.05567321785458003,0.4920896542435008,0.35802593516250925,Not significant
Solve_GI_adjectives,-0.06716937065845172,0.42080843692072334,0.13060596862576132,Not significant
Abs_2_GI_adjectives,0.07314608037803805,0.35571767803786014,0.2509397611841808,Not significant
Abs_GI_adjectives,0.11249950192615923,0.150987998713569,0.45874815027645455,Not significant
Quality_GI_adjectives,0.24983078663954367,0.00315919061097126,0.014143045040883479,Significant (higher in metaphorical) but small effect
Quan_GI_adjectives,0.039398150401332266,0.5931463198230853,0.9668829835016928,Not significant
Numb_GI_adjectives,0.0009660243288015859,0.9894416525154962,0.6679095343257724,Not significant
Ord_GI_adjectives,0.013273108080579278,0.8564028508715527,0.9555849337867407,Not significant
Card_GI_adjectives,-0.11395877222687027,0.14060191641927985,0.0002316707223979806,Significant (higher in literal) but small effect
Freq_GI_adjectives,-0.17509412950655126,0.030961107204615784,1.5144308526362312e-06,Significant (higher in literal) but small effect
Dist_GI_adjectives,-0.16537068393580212,0.04481056213025807,0.001507026810844754,Significant (higher in literal) but small effect
Time_2_GI_adjectives,0.0978311607056569,0.2118174028084959,0.5879848077825753,Not significant
Time_GI_adjectives,0.09514057245342997,0.22316500222289748,0.5727292575922152,Not significant
Space_GI_adjectives,0.06632682541877985,0.4019726311695664,0.7709905867834763,Not significant
Pos_GI_adjectives,0.06563328385399608,0.39176241186311844,0.7136856596299164,Not significant
Dim_GI_adjectives,0.16537702130268042,0.034852232550164904,0.17002683080776615,Not significant
Rel_GI_adjectives,-0.035170158651112116,0.6489710017751273,0.16401472511301762,Not significant
Color_GI_adjectives,0.16267987635416625,0.04781076421890482,0.5212227546328775,Not significant
Self_GI_adjectives,0.042492842438491565,0.6062152243717073,3.571439736296629e-06,Significant (higher in metaphorical) but small effect
Our_GI_adjectives,0.07761561626874672,0.3452052446463201,0.25579673434459327,Not significant
You_GI_adjectives,0.015941872414606525,0.8467224808170625,0.018537758580547185,Significant (higher in metaphorical) but small effect
Name_GI_adjectives,0.12874893364906226,0.07341566675805213,0.13729767552268146,Not significant
Yes_GI_adjectives,0.07951880258622449,0.3019593976541142,0.6674290547832793,Not significant
No_GI_adjectives,0.02340920066110342,0.7777469540294786,0.0010526181987227806,Significant (higher in metaphorical) but small effect
Negate_GI_adjectives,0.03428335489348851,0.670941762040292,0.4166727825681835,Not significant
Intrj_GI_adjectives,0.024987301029359553,0.7409046312319794,0.8556775199801109,Not significant
Iav_GI_adjectives,0.034400145382881775,0.6573350695934785,0.5796403005263384,Not significant
Dav_GI_adjectives,0.05780380271202364,0.4736305430518195,0.9110397395375104,Not significant
Sv_GI_adjectives,0.018945797747369424,0.8244432693471659,0.053700092097466345,Not significant
Ipadj_GI_adjectives,0.03335237904761229,0.6632027835858499,0.08958746304059016,Not significant
Indadj_GI_adjectives,0.2733513589199282,0.00047567398997408705,0.0004050225938186731,Significant (higher in metaphorical) but small effect
Powgain_Lasswell_adjectives,0.044113279580514114,0.5855591104723978,0.22390181894253547,Not significant
Powloss_Lasswell_adjectives,-0.02856960588146883,0.7258379985090309,0.005316277800423798,Significant (higher in literal) but small effect
Powends_Lasswell_adjectives,0.07234709697379363,0.3758123215361495,0.255630046527342,Not significant
Powaren_Lasswell_adjectives,-0.1797293346717999,0.01981240032634635,9.499781175932425e-05,Significant (higher in literal) but small effect
Powcon_Lasswell_adjectives,-0.05525543541754409,0.5042022676054683,0.08251878635244787,Not significant
Powcoop_Lasswell_adjectives,-0.0373482314544262,0.6410422462117128,0.006711964360137213,Significant (higher in literal) but small effect
Powaupt_Lasswell_adjectives,-0.04278006115268565,0.5943300583176444,0.054372772850479964,Not significant
Powpt_Lasswell_adjectives,-0.12439717790969426,0.10371646608786815,0.08078769628188665,Not significant
Powdoct_Lasswell_adjectives,0.04562248950703433,0.5849459155254131,0.6856945890249766,Not significant
Powauth_Lasswell_adjectives,-0.18332988747323883,0.02378379010303677,0.00309657307655792,Significant (higher in literal) but small effect
Powoth_Lasswell_adjectives,0.05640586354844133,0.44831686677325655,0.5365465484268299,Not significant
Powtot_Lasswell_adjectives,-0.04629298787854147,0.5392069683774046,0.2872031456768793,Not significant
Rcethic_Lasswell_adjectives,-0.07147444530649169,0.37315415879312497,0.03233405892715879,Significant (higher in literal) but small effect
Rcrelig_Lasswell_adjectives,0.15153965604761271,0.059979809739351506,0.3063499099014202,Not significant
Rcgain_Lasswell_adjectives,0.0331640415225063,0.6834358326052893,0.2476900026729475,Not significant
Rcloss_Lasswell_adjectives,0.0,,,Not significant
Rcends_Lasswell_adjectives,-0.18585246513550502,0.022458970886993165,4.630054602380905e-07,Significant (higher in literal) but small effect
Rctot_Lasswell_adjectives,-0.021469310939335053,0.7899353872960433,0.13740280143956274,Not significant
Rspgain_Lasswell_adjectives,-0.012524779889508876,0.8813858927865409,0.0009941628632011365,Significant (higher in literal) but small effect
Rsploss_Lasswell_adjectives,0.16204511566176966,0.04930344139820323,0.07061494914077562,Not significant
Rspoth_Lasswell_adjectives,-0.07557018954057215,0.37901322382348357,0.057961840546008635,Not significant
Rsptot_Lasswell_adjectives,-0.036764258335911,0.6630988108995264,0.01608291725725867,Significant (higher in literal) but small effect
Affgain_Lasswell_adjectives,0.012760445660588666,0.8756114448757087,0.0009458614237569333,Significant (higher in metaphorical) but small effect
Affloss_Lasswell_adjectives,0.11013275573241366,0.1746414694337168,0.01017566228092577,Significant (higher in metaphorical) but small effect
Affpt_Lasswell_adjectives,-0.0831100662951971,0.2980130619145391,0.0003548298428319417,Significant (higher in literal) but small effect
Affoth_Lasswell_adjectives,0.11703130729948388,0.1506570427048792,0.5543705608239029,Not significant
Afftot_Lasswell_adjectives,0.029148349846837195,0.7094846022847365,0.24102502227060119,Not significant
Wltpt_Lasswell_adjectives,0.046710199330709634,0.5659401682882281,0.002569453517633037,Significant (higher in metaphorical) but small effect
Wlttran_Lasswell_adjectives,-0.3349719093501332,2.471367817788795e-05,6.246311650994046e-08,Significant (higher in literal) but small effect
Wltoth_Lasswell_adjectives,0.08624067131135119,0.3008087947818003,0.4951270101277315,Not significant
Wlttot_Lasswell_adjectives,0.04302628220417331,0.6072115295611193,0.94375848425906,Not significant
Wlbgain_Lasswell_adjectives,0.10515932195308543,0.18958695482956897,0.19869560052628488,Not significant
Wlbloss_Lasswell_adjectives,-0.021261225053510746,0.7913527352876419,0.049891459088192425,Significant (higher in literal) but small effect
Wlbphys_Lasswell_adjectives,-0.07075102208635026,0.3450307165148855,0.16090094668974053,Not significant
Wlbpsyc_Lasswell_adjectives,0.005735158763789072,0.9437179647950464,0.9537388058247833,Not significant
Wlbpt_Lasswell_adjectives,0.06509950482371357,0.4359701560581234,0.0007671327461760395,Significant (higher in metaphorical) but small effect
Wlbtot_Lasswell_adjectives,-0.024446749966284764,0.7564893567254221,0.8641176449808807,Not significant
Enlgain_Lasswell_adjectives,0.04489793407088065,0.5483354102051012,0.6720120109569703,Not significant
Enlloss_Lasswell_adjectives,0.06368601068441755,0.4325810196379828,0.10232436200165079,Not significant
Enlends_Lasswell_adjectives,0.1120334084724724,0.18076721752429403,0.024615845091302792,Significant (higher in metaphorical) but small effect
Enlpt_Lasswell_adjectives,-0.15628572656888004,0.043717412987062644,0.0005160737765340326,Significant (higher in literal) but small effect
Enloth_Lasswell_adjectives,-0.09362688983647796,0.25405167816146024,0.050536564716739014,Not significant
Enltot_Lasswell_adjectives,-0.05467297368594108,0.4911489113454097,0.0971096945829061,Not significant
Sklasth_Lasswell_adjectives,0.15768077593466467,0.056126740063012465,0.8028620046961216,Not significant
Sklpt_Lasswell_adjectives,-0.1450090560085473,0.06928490656375806,0.0032084358285334558,Significant (higher in literal) but small effect
Skloth_Lasswell_adjectives,-0.02930597279392625,0.7125726489939914,0.2405386177263047,Not significant
Skltot_Lasswell_adjectives,-0.05796530433784347,0.46255784177574977,0.13112571138040308,Not significant
Trngain_Lasswell_adjectives,0.03791770458076058,0.6281653082509615,0.09395484676441188,Not significant
Trnloss_Lasswell_adjectives,-0.08902441038027584,0.27636981100052094,0.0021758028335505343,Significant (higher in literal) but small effect
Tranlw_Lasswell_adjectives,-0.08903030973348773,0.27923968354462403,0.0835643867196032,Not significant
Meanslw_Lasswell_adjectives,0.0027326804564410554,0.9720372678393431,0.5805647192986572,Not significant
Endslw_Lasswell_adjectives,-0.04378549303927585,0.596881446612727,0.3716002974546182,Not significant
Arenalw_Lasswell_adjectives,-0.12079770064126885,0.11632115683869533,0.0022095070682228587,Significant (higher in literal) but small effect
Ptlw_Lasswell_adjectives,-0.04337741888856908,0.572501450676342,0.28370585666485015,Not significant
Nation_Lasswell_adjectives,0.05451260365811228,0.4804017352991765,0.9832187642135873,Not significant
Anomie_Lasswell_adjectives,0.09778940219871124,0.22985996928489338,0.3506124154744853,Not significant
Negaff_Lasswell_adjectives,0.06651141869094596,0.42351113891450554,0.47070514934042873,Not significant
Posaff_Lasswell_adjectives,-0.019738149856333164,0.8056627345433054,0.3803358487916241,Not significant
Surelw_Lasswell_adjectives,-0.029553994052026897,0.7121436461031204,0.4184612516567727,Not significant
If_Lasswell_adjectives,0.16220633138882168,0.03755406228317615,0.08729599234205045,Not significant
Notlw_Lasswell_adjectives,-0.11097775791928277,0.17815262689786657,0.0031120363691244193,Significant (higher in literal) but small effect
Timespc_Lasswell_adjectives,-0.045450012573847176,0.5514693380902463,0.3752248801471241,Not significant
formlw_Lasswell_adjectives,0.11304541450385192,0.13259826624121765,0.3065813399354147,Not significant
Admiration/Awe_GALC_adverbs,0.07921488654897618,0.33467577486296796,0.08067710831719292,Not significant
Amusement_GALC_adverbs,0.004518535306107003,0.955198987960481,0.031007198394693184,Significant (higher in metaphorical) but small effect
Anger_GALC_adverbs,0.06050945276841539,0.46614201064148164,0.06621083288926634,Not significant
Anxiety_GALC_adverbs,0.08110811774769629,0.32436297864792996,0.0005667263248814932,Significant (higher in metaphorical) but small effect
Beingtouched_GALC_adverbs,0.07310465851261078,0.375618937934755,0.017552703735590456,Significant (higher in metaphorical) but small effect
Boredom_GALC_adverbs,-0.0445370791981611,0.5896364172662505,0.035452183296508843,Significant (higher in literal) but small effect
Compassion_GALC_adverbs,-0.14692816928905544,0.0744299773437757,0.00019830161441575182,Significant (higher in literal) but small effect
Contempt_GALC_adverbs,-0.030197540334592703,0.714765563526512,0.0036578893836873502,Significant (higher in literal) but small effect
Contentment_GALC_adverbs,-0.22491139807047458,0.006184012557478566,0.00014070568054686686,Significant (higher in literal) but small effect
Desperation_GALC_adverbs,0.046157708521645115,0.5802720907034247,0.2500271790317071,Not significant
Disappointment_GALC_adverbs,0.07838741914880512,0.3419688510449598,0.004456130070997461,Significant (higher in metaphorical) but small effect
Disgust_GALC_adverbs,-0.15708560725027482,0.05634799720723644,0.020879263166351643,Significant (higher in literal) but small effect
Dissatisfaction_GALC_adverbs,-0.07788305028470549,0.3444926504739725,0.12077655067953075,Not significant
Envy_GALC_adverbs,-0.1291389452452742,0.11647975107190961,0.04216819709715596,Significant (higher in literal) but small effect
Fear_GALC_adverbs,0.011721164844771384,0.887552011268273,0.11199171807143478,Not significant
Feelinglove_GALC_adverbs,0.005788185914399108,0.9442553033929971,0.2505832602445073,Not significant
Gratitude_GALC_adverbs,-0.10065545266437392,0.22166295111315756,1.145792220256773e-05,Significant (higher in literal) but small effect
Guilt_GALC_adverbs,0.04990176919888242,0.5180066837417956,0.5301263536036207,Not significant
Happiness_GALC_adverbs,0.16872038799162503,0.04271692316052958,0.996533719029707,Not significant
Hatred_GALC_adverbs,-0.07402795570100089,0.3683783314779453,0.4652088184521418,Not significant
Hope_GALC_adverbs,-0.07475398977262512,0.35930740085831436,1.5230019462881026e-05,Significant (higher in literal) but small effect
Humility_GALC_adverbs,0.08459652832875278,0.3024668447626899,0.9162824413291019,Not significant
Interest/Enthusiasm_GALC_adverbs,0.15186286008066252,0.0654023250003838,0.015079828499025246,Significant (higher in metaphorical) but small effect
Irritation_GALC_adverbs,0.06658938103980717,0.4167660584046291,0.001321235348084608,Significant (higher in metaphorical) but small effect
Jealousy_GALC_adverbs,0.1075717461141046,0.19110483521708926,0.6744240722352938,Not significant
Joy_GALC_adverbs,0.11815688746623906,0.13497539368460962,0.8034197910260048,Not significant
Longing_GALC_adverbs,0.17825174934082164,0.02539516841999801,0.901958653315562,Not significant
Lust_GALC_adverbs,-0.029405295837207863,0.7232367058228397,0.00011330810301103015,Significant (higher in literal) but small effect
Pleasure/Enjoyment_GALC_adverbs,0.031167854850116437,0.7059312506346282,0.06570576539982442,Not significant
Pride_GALC_adverbs,0.09765297860867943,0.23678156353180047,0.17130307124364919,Not significant
Relaxation/Serenity_GALC_adverbs,0.0015078868589092033,0.9854319703135457,7.489256139227934e-05,Significant (higher in metaphorical) but small effect
Relief_GALC_adverbs,0.0,,,Not significant
Sadness_GALC_adverbs,-0.0017918148410221973,0.9767471172622231,0.08653290381221719,Not significant
Shame_GALC_adverbs,0.097729991814008,0.23499735106546416,0.009929027628916214,Significant (higher in metaphorical) but small effect
Surprise_GALC_adverbs,-0.03605756932599363,0.670404822433759,0.010595718829922359,Significant (higher in literal) but small effect
Tension/Stress_GALC_adverbs,-0.06655797345683198,0.4084013400497225,0.00017710874772266301,Significant (higher in literal) but small effect
Positive_GALC_adverbs,-0.031167587133903295,0.7051822773546998,4.802935683094345e-06,Significant (higher in literal) but small effect
Negative_GALC_adverbs,-0.2480443250620612,0.002668874130986071,1.1259181992441855e-07,Significant (higher in literal) but small effect
Anger_EmoLex_adverbs,0.206122544453267,0.011984594358700933,0.959626770911106,Not significant
Anticipation_EmoLex_adverbs,0.11401581187138268,0.16304664213361592,0.3812505930737371,Not significant
Disgust_EmoLex_adverbs,0.12372821057866813,0.13648753746441364,0.47489826663052326,Not significant
Fear_EmoLex_adverbs,0.12937340913448625,0.11464656525664081,0.24489047536241437,Not significant
Joy_EmoLex_adverbs,0.12746988948337246,0.12078547230322004,0.8393070921193091,Not significant
Negative_EmoLex_adverbs,-0.006517352023310887,0.936360085984708,0.4028355615659216,Not significant
Positive_EmoLex_adverbs,0.0520768665636335,0.5379464774135841,0.6777634436049799,Not significant
Sadness_EmoLex_adverbs,0.03321452826601162,0.6899680117131433,0.2506585678074541,Not significant
Surprise_EmoLex_adverbs,0.12489342467745276,0.13166698214789943,0.7748983134729128,Not significant
Trust_EmoLex_adverbs,0.060496780816477275,0.46927143067845467,0.47308003152978684,Not significant
Valence_adverbs,-0.42140451076968916,3.006353756444263e-07,4.197157674673921e-07,Significant (higher in literal) but small effect
Valence_nwords_adverbs,0.016246361173207092,0.8445702414822631,0.1467403796052437,Not significant
Arousal_adverbs,-0.4891239643051592,3.0650287874459304e-09,2.0458441885063584e-07,Significant (higher in literal) but small effect
Arousal_nwords_adverbs,0.028587282094658013,0.7303137847883352,0.19083330042146684,Not significant
Dominance_adverbs,-0.4726801196073486,8.50960842993807e-09,4.514962855947548e-07,Significant (higher in literal) but small effect
Dominance_nwords_adverbs,0.027393136647799257,0.7405739229217192,0.22270384967141688,Not significant
pleasantness_adverbs,-0.24750849950815051,0.00266595414574428,0.000649128486016407,Significant (higher in literal) but small effect
attention_adverbs,-0.32352871158279983,9.493221212397388e-05,1.3914385149666753e-05,Significant (higher in literal) but small effect
sensitivity_adverbs,0.0052343454306260605,0.9494714915095404,0.9701123186406917,Not significant
aptitude_adverbs,-0.33394449179984464,3.507849325939487e-05,1.938691539710758e-06,Significant (higher in literal) but small effect
polarity_adverbs,-0.3269980249258689,5.599971972590979e-05,6.526317916822611e-06,Significant (higher in literal) but small effect
vader_negative_adverbs,0.11340091284136482,0.1628655674780234,0.2716797205763889,Not significant
vader_neutral_adverbs,-0.13971047334917336,0.08486806158348736,0.09415374223393612,Not significant
vader_positive_adverbs,0.07478158737872581,0.37552633034734273,0.6039561978154298,Not significant
vader_compound_adverbs,-0.1605763192401588,0.055891274701882356,0.020508948497949184,Significant (higher in literal) but small effect
hu_liu_pos_perc_adverbs,-0.2494048176191998,0.0013591895851541797,0.06910248607728098,Not significant
hu_liu_neg_perc_adverbs,0.10448408572047366,0.17850842512797704,0.7501948064030758,Not significant
hu_liu_pos_nwords_adverbs,0.14512398759973005,0.06941099332427908,0.0916593317424089,Not significant
hu_liu_neg_nwords_adverbs,0.21506532007047996,0.007381788991766071,0.05967059286909012,Not significant
hu_liu_prop_adverbs,-0.4031651306201516,7.006355458624227e-07,2.941954502308712e-09,Significant (higher in literal) but small effect
Positiv_GI_adverbs,0.1373340915147876,0.08968044379095746,0.049510344263126164,Significant (higher in metaphorical) but small effect
Negativ_GI_adverbs,0.20949992674764373,0.012279302571616581,0.01973494817583895,Significant (higher in metaphorical) but small effect
Pstv_GI_adverbs,0.12102336291043977,0.13264550004799056,0.14174320550560843,Not significant
Affil_GI_adverbs,0.16033101546897593,0.04108620255291953,0.07954361863231695,Not significant
Ngtv_GI_adverbs,0.2159273716162468,0.009967681443051478,0.01341797020849501,Significant (higher in metaphorical) but small effect
Hostile_GI_adverbs,0.1793280960797548,0.027860778823204153,0.11846614409882482,Not significant
Strong_GI_adverbs,0.1752711425333116,0.03344724968853853,0.041777504402440255,Significant (higher in metaphorical) but small effect
Power_GI_adverbs,0.09871079926293548,0.21637310311873492,0.5969728908574247,Not significant
Weak_GI_adverbs,-0.00767496075985334,0.9225407000742598,0.20222320523019233,Not significant
Submit_GI_adverbs,0.003054149338394143,0.9702398016302067,0.001435144024246638,Significant (higher in metaphorical) but small effect
Active_GI_adverbs,0.08912721142627972,0.2627488039650839,0.42000717572412705,Not significant
Passive_GI_adverbs,0.136394388706641,0.0914970362377327,0.8886998404496312,Not significant
Pleasur_GI_adverbs,-0.10522397914634032,0.19688506545078854,0.026073209441629584,Significant (higher in literal) but small effect
Pain_GI_adverbs,0.06872449669652926,0.4102706447437574,0.08069631981523874,Not significant
Feel_GI_adverbs,-0.1162476387438182,0.15764896365130224,0.15729920705028502,Not significant
Arousal_GI_adverbs,-0.08608848540631495,0.2850216928051512,4.494699403705795e-06,Significant (higher in literal) but small effect
Emot_GI_adverbs,0.17099451876537114,0.03436489247110043,0.7812943501086803,Not significant
Virtue_GI_adverbs,0.07780621073316091,0.34508104736666756,0.5325491605329122,Not significant
Vice_GI_adverbs,0.1770564517792445,0.03672560606867258,0.16309900700102786,Not significant
Ovrst_GI_adverbs,0.4441764408781472,5.130634499883016e-08,3.4057174391428637e-08,Significant (higher in metaphorical) but small effect
Undrst_GI_adverbs,0.03599867596412393,0.6668325193303861,0.7071497354413345,Not significant
Academ_GI_adverbs,0.0308322055592663,0.7110792688632178,0.04914873763745866,Significant (higher in metaphorical) but small effect
Doctrin_GI_adverbs,0.06465734935445219,0.43336966712774627,0.036220054743845584,Significant (higher in metaphorical) but small effect
Econ_2_GI_adverbs,-0.061332707059352926,0.4620547983817379,0.00012640211693357612,Significant (higher in literal) but small effect
Exch_GI_adverbs,-0.15957679013720444,0.03942812942845187,4.371850576538418e-08,Significant (higher in literal) but small effect
Econ_GI_adverbs,0.05503002690132325,0.5025769166202267,0.00016289732683145148,Significant (higher in metaphorical) but small effect
Exprsv_GI_adverbs,-0.010867750162075522,0.895304826248041,0.04950085064468008,Significant (higher in literal) but small effect
Legal_GI_adverbs,0.20027488282047462,0.012071073175662847,0.0539847066519744,Not significant
Milit_GI_adverbs,-0.1329625971819594,0.10605097626666583,0.017960477526078766,Significant (higher in literal) but small effect
Polit_2_GI_adverbs,-0.06846456254352448,0.3995693744161981,1.1599749911026811e-07,Significant (higher in literal) but small effect
Polit_GI_adverbs,0.09827916484134736,0.23338337480557392,8.842546851163919e-05,Significant (higher in metaphorical) but small effect
Relig_GI_adverbs,0.09826914656778216,0.2323025001773223,0.20262160771231197,Not significant
Role_GI_adverbs,-0.003064485801976216,0.9706995926015796,7.45853708192128e-06,Significant (higher in literal) but small effect
Coll_GI_adverbs,-0.005355688996256191,0.9479893008185896,0.0001746636593725289,Significant (higher in literal) but small effect
Work_GI_adverbs,0.11024158821965432,0.18179511978038573,0.22965822402831382,Not significant
Ritual_GI_adverbs,0.07477661367512972,0.37446985894224605,0.25585515001583414,Not significant
Socrel_GI_adverbs,0.13376682353148323,0.09522548974380171,0.25687370072859217,Not significant
Race_GI_adverbs,0.06865682456349445,0.4042296098276118,0.05034679506473419,Not significant
Kin_2_GI_adverbs,-0.09912441100707478,0.228248059056597,0.17971249487899976,Not significant
Male_GI_adverbs,-0.08676324879921127,0.2915995227952486,0.027712279025159783,Significant (higher in literal) but small effect
Female_GI_adverbs,-0.036949936979686626,0.6538752664457375,0.6114529869535043,Not significant
Nonadlt_GI_adverbs,-0.12756312338148248,0.12119329064703284,0.14412703481601533,Not significant
Hu_GI_adverbs,-0.008649316805342838,0.9177360807173653,9.978150161442349e-06,Significant (higher in literal) but small effect
Ani_GI_adverbs,-0.11096470422193855,0.1773989869637061,0.17971249487899976,Not significant
Place_GI_adverbs,-0.02814355829919967,0.7352006046164461,0.00680240859262623,Significant (higher in literal) but small effect
Social_GI_adverbs,0.0325290720550514,0.6958837772519466,0.027753756912910245,Significant (higher in metaphorical) but small effect
Region_GI_adverbs,0.004944916142324251,0.9529185451114632,0.0011969501488621021,Significant (higher in metaphorical) but small effect
Route_GI_adverbs,0.0,,,Not significant
Aquatic_GI_adverbs,-0.08213015623531818,0.3181272857087713,0.31731050786291415,Not significant
Land_GI_adverbs,-0.12912642286460158,0.11745151683444914,0.0001825329924847753,Significant (higher in literal) but small effect
Sky_GI_adverbs,0.0,,,Not significant
Object_GI_adverbs,-0.23545624754685615,0.004594770274644575,8.815242502014456e-05,Significant (higher in literal) but small effect
Tool_GI_adverbs,-0.23488325689495956,0.004654005518326576,8.790070380013854e-05,Significant (higher in literal) but small effect
Food_GI_adverbs,0.05168377138389619,0.511601487822955,0.15771316657911527,Not significant
Vehicle_GI_adverbs,-0.11140993875273614,0.1699231229502016,0.07308805902462971,Not significant
Bldgpt_GI_adverbs,0.024092753077318584,0.7706546212647261,0.00015243780896537795,Significant (higher in metaphorical) but small effect
Comnobj_GI_adverbs,-0.12650892590642848,0.12410898044428781,0.10880943004054568,Not significant
Natobj_GI_adverbs,-0.11952914497667316,0.107603350719605,0.00028441947198294204,Significant (higher in literal) but small effect
Bodypt_GI_adverbs,0.14218272467926293,0.07308642842072728,0.21163774915965594,Not significant
Comform_GI_adverbs,0.1608770173229621,0.0549958991310603,0.37206035707124874,Not significant
Com_GI_adverbs,0.2229077960012078,0.007482813242578979,0.7690396574061742,Not significant
Say_GI_adverbs,0.0,,,Not significant
Need_GI_adverbs,0.12219699560964695,0.13123779364321284,0.6574591011752957,Not significant
Goal_GI_adverbs,0.0,,,Not significant
Try_GI_adverbs,-0.000519879522272238,0.9949337190953252,1.7417798181688245e-06,Significant (higher in literal) but small effect
Means_GI_adverbs,0.14096502550934337,0.08837810406676372,0.5443545582600418,Not significant
Persist_GI_adverbs,0.2004273679142548,0.005378911827973138,0.013269252995497919,Significant (higher in metaphorical) but small effect
Complet_GI_adverbs,-0.047612025308590114,0.532346266084923,0.030634958448440296,Significant (higher in literal) but small effect
Fail_GI_adverbs,0.1442808321691195,0.06916739691565352,0.19120670177239896,Not significant
Natrpro_GI_adverbs,0.013163728041929598,0.8728481757119508,0.2792627277631512,Not significant
Begin_GI_adverbs,-0.01987965936380914,0.8119193144233839,0.09921132068805567,Not significant
Vary_GI_adverbs,-0.14066577902680266,0.08856842949947201,0.0004874861589526083,Significant (higher in literal) but small effect
Increas_GI_adverbs,0.09681354408174446,0.2360853103694351,0.11623037029977598,Not significant
Decreas_GI_adverbs,-0.1714429607251504,0.03790283404860516,0.00010664088949447841,Significant (higher in literal) but small effect
Finish_GI_adverbs,0.010045010879221043,0.9018568405053813,0.010222593019949577,Significant (higher in metaphorical) but small effect
Stay_GI_adverbs,-0.05732191930295652,0.49008285907056426,0.02271621597962545,Significant (higher in literal) but small effect
Rise_GI_adverbs,0.0,,,Not significant
Exert_GI_adverbs,-0.11821530993443752,0.1538141567452086,0.0004234357706098343,Significant (higher in literal) but small effect
Fetch_GI_adverbs,-0.14946375783678265,0.0346259676340845,0.0020662274251935626,Significant (higher in literal) but small effect
Travel_GI_adverbs,0.10850548529582531,0.18261053094379132,0.6836688621328455,Not significant
Fall_GI_adverbs,-0.13759108239877305,0.08576552197945858,0.006502100570241111,Significant (higher in literal) but small effect
Think_GI_adverbs,-0.14808602824460515,0.07198862482620763,0.012063323418854825,Significant (higher in literal) but small effect
Know_GI_adverbs,0.15200287595928808,0.05535970879938667,0.23704000264526226,Not significant
Causal_GI_adverbs,-0.019841350964986265,0.8130536207125996,0.38659922199721586,Not significant
Ought_GI_adverbs,0.15141865548331193,0.06412271062155489,0.42637595733692935,Not significant
Perceiv_GI_adverbs,-0.00987201341927969,0.9052310846064268,0.0035590262285451393,Significant (higher in literal) but small effect
Compare_GI_adverbs,0.08465770078977665,0.2978462689932318,0.0761870390540117,Not significant
Eval_2_GI_adverbs,-0.06840636602779132,0.39824172191689766,4.6316110765685356e-05,Significant (higher in literal) but small effect
Eval_GI_adverbs,0.1984787272909539,0.014756485216251532,0.05048919353746687,Not significant
Solve_GI_adverbs,0.19845714166455886,0.017760616857710805,0.8790524774267092,Not significant
Abs_2_GI_adverbs,0.11689816263546007,0.15931089063691503,0.6633709941769136,Not significant
Abs_GI_adverbs,0.20401855233412008,0.012470183879112681,0.7614835288522488,Not significant
Quality_GI_adverbs,0.030798232012123422,0.7025564290561994,0.8024942942141675,Not significant
Quan_GI_adverbs,0.035400810184210346,0.6705392579162514,0.6664363209962726,Not significant
Numb_GI_adverbs,-0.05889158424497158,0.4830723519261795,0.03109338256057523,Significant (higher in literal) but small effect
Ord_GI_adverbs,-0.062424138846684296,0.4615391548616682,0.02611804468188062,Significant (higher in literal) but small effect
Card_GI_adverbs,0.04196955628839033,0.60136697781432,0.055077988871842,Not significant
Freq_GI_adverbs,0.13933501845916585,0.08532265466085603,0.02093578080413096,Significant (higher in metaphorical) but small effect
Dist_GI_adverbs,0.0,,,Not significant
Time_2_GI_adverbs,0.3474620921935884,4.1588808302451e-06,7.7279404266326e-08,Significant (higher in metaphorical) but small effect
Time_GI_adverbs,0.09066927189418103,0.268690125931632,0.025753872440057127,Significant (higher in metaphorical) but small effect
Space_GI_adverbs,0.3584651573920783,1.0854711419736245e-05,5.857851904845257e-05,Significant (higher in metaphorical) but small effect
Pos_GI_adverbs,0.011534102156613601,0.8925816688930975,0.18035698670417843,Not significant
Dim_GI_adverbs,0.22274994522820185,0.006291871291853368,0.6665373507560857,Not significant
Rel_GI_adverbs,-0.012502346917999833,0.8808391498434327,0.0730140093234476,Not significant
Color_GI_adverbs,-0.1668054161482334,0.043189458788405716,0.04085984371280629,Significant (higher in literal) but small effect
Self_GI_adverbs,-0.08213015623531832,0.3181272857087713,0.31731050786291415,Not significant
Our_GI_adverbs,0.0,,,Not significant
You_GI_adverbs,0.0,,,Not significant
Name_GI_adverbs,0.11026462617990765,0.1831510792031583,0.002991907350156389,Significant (higher in metaphorical) but small effect
Yes_GI_adverbs,-0.017808225828297823,0.8252748212736815,0.17438817685488062,Not significant
No_GI_adverbs,0.17532283311831004,0.035253348725634175,0.40924343275484987,Not significant
Negate_GI_adverbs,-0.42500724295191206,2.5099863749659444e-07,2.1788700177229837e-06,Significant (higher in literal) but small effect
Intrj_GI_adverbs,-0.050246417048518066,0.555982293144885,0.31204266125698643,Not significant
Iav_GI_adverbs,0.07003684786577748,0.3928357688540206,0.6478885273466324,Not significant
Dav_GI_adverbs,-0.050482948997728525,0.5603639007381664,0.008344082280894297,Significant (higher in literal) but small effect
Sv_GI_adverbs,0.16847177716108025,0.03751717097190082,0.8558740259882155,Not significant
Ipadj_GI_adverbs,0.12090095255546043,0.14187290879615314,0.3139380937749148,Not significant
Indadj_GI_adverbs,0.050947890241643215,0.5362700849340543,0.005657880051615342,Significant (higher in metaphorical) but small effect
Powgain_Lasswell_adverbs,0.15215759437504406,0.05485633413719275,0.1667151219425702,Not significant
Powloss_Lasswell_adverbs,0.14549126741691715,0.06651900844264018,0.1826340034848576,Not significant
Powends_Lasswell_adverbs,0.0,,,Not significant
Powaren_Lasswell_adverbs,-0.15552311600323188,0.05869964776137258,0.06559969214707187,Not significant
Powcon_Lasswell_adverbs,0.06974925453849197,0.39889564881828476,0.1454233890972766,Not significant
Powcoop_Lasswell_adverbs,-0.12983867952867734,0.11927911683050889,0.0002472665153291678,Significant (higher in literal) but small effect
Powaupt_Lasswell_adverbs,-0.13424018888941638,0.10275823477945652,0.027991815485665747,Significant (higher in literal) but small effect
Powpt_Lasswell_adverbs,-0.12160668871380453,0.141132232334755,0.00126913256558041,Significant (higher in literal) but small effect
Powdoct_Lasswell_adverbs,-0.11366877908836676,0.12576587464824035,0.0004242056861171181,Significant (higher in literal) but small effect
Powauth_Lasswell_adverbs,0.030765224508260778,0.7089181433592595,0.23588521058805278,Not significant
Powoth_Lasswell_adverbs,0.018566375214989023,0.8215429849073665,0.00043156053267097297,Significant (higher in metaphorical) but small effect
Powtot_Lasswell_adverbs,0.012001439914006543,0.8692014875835159,0.9892813338836561,Not significant
Rcethic_Lasswell_adverbs,0.2138849744134027,0.0075760374948891,0.03657475697977404,Significant (higher in metaphorical) but small effect
Rcrelig_Lasswell_adverbs,-0.09401786513488675,0.2531165047793386,0.17971249487899976,Not significant
Rcgain_Lasswell_adverbs,0.14422294227644505,0.08120336886790777,0.2515153338916448,Not significant
Rcloss_Lasswell_adverbs,0.0,,,Not significant
Rcends_Lasswell_adverbs,-0.1547978611074322,0.06089380109525828,0.002026287940515665,Significant (higher in literal) but small effect
Rctot_Lasswell_adverbs,0.23656381416260763,0.0037233282625016083,0.01176575250512385,Significant (higher in metaphorical) but small effect
Rspgain_Lasswell_adverbs,0.05756144181856708,0.46330941392904557,0.0063670047636451175,Significant (higher in metaphorical) but small effect
Rsploss_Lasswell_adverbs,-0.0816140228279007,0.31307369331345836,0.017993664699388373,Significant (higher in literal) but small effect
Rspoth_Lasswell_adverbs,0.018150667301414382,0.8250034458337544,7.843755356514223e-05,Significant (higher in metaphorical) but small effect
Rsptot_Lasswell_adverbs,0.05355024755480575,0.5012312608307975,0.0016126024595718672,Significant (higher in metaphorical) but small effect
Affgain_Lasswell_adverbs,-0.11617240108238344,0.15791803110813207,0.17971249487899976,Not significant
Affloss_Lasswell_adverbs,0.05148353434102411,0.5338427624662827,0.010797668709647303,Significant (higher in metaphorical) but small effect
Affpt_Lasswell_adverbs,0.00015332560437773238,0.9985164771544774,0.1091212854742424,Not significant
Affoth_Lasswell_adverbs,0.034939269490609465,0.6733794747543891,0.032240249343644355,Significant (higher in metaphorical) but small effect
Afftot_Lasswell_adverbs,0.06254153574656282,0.439831051239853,0.0579581306522906,Not significant
Wltpt_Lasswell_adverbs,-0.11614367471146132,0.15802085503125574,0.17971249487899976,Not significant
Wlttran_Lasswell_adverbs,0.0,,,Not significant
Wltoth_Lasswell_adverbs,-0.17905056791299806,0.029734364497213103,2.0587165239906598e-07,Significant (higher in literal) but small effect
Wlttot_Lasswell_adverbs,-0.1792173438632813,0.029582883363948067,1.9700796664427435e-07,Significant (higher in literal) but small effect
Wlbgain_Lasswell_adverbs,-0.08391148052626755,0.3077750220682786,0.28504940740261275,Not significant
Wlbloss_Lasswell_adverbs,0.09927656935189119,0.23503588657190413,0.07577230813158956,Not significant
Wlbphys_Lasswell_adverbs,-0.25024956833469303,0.0026554196351211957,3.0213053001018437e-05,Significant (higher in literal) but small effect
Wlbpsyc_Lasswell_adverbs,0.06885077751515306,0.4084061635986781,0.087762426554932,Not significant
Wlbpt_Lasswell_adverbs,0.03273755690779442,0.691167177260047,0.4982248534183389,Not significant
Wlbtot_Lasswell_adverbs,-0.22574477693431566,0.0070324542146358495,0.00016468543116255805,Significant (higher in literal) but small effect
Enlgain_Lasswell_adverbs,0.1130908561372233,0.16954353705878875,0.04875325987502055,Significant (higher in metaphorical) but small effect
Enlloss_Lasswell_adverbs,0.032359917779817116,0.691747689592505,1.1854714110187464e-05,Significant (higher in metaphorical) but small effect
Enlends_Lasswell_adverbs,-0.13118128873712798,0.11081338597956453,0.10247043485974937,Not significant
Enlpt_Lasswell_adverbs,-0.11624763874381822,0.15764896365130224,0.15729920705028502,Not significant
Enloth_Lasswell_adverbs,0.0311533533665772,0.7113456228293392,0.01978287390597686,Significant (higher in metaphorical) but small effect
Enltot_Lasswell_adverbs,0.08045306806324656,0.3360463668663892,0.05727677311605745,Not significant
Sklasth_Lasswell_adverbs,0.05730393724558105,0.4873659471090398,0.2477486327904176,Not significant
Sklpt_Lasswell_adverbs,0.08075985683185805,0.3262964027184245,0.5929800980174267,Not significant
Skloth_Lasswell_adverbs,0.047288574271353745,0.5673294153367894,0.027482039322075966,Significant (higher in metaphorical) but small effect
Skltot_Lasswell_adverbs,0.05134518229745656,0.531440267376994,0.04256074509481368,Significant (higher in metaphorical) but small effect
Trngain_Lasswell_adverbs,0.10554769591189044,0.19826225714815662,0.19203865934449726,Not significant
Trnloss_Lasswell_adverbs,0.009578683765874847,0.9078405321489965,0.001327084824893748,Significant (higher in metaphorical) but small effect
Tranlw_Lasswell_adverbs,-0.25913425479668845,0.0018679466675442181,2.0188650682132663e-05,Significant (higher in literal) but small effect
Meanslw_Lasswell_adverbs,0.07148639611287423,0.38861170881469376,0.021781083975167048,Significant (higher in metaphorical) but small effect
Endslw_Lasswell_adverbs,0.26665905694591985,0.000753820828574331,0.03711988449343671,Significant (higher in metaphorical) but small effect
Arenalw_Lasswell_adverbs,-0.1561949430592406,0.05884728290677923,1.017673291056001e-06,Significant (higher in literal) but small effect
Ptlw_Lasswell_adverbs,-0.11664457127017411,0.15628246678835317,0.010862224704815628,Significant (higher in literal) but small effect
Nation_Lasswell_adverbs,0.09381080145278718,0.2542936522308531,0.41279519225066696,Not significant
Anomie_Lasswell_adverbs,-0.08213015623531819,0.31812728570877113,0.31731050786291415,Not significant
Negaff_Lasswell_adverbs,0.11545768407004481,0.16098537653593495,0.836128347431814,Not significant
Posaff_Lasswell_adverbs,-0.24414904583065553,0.0031952726511479974,0.00012822536639801448,Significant (higher in literal) but small effect
Surelw_Lasswell_adverbs,0.21582933872958,0.00595035513592229,0.010935709019737366,Significant (higher in metaphorical) but small effect
If_Lasswell_adverbs,-0.0558779490619397,0.4884343146039397,0.054821335128761306,Not significant
Notlw_Lasswell_adverbs,-0.46928305901420714,7.619941160417762e-09,6.93120311421422e-08,Significant (higher in literal) but small effect
Timespc_Lasswell_adverbs,0.3923724855063868,4.5951549991429743e-07,1.2260763327089292e-08,Significant (higher in metaphorical) but small effect
formlw_Lasswell_adverbs,0.18735887279191643,0.0241997141091606,0.2713222911660239,Not significant
negative_adjectives_component,0.1998106846632976,0.014097964124083305,0.017988826435052195,Significant (higher in metaphorical) but small effect
social_order_component,0.3372594985017525,1.95586299175402e-05,5.891503262790591e-05,Significant (higher in metaphorical) but small effect
action_component,0.14119562456794243,0.06574095066256602,0.07173458711716432,Not significant
positive_adjectives_component,-0.08291857469461798,0.2770929509548429,0.3005529278043584,Not significant
joy_component,0.08793163317047825,0.24475271674698454,0.4489828389584727,Not significant
affect_friends_and_family_component,0.21797167386700134,0.003960517330919199,0.03526834847661775,Significant (higher in metaphorical) but small effect
fear_and_digust_component,0.2061120201147205,0.00885433264455863,0.011409680553788328,Significant (higher in metaphorical) but small effect
politeness_component,0.02450396821639565,0.7414579007846407,0.8853966954175104,Not significant
polarity_nouns_component,-0.06105722947349286,0.4324490307404567,0.07410785290831738,Not significant
polarity_verbs_component,-0.2477628137890359,0.0024444943739921274,0.008594346788682629,Significant (higher in literal) but small effect
virtue_adverbs_component,0.2288605207795486,0.006328745921388472,0.011788330772016275,Significant (higher in metaphorical) but small effect
positive_nouns_component,-0.11366379422007042,0.1496044573411115,0.21705406591231424,Not significant
respect_component,0.08851144498544727,0.23803207954175878,0.2605741311151585,Not significant
trust_verbs_component,-0.30301585472428827,0.0001498993281653321,0.000608577795941548,Significant (higher in literal) but small effect
failure_component,0.34275073567943154,1.4698613664429035e-05,5.405437089259481e-05,Significant (higher in metaphorical) but small effect
well_being_component,-0.030990513116004488,0.6627819617959032,0.4053825778786494,Not significant
economy_component,0.008452563171094139,0.9091931778324538,0.8683660880462862,Not significant
certainty_component,0.17208512692303124,0.021375961379994927,0.023998155633383506,Significant (higher in metaphorical) but small effect
positive_verbs_component,-0.29378919159569894,0.00027665447803516347,0.0012034443286687733,Significant (higher in literal) but small effect
objects_component,0.0893210442807194,0.21835072419308663,0.38511985261288106,Not significant
