vo_pair,mean_abs_diff,lemma_ttr,lexical_density_tokens,content_ttr,function_mattr,noun_ttr,verb_ttr,adj_ttr,adv_ttr,prp_ttr,argument_ttr,bigram_lemma_ttr,trigram_lemma_ttr,adjacent_overlap_binary_all_sent,adjacent_overlap_binary_2_all_sent,adjacent_overlap_cw_sent,adjacent_overlap_binary_cw_sent,adjacent_overlap_2_cw_sent,adjacent_overlap_binary_fw_sent,adjacent_overlap_2_fw_sent,adjacent_overlap_binary_2_fw_sent,adjacent_overlap_binary_noun_sent,adjacent_overlap_binary_2_noun_sent,adjacent_overlap_verb_sent_div_seg,adjacent_overlap_binary_verb_sent,adjacent_overlap_2_verb_sent,adjacent_overlap_2_verb_sent_div_seg,adjacent_overlap_binary_2_verb_sent,adjacent_overlap_adv_sent,adjacent_overlap_adv_sent_div_seg,adjacent_overlap_binary_adv_sent,adjacent_overlap_2_adv_sent,adjacent_overlap_2_adv_sent_div_seg,adjacent_overlap_binary_2_adv_sent,adjacent_overlap_pronoun_sent,adjacent_overlap_pronoun_sent_div_seg,adjacent_overlap_binary_pronoun_sent,adjacent_overlap_2_pronoun_sent,adjacent_overlap_2_pronoun_sent_div_seg,adjacent_overlap_binary_2_pronoun_sent,adjacent_overlap_argument_sent,adjacent_overlap_binary_argument_sent,adjacent_overlap_binary_2_argument_sent,adjacent_overlap_cw_para,adjacent_overlap_cw_para_div_seg,adjacent_overlap_2_cw_para,adjacent_overlap_2_cw_para_div_seg,adjacent_overlap_verb_para_div_seg,adjacent_overlap_binary_verb_para,adjacent_overlap_2_verb_para,adjacent_overlap_2_verb_para_div_seg,adjacent_overlap_binary_2_verb_para,adjacent_overlap_binary_2_adj_para,adjacent_overlap_adv_para,adjacent_overlap_adv_para_div_seg,adjacent_overlap_binary_adv_para,adjacent_overlap_2_adv_para,adjacent_overlap_2_adv_para_div_seg,adjacent_overlap_binary_2_adv_para,adjacent_overlap_pronoun_para,adjacent_overlap_pronoun_para_div_seg,adjacent_overlap_binary_pronoun_para,adjacent_overlap_2_pronoun_para,adjacent_overlap_2_pronoun_para_div_seg,adjacent_overlap_binary_2_pronoun_para,adjacent_overlap_argument_para,adjacent_overlap_argument_para_div_seg,syn_overlap_sent_noun,syn_overlap_sent_verb,syn_overlap_para_noun,syn_overlap_para_verb,disjunctions,lexical_subordinators,reason_and_purpose,all_demonstratives,attended_demonstratives,unattended_demonstratives,all_additive,all_logical,positive_logical,all_negative,pronoun_density,pronoun_noun_ratio,repeated_content_lemmas,repeated_content_and_pronoun_lemmas,lexical_density_types,function_ttr,adjacent_overlap_all_sent,adjacent_overlap_all_sent_div_seg,adjacent_overlap_2_all_sent,adjacent_overlap_2_all_sent_div_seg,adjacent_overlap_binary_2_cw_sent,adjacent_overlap_fw_sent_div_seg,adjacent_overlap_verb_sent,adjacent_overlap_2_adj_sent,adjacent_overlap_2_adj_sent_div_seg,adjacent_overlap_binary_2_adj_sent,adjacent_overlap_all_para,adjacent_overlap_all_para_div_seg,adjacent_overlap_2_all_para,adjacent_overlap_2_all_para_div_seg,adjacent_overlap_fw_para_div_seg,adjacent_overlap_binary_fw_para,adjacent_overlap_2_fw_para_div_seg,adjacent_overlap_2_noun_para,adjacent_overlap_verb_para,adjacent_overlap_2_adj_para,adjacent_overlap_2_adj_para_div_seg,lsa_2_all_para,lda_1_all_sent,lda_2_all_sent,lda_1_all_para,basic_connectives,conjunctions,addition,positive_causal,opposition,negative_logical,all_temporal,positive_intentional,all_positive,all_connective,lemma_mattr,adjacent_overlap_cw_sent_div_seg,adjacent_overlap_2_cw_sent_div_seg,adjacent_overlap_fw_sent,adjacent_overlap_fw_para,adjacent_overlap_2_fw_para,adjacent_overlap_noun_para_div_seg,adjacent_overlap_2_noun_para_div_seg,lsa_1_all_sent,lsa_1_all_para,coordinating_conjuncts,all_causal,determiners,adjacent_overlap_2_fw_sent_div_seg,adjacent_overlap_noun_sent,adjacent_overlap_2_noun_sent,adjacent_overlap_adj_sent,adjacent_overlap_adj_sent_div_seg,adjacent_overlap_binary_adj_sent,adjacent_overlap_argument_sent_div_seg,adjacent_overlap_2_argument_sent_div_seg,adjacent_overlap_noun_para,adjacent_overlap_adj_para,adjacent_overlap_adj_para_div_seg,adjacent_overlap_binary_adj_para,adjacent_overlap_2_argument_para_div_seg,lda_2_all_para,word2vec_1_all_sent,word2vec_2_all_sent,word2vec_1_all_para,word2vec_2_all_para,sentence_linking,order,adjacent_overlap_noun_sent_div_seg,adjacent_overlap_2_noun_sent_div_seg,lsa_2_all_sent,adjacent_overlap_binary_noun_para,adjacent_overlap_binary_argument_para,adjacent_overlap_2_argument_sent,adjacent_overlap_binary_cw_para,adjacent_overlap_2_argument_para,adjacent_overlap_binary_all_para,adjacent_overlap_binary_2_fw_para,adjacent_overlap_binary_2_noun_para,adjacent_overlap_binary_2_argument_para,adjacent_overlap_binary_2_cw_para,adjacent_overlap_binary_2_all_para
assimilate idea / absorb idea,0.5148885066585063,higher in literal,higher in literal,higher in literal,higher in metaphorical,higher in literal,higher in literal,higher in literal,higher in literal,higher in literal,higher in literal,higher in literal,higher in literal,higher in literal,higher in literal,higher in metaphorical,higher in literal,higher in metaphorical,higher in literal,higher in literal,higher in literal,higher in literal,higher in literal,higher in metaphorical,higher in metaphorical,higher in metaphorical,higher in metaphorical,higher in metaphorical,higher in metaphorical,higher in metaphorical,higher in metaphorical,higher in metaphorical,higher in metaphorical,higher in metaphorical,higher in metaphorical,higher in metaphorical,higher in metaphorical,higher in metaphorical,higher in metaphorical,higher in metaphorical,higher in metaphorical,higher in literal,higher in literal,higher in metaphorical,higher in metaphorical,higher in metaphorical,higher in metaphorical,higher in metaphorical,higher in metaphorical,higher in metaphorical,higher in metaphorical,higher in metaphorical,higher in metaphorical,higher in metaphorical,higher in metaphorical,higher in metaphorical,higher in metaphorical,higher in metaphorical,higher in metaphorical,higher in metaphorical,higher in metaphorical,higher in metaphorical,higher in metaphorical,higher in metaphorical,higher in metaphorical,higher in metaphorical,higher in metaphorical,higher in literal,higher in metaphorical,higher in literal,higher in metaphorical,higher in metaphorical,higher in metaphorical,higher in literal,higher in metaphorical,higher in literal,higher in metaphorical,higher in metaphorical,higher in metaphorical,higher in metaphorical,higher in metaphorical,higher in metaphorical,higher in metaphorical,higher in metaphorical,higher in metaphorical,,,,,,,,,,,,,,,,,,,,,,,,,,,,,,,,,,,,,,,,,,,,,,,,,,,,,,,,,,,,,,,,,,,,,,,,,,,,,,,,,,,,
assimilate material / absorb material,0.5370643052164079,higher in literal,higher in metaphorical,higher in literal,,higher in literal,higher in literal,higher in literal,higher in literal,higher in literal,higher in literal,higher in literal,higher in literal,,higher in metaphorical,,,,,,higher in metaphorical,,,higher in literal,higher in literal,higher in literal,higher in literal,higher in literal,,,,,,,,,,higher in metaphorical,,,,,,,,higher in literal,,higher in literal,higher in literal,higher in literal,higher in literal,higher in literal,higher in literal,,,,,,,,,,higher in metaphorical,,,,,higher in metaphorical,higher in literal,higher in metaphorical,higher in literal,higher in metaphorical,higher in metaphorical,higher in metaphorical,,,,higher in literal,,,,higher in literal,higher in literal,higher in metaphorical,higher in metaphorical,higher in metaphorical,higher in literal,higher in literal,higher in literal,higher in literal,higher in literal,higher in metaphorical,higher in literal,higher in literal,higher in literal,higher in literal,higher in literal,higher in literal,higher in literal,higher in literal,higher in literal,higher in literal,higher in literal,higher in literal,higher in literal,higher in literal,higher in literal,higher in literal,higher in literal,higher in literal,higher in literal,higher in literal,higher in literal,higher in literal,higher in literal,higher in literal,higher in literal,higher in literal,higher in metaphorical,higher in literal,higher in literal,higher in literal,,,,,,,,,,,,,,,,,,,,,,,,,,,,,,,,,,,,,,,,,,,,,,,
assimilate lesson / absorb lesson,0.6452790578176844,higher in literal,,higher in literal,higher in metaphorical,higher in literal,higher in literal,higher in literal,higher in literal,higher in literal,higher in literal,higher in literal,higher in literal,higher in metaphorical,higher in metaphorical,,,higher in literal,,higher in literal,higher in literal,higher in metaphorical,,higher in metaphorical,higher in metaphorical,higher in metaphorical,higher in metaphorical,higher in metaphorical,higher in literal,higher in literal,higher in literal,higher in literal,higher in literal,higher in literal,higher in literal,,,,,,,higher in metaphorical,higher in metaphorical,higher in literal,higher in literal,higher in literal,higher in literal,higher in metaphorical,higher in metaphorical,higher in metaphorical,higher in metaphorical,higher in metaphorical,,,higher in literal,higher in literal,,higher in literal,higher in literal,higher in literal,,,higher in literal,,,higher in literal,higher in literal,higher in literal,higher in metaphorical,higher in literal,higher in metaphorical,,higher in metaphorical,higher in metaphorical,,higher in literal,higher in metaphorical,,,higher in literal,higher in metaphorical,higher in metaphorical,higher in metaphorical,higher in metaphorical,higher in metaphorical,higher in metaphorical,higher in literal,higher in literal,higher in literal,higher in literal,,,higher in literal,higher in metaphorical,,,,higher in literal,higher in literal,higher in literal,higher in literal,higher in literal,higher in literal,,,higher in metaphorical,,,,,,higher in literal,,,,higher in literal,,higher in metaphorical,,higher in metaphorical,higher in literal,,higher in metaphorical,higher in literal,higher in literal,higher in literal,higher in literal,higher in literal,higher in literal,higher in literal,higher in literal,higher in literal,higher in literal,higher in literal,higher in literal,,,,,,,,,,,,,,,,,,,,,,,,,,,,,,,,,,
assimilate fact / absorb fact,0.6371740791161637,higher in literal,,higher in literal,,,higher in literal,higher in literal,higher in literal,higher in literal,higher in literal,higher in literal,higher in literal,,,higher in metaphorical,higher in literal,,,,,higher in literal,higher in literal,higher in metaphorical,higher in metaphorical,,,,,,higher in metaphorical,higher in literal,higher in literal,,higher in metaphorical,higher in metaphorical,higher in metaphorical,,,,,higher in literal,higher in literal,higher in metaphorical,,,,higher in metaphorical,higher in metaphorical,higher in metaphorical,,,,,,higher in metaphorical,higher in literal,higher in literal,,higher in metaphorical,higher in metaphorical,higher in metaphorical,,,,,,,higher in metaphorical,,higher in metaphorical,higher in literal,higher in metaphorical,higher in literal,higher in metaphorical,,higher in metaphorical,higher in literal,higher in literal,higher in literal,,higher in metaphorical,higher in metaphorical,higher in metaphorical,higher in metaphorical,higher in metaphorical,higher in literal,higher in metaphorical,,higher in metaphorical,higher in literal,higher in literal,higher in metaphorical,higher in metaphorical,,,,higher in metaphorical,higher in metaphorical,,higher in literal,higher in metaphorical,,,higher in metaphorical,higher in metaphorical,,,,higher in metaphorical,higher in metaphorical,higher in metaphorical,higher in literal,,,higher in literal,,higher in metaphorical,higher in literal,higher in metaphorical,higher in literal,higher in literal,,,higher in literal,higher in metaphorical,higher in metaphorical,,,,,,higher in literal,,higher in metaphorical,higher in literal,higher in metaphorical,higher in metaphorical,higher in literal,higher in literal,higher in literal,higher in literal,higher in literal,higher in metaphorical,higher in literal,higher in literal,higher in literal,higher in literal,higher in metaphorical,higher in literal,higher in literal,higher in literal,higher in literal,higher in literal,higher in literal,,,,,,,,,,,,,,
assimilate content / absorb content,0.9237371508819662,higher in literal,,higher in literal,higher in metaphorical,,higher in literal,,higher in literal,higher in literal,higher in literal,,,,,higher in literal,,higher in literal,,higher in literal,higher in metaphorical,,,,higher in metaphorical,higher in literal,higher in literal,,higher in literal,higher in literal,higher in literal,higher in literal,higher in literal,higher in literal,higher in metaphorical,higher in metaphorical,higher in metaphorical,higher in metaphorical,higher in metaphorical,higher in metaphorical,higher in literal,,,higher in literal,higher in literal,higher in literal,higher in literal,,higher in metaphorical,higher in literal,higher in literal,,,higher in literal,higher in literal,higher in literal,higher in literal,higher in literal,higher in literal,higher in metaphorical,higher in metaphorical,higher in metaphorical,higher in metaphorical,higher in metaphorical,higher in metaphorical,higher in literal,higher in literal,higher in literal,,higher in literal,,higher in metaphorical,,,,higher in literal,higher in metaphorical,,,,,,,higher in metaphorical,higher in metaphorical,higher in metaphorical,higher in literal,higher in literal,higher in literal,higher in literal,higher in literal,higher in literal,higher in literal,,higher in literal,higher in literal,,higher in literal,higher in literal,higher in literal,higher in literal,higher in literal,higher in literal,higher in literal,higher in literal,,higher in literal,higher in literal,higher in literal,,,,,higher in literal,,,higher in literal,higher in literal,higher in metaphorical,higher in literal,,,higher in metaphorical,higher in literal,higher in literal,higher in literal,higher in literal,higher in literal,higher in literal,higher in literal,higher in literal,higher in literal,higher in literal,higher in literal,,higher in literal,higher in literal,higher in literal,higher in literal,higher in literal,higher in literal,higher in literal,,higher in literal,higher in literal,higher in literal,higher in literal,,,higher in literal,,higher in literal,,,higher in metaphorical,higher in literal,higher in literal,higher in literal,,,,,,,,,,,
assimilate experience / absorb experience,0.5020328251097006,,,,higher in metaphorical,,higher in literal,,,,,,higher in literal,higher in literal,,,higher in literal,,higher in literal,higher in literal,higher in literal,higher in literal,higher in literal,,,,,,,,,higher in literal,,higher in literal,,,,higher in literal,,higher in literal,,higher in literal,,,,,,,,,,,,higher in literal,higher in literal,higher in literal,higher in literal,,,higher in literal,,,higher in literal,higher in literal,higher in literal,,,higher in literal,,higher in literal,,higher in metaphorical,,higher in metaphorical,higher in literal,higher in literal,higher in literal,,higher in metaphorical,higher in metaphorical,,,,,,,,higher in literal,higher in literal,higher in literal,higher in literal,,higher in literal,,,,,higher in literal,higher in literal,higher in literal,higher in literal,higher in literal,,higher in literal,higher in literal,,,,,higher in literal,,higher in literal,,,,higher in metaphorical,,,,,higher in metaphorical,higher in metaphorical,higher in metaphorical,,,higher in literal,higher in literal,higher in literal,higher in literal,higher in literal,,,higher in literal,higher in metaphorical,higher in literal,higher in literal,,,,,,,,,,,,higher in literal,,higher in literal,,,,higher in metaphorical,higher in metaphorical,higher in literal,higher in literal,,higher in literal,higher in literal,,,,,,,,,
assimilate concept / absorb concept,0.7157627617782919,,,,higher in metaphorical,,higher in literal,,higher in literal,higher in literal,,,,higher in literal,higher in literal,higher in metaphorical,higher in metaphorical,higher in metaphorical,higher in literal,higher in literal,higher in literal,,higher in metaphorical,higher in metaphorical,higher in metaphorical,higher in metaphorical,higher in metaphorical,higher in metaphorical,higher in metaphorical,higher in metaphorical,higher in metaphorical,,,,higher in metaphorical,higher in metaphorical,higher in metaphorical,higher in metaphorical,higher in metaphorical,higher in metaphorical,higher in metaphorical,,,higher in metaphorical,higher in metaphorical,higher in metaphorical,higher in metaphorical,higher in metaphorical,higher in metaphorical,higher in metaphorical,higher in metaphorical,higher in metaphorical,higher in metaphorical,,,,,,,higher in metaphorical,higher in metaphorical,higher in metaphorical,higher in metaphorical,higher in metaphorical,higher in metaphorical,higher in metaphorical,higher in metaphorical,higher in literal,,higher in literal,,,higher in metaphorical,,higher in literal,higher in literal,,higher in metaphorical,higher in metaphorical,,,higher in metaphorical,higher in metaphorical,,,,,,higher in literal,,higher in literal,higher in metaphorical,higher in literal,higher in metaphorical,higher in metaphorical,higher in metaphorical,higher in metaphorical,,higher in literal,,higher in literal,higher in literal,higher in literal,higher in literal,higher in metaphorical,,higher in metaphorical,higher in metaphorical,,higher in metaphorical,,higher in metaphorical,,,,higher in literal,higher in metaphorical,,,,,,higher in metaphorical,higher in metaphorical,higher in metaphorical,higher in literal,higher in literal,higher in literal,,,,,,higher in literal,higher in literal,higher in literal,higher in metaphorical,higher in metaphorical,,,,higher in metaphorical,higher in metaphorical,higher in metaphorical,,,,higher in metaphorical,,higher in literal,higher in literal,higher in literal,,,higher in metaphorical,higher in metaphorical,,,,higher in metaphorical,higher in metaphorical,higher in metaphorical,higher in metaphorical,,,,,,
assimilate thought / absorb thought,0.5942073020407844,higher in literal,higher in literal,higher in literal,,higher in literal,higher in literal,higher in literal,higher in literal,higher in literal,higher in literal,higher in literal,higher in literal,,,,higher in metaphorical,,,higher in literal,,higher in metaphorical,higher in metaphorical,higher in metaphorical,higher in metaphorical,,,,higher in literal,higher in literal,higher in literal,,,,higher in literal,higher in literal,higher in literal,higher in literal,higher in literal,higher in literal,higher in literal,,,,,,,,higher in metaphorical,,,,,higher in literal,,,,,,higher in literal,higher in literal,higher in literal,higher in literal,higher in literal,higher in literal,higher in literal,higher in literal,higher in metaphorical,higher in metaphorical,,higher in metaphorical,,,higher in literal,,,,,higher in literal,higher in literal,,higher in literal,,higher in metaphorical,higher in metaphorical,higher in metaphorical,higher in literal,higher in literal,,higher in literal,,,higher in literal,,,,,higher in literal,higher in literal,higher in literal,higher in literal,higher in literal,,higher in literal,,,,,,,,,higher in metaphorical,higher in metaphorical,higher in metaphorical,,higher in metaphorical,,,,higher in metaphorical,higher in metaphorical,,,,higher in literal,higher in literal,higher in literal,,,,higher in metaphorical,higher in metaphorical,higher in metaphorical,,,higher in metaphorical,,,,,higher in literal,higher in literal,,,,,,,,,,,,,higher in metaphorical,,,,higher in literal,,,,,,,,,
pay fee / absorb fee,0.8316650232615553,higher in metaphorical,higher in metaphorical,higher in metaphorical,,higher in metaphorical,higher in metaphorical,higher in metaphorical,higher in metaphorical,higher in metaphorical,higher in metaphorical,higher in metaphorical,higher in metaphorical,higher in metaphorical,higher in metaphorical,,higher in metaphorical,,higher in metaphorical,higher in literal,higher in metaphorical,higher in metaphorical,higher in metaphorical,higher in literal,higher in literal,,higher in literal,higher in literal,,,higher in literal,higher in literal,,higher in literal,higher in literal,higher in literal,higher in literal,higher in literal,higher in literal,higher in literal,,higher in metaphorical,higher in metaphorical,,,,,higher in literal,higher in literal,higher in literal,higher in literal,higher in literal,,,,higher in literal,higher in literal,,higher in literal,higher in literal,higher in literal,higher in literal,higher in literal,higher in literal,higher in literal,,,,higher in literal,,higher in literal,higher in literal,higher in literal,higher in metaphorical,,higher in metaphorical,higher in literal,higher in literal,higher in literal,higher in literal,higher in literal,,,higher in literal,higher in literal,higher in literal,higher in metaphorical,higher in literal,higher in literal,higher in literal,higher in literal,,higher in literal,higher in literal,higher in metaphorical,,,higher in literal,higher in literal,higher in literal,higher in literal,higher in literal,,higher in literal,,,higher in metaphorical,,higher in metaphorical,higher in metaphorical,higher in metaphorical,higher in metaphorical,higher in literal,,higher in literal,higher in literal,,,,higher in literal,higher in literal,higher in literal,,,,higher in literal,higher in literal,higher in literal,higher in metaphorical,,higher in metaphorical,higher in metaphorical,higher in metaphorical,,,higher in literal,higher in metaphorical,,,,,,,,,,,,,higher in metaphorical,higher in metaphorical,higher in metaphorical,higher in metaphorical,,higher in literal,higher in metaphorical,,higher in metaphorical,,,,,,,,,,,
pay bill / absorb bill,1.5394194307908344,higher in metaphorical,higher in metaphorical,higher in metaphorical,higher in metaphorical,higher in metaphorical,higher in metaphorical,higher in metaphorical,higher in metaphorical,higher in metaphorical,higher in metaphorical,higher in metaphorical,higher in metaphorical,higher in metaphorical,higher in metaphorical,higher in metaphorical,higher in metaphorical,,higher in metaphorical,higher in literal,higher in metaphorical,higher in metaphorical,higher in metaphorical,higher in metaphorical,,higher in metaphorical,higher in metaphorical,,higher in literal,higher in literal,higher in literal,higher in literal,higher in literal,higher in literal,higher in literal,higher in literal,higher in literal,higher in metaphorical,,higher in metaphorical,higher in metaphorical,higher in metaphorical,higher in metaphorical,higher in metaphorical,higher in metaphorical,,higher in metaphorical,,,higher in metaphorical,higher in metaphorical,,higher in metaphorical,higher in literal,higher in literal,higher in literal,higher in literal,higher in literal,higher in literal,higher in literal,higher in literal,higher in literal,higher in metaphorical,,,higher in metaphorical,higher in metaphorical,higher in metaphorical,higher in literal,higher in metaphorical,higher in literal,higher in literal,higher in metaphorical,higher in literal,higher in metaphorical,higher in metaphorical,higher in metaphorical,higher in literal,higher in literal,higher in metaphorical,higher in literal,higher in literal,higher in literal,higher in literal,higher in literal,higher in literal,higher in metaphorical,,higher in metaphorical,,higher in metaphorical,higher in metaphorical,,higher in metaphorical,higher in metaphorical,higher in metaphorical,higher in metaphorical,higher in literal,,higher in literal,,higher in literal,higher in metaphorical,higher in literal,higher in metaphorical,higher in metaphorical,higher in metaphorical,higher in metaphorical,higher in metaphorical,higher in literal,higher in literal,higher in literal,higher in literal,higher in literal,higher in literal,higher in metaphorical,,higher in literal,higher in literal,higher in literal,higher in literal,higher in literal,higher in metaphorical,higher in metaphorical,higher in metaphorical,higher in literal,higher in literal,higher in literal,higher in metaphorical,higher in metaphorical,higher in metaphorical,higher in metaphorical,higher in literal,higher in literal,higher in metaphorical,,higher in metaphorical,higher in metaphorical,higher in literal,higher in literal,,higher in metaphorical,higher in metaphorical,higher in metaphorical,higher in literal,higher in literal,,,,,higher in literal,,higher in literal,higher in literal,higher in literal,higher in metaphorical,higher in metaphorical,higher in metaphorical,,,,higher in metaphorical,,higher in metaphorical,higher in metaphorical,,,,
pay tax / absorb tax,1.3123250174589847,higher in metaphorical,higher in literal,higher in metaphorical,higher in literal,higher in metaphorical,higher in metaphorical,higher in metaphorical,higher in metaphorical,higher in metaphorical,higher in metaphorical,higher in metaphorical,higher in metaphorical,higher in literal,higher in literal,higher in literal,higher in literal,higher in literal,higher in literal,higher in metaphorical,,,,higher in literal,higher in literal,higher in literal,higher in literal,higher in literal,higher in literal,higher in literal,higher in literal,higher in literal,higher in literal,higher in literal,,,,higher in metaphorical,higher in metaphorical,higher in metaphorical,higher in literal,higher in literal,higher in literal,higher in literal,higher in literal,higher in literal,higher in literal,higher in literal,higher in literal,higher in literal,higher in literal,higher in literal,,higher in literal,higher in literal,higher in literal,higher in literal,higher in literal,higher in literal,higher in metaphorical,,,higher in metaphorical,higher in metaphorical,higher in metaphorical,higher in literal,higher in literal,higher in literal,higher in literal,higher in literal,higher in literal,higher in literal,higher in metaphorical,higher in metaphorical,higher in metaphorical,higher in metaphorical,higher in metaphorical,higher in literal,higher in literal,,higher in literal,,,higher in literal,higher in literal,higher in literal,higher in metaphorical,,,,,higher in literal,higher in metaphorical,higher in literal,,,,,,,,higher in metaphorical,higher in metaphorical,higher in metaphorical,higher in literal,higher in literal,,,,higher in metaphorical,higher in metaphorical,higher in metaphorical,higher in literal,higher in literal,higher in literal,higher in metaphorical,higher in literal,higher in literal,higher in metaphorical,,,higher in literal,,higher in literal,higher in literal,higher in metaphorical,higher in metaphorical,higher in metaphorical,higher in literal,higher in literal,higher in metaphorical,higher in metaphorical,higher in metaphorical,higher in metaphorical,higher in metaphorical,higher in metaphorical,higher in literal,higher in literal,higher in literal,higher in literal,higher in literal,higher in literal,higher in literal,higher in literal,higher in literal,higher in literal,higher in literal,higher in literal,,higher in metaphorical,,higher in metaphorical,,,higher in metaphorical,higher in literal,higher in literal,,,,higher in literal,,higher in literal,,higher in metaphorical,,,,
pay debt / absorb debt,0.7992491009046652,higher in metaphorical,higher in metaphorical,higher in metaphorical,higher in literal,higher in metaphorical,higher in metaphorical,higher in metaphorical,higher in metaphorical,higher in metaphorical,higher in metaphorical,higher in metaphorical,higher in metaphorical,higher in literal,higher in literal,higher in literal,,higher in literal,,,,,,,,,,,higher in literal,higher in literal,higher in literal,higher in literal,higher in literal,higher in literal,higher in literal,higher in literal,higher in literal,higher in literal,higher in literal,higher in literal,higher in literal,,,higher in literal,higher in literal,higher in literal,,,,,,,higher in metaphorical,higher in literal,higher in literal,higher in literal,higher in literal,higher in literal,higher in literal,higher in literal,higher in literal,higher in literal,higher in literal,higher in literal,higher in literal,higher in literal,higher in literal,,higher in literal,,higher in literal,,higher in literal,,higher in metaphorical,higher in metaphorical,higher in metaphorical,,higher in literal,higher in literal,higher in literal,higher in literal,higher in literal,higher in literal,higher in literal,higher in literal,higher in metaphorical,higher in literal,,higher in literal,higher in literal,,,,higher in metaphorical,higher in metaphorical,higher in metaphorical,higher in literal,,higher in literal,higher in literal,,higher in metaphorical,higher in literal,,,higher in metaphorical,higher in metaphorical,higher in metaphorical,,,,,,,,higher in literal,,higher in literal,higher in literal,higher in literal,higher in literal,,higher in literal,,,,,,,higher in metaphorical,higher in metaphorical,higher in metaphorical,higher in metaphorical,higher in metaphorical,higher in literal,higher in literal,higher in literal,,higher in metaphorical,higher in metaphorical,higher in literal,higher in literal,higher in literal,,higher in metaphorical,higher in metaphorical,higher in literal,,,,,,higher in literal,higher in literal,,,higher in metaphorical,,,higher in literal,,higher in literal,,,,,,
pay interest / absorb interest,1.2494601906004668,higher in metaphorical,higher in literal,higher in metaphorical,higher in literal,higher in metaphorical,higher in metaphorical,higher in metaphorical,higher in metaphorical,,higher in metaphorical,higher in metaphorical,higher in metaphorical,,,higher in literal,,higher in literal,higher in metaphorical,higher in metaphorical,higher in metaphorical,,,higher in literal,higher in literal,higher in literal,higher in literal,higher in literal,higher in literal,higher in literal,higher in literal,higher in literal,higher in literal,higher in literal,higher in literal,,,higher in literal,,,higher in literal,,,higher in literal,higher in literal,higher in literal,higher in literal,higher in literal,higher in literal,higher in literal,higher in literal,higher in literal,higher in literal,higher in literal,higher in literal,higher in literal,higher in literal,higher in literal,higher in literal,higher in literal,higher in literal,,higher in literal,,,higher in literal,higher in literal,,higher in literal,,higher in literal,higher in literal,higher in literal,,higher in literal,,higher in literal,higher in metaphorical,higher in literal,higher in literal,higher in literal,higher in metaphorical,higher in metaphorical,higher in literal,higher in literal,higher in metaphorical,,,higher in metaphorical,,,higher in literal,higher in metaphorical,higher in literal,higher in literal,higher in literal,,,higher in metaphorical,,,higher in metaphorical,higher in metaphorical,higher in metaphorical,higher in literal,higher in literal,higher in literal,higher in literal,higher in literal,higher in metaphorical,,higher in metaphorical,higher in metaphorical,higher in metaphorical,higher in metaphorical,higher in literal,,,higher in literal,higher in literal,,,,higher in literal,higher in literal,higher in metaphorical,higher in metaphorical,higher in metaphorical,higher in literal,higher in literal,higher in literal,higher in literal,higher in literal,higher in literal,,higher in metaphorical,higher in literal,higher in literal,higher in literal,higher in literal,,higher in literal,higher in literal,higher in literal,higher in literal,higher in literal,,higher in literal,,higher in literal,higher in literal,higher in literal,higher in literal,higher in literal,higher in literal,higher in literal,higher in literal,higher in literal,,,higher in literal,,higher in literal,,,,,,
pay expense / absorb expense,0.9200499396034748,higher in metaphorical,higher in metaphorical,higher in metaphorical,higher in metaphorical,higher in metaphorical,higher in metaphorical,higher in metaphorical,higher in metaphorical,higher in metaphorical,higher in metaphorical,higher in metaphorical,higher in metaphorical,higher in literal,higher in literal,higher in literal,higher in literal,higher in literal,higher in literal,higher in literal,higher in literal,higher in literal,higher in literal,higher in metaphorical,higher in metaphorical,higher in metaphorical,higher in metaphorical,higher in metaphorical,,,,,,,,,,higher in literal,higher in literal,higher in literal,,higher in literal,higher in literal,higher in literal,,higher in literal,,higher in metaphorical,higher in metaphorical,higher in metaphorical,higher in metaphorical,higher in metaphorical,,higher in metaphorical,higher in metaphorical,,,higher in metaphorical,higher in metaphorical,,,,higher in literal,higher in literal,higher in literal,,higher in literal,higher in literal,higher in metaphorical,higher in literal,higher in metaphorical,higher in literal,higher in literal,higher in metaphorical,,higher in metaphorical,higher in literal,higher in literal,higher in literal,,higher in literal,higher in literal,higher in literal,higher in literal,higher in literal,higher in literal,higher in metaphorical,higher in literal,higher in literal,higher in literal,higher in literal,higher in literal,higher in literal,higher in metaphorical,higher in literal,,,higher in literal,higher in literal,higher in literal,higher in literal,higher in literal,,higher in literal,,higher in metaphorical,higher in literal,,higher in literal,higher in literal,higher in literal,higher in literal,higher in literal,higher in literal,higher in literal,,,,higher in literal,,,higher in literal,higher in metaphorical,higher in literal,higher in literal,higher in literal,,higher in literal,higher in literal,higher in literal,,,higher in metaphorical,higher in metaphorical,,higher in literal,,higher in literal,higher in literal,higher in literal,higher in literal,higher in literal,higher in literal,,higher in literal,higher in literal,higher in literal,higher in literal,,higher in literal,higher in literal,higher in literal,,,,higher in literal,higher in literal,higher in literal,,,higher in literal,,higher in literal,,,,,,
misuse alcohol / abuse alcohol,0.9919939965734945,,higher in literal,,higher in metaphorical,,,,higher in literal,,,,higher in metaphorical,higher in literal,higher in literal,higher in literal,,higher in literal,higher in literal,higher in literal,higher in literal,,,higher in literal,higher in literal,higher in literal,higher in literal,higher in literal,higher in metaphorical,higher in metaphorical,higher in metaphorical,higher in metaphorical,higher in metaphorical,higher in metaphorical,higher in literal,,,higher in literal,,,,,,higher in literal,higher in literal,higher in literal,higher in literal,higher in literal,higher in literal,higher in literal,higher in literal,higher in literal,higher in literal,higher in metaphorical,higher in metaphorical,higher in metaphorical,higher in metaphorical,higher in metaphorical,higher in metaphorical,higher in literal,,,higher in literal,,,,higher in literal,higher in literal,higher in literal,higher in literal,higher in literal,higher in metaphorical,higher in metaphorical,,,,higher in metaphorical,,higher in metaphorical,higher in metaphorical,higher in metaphorical,higher in metaphorical,higher in metaphorical,,,higher in metaphorical,,higher in literal,higher in literal,higher in literal,higher in literal,,higher in literal,higher in literal,higher in literal,higher in literal,higher in literal,higher in literal,higher in literal,higher in literal,higher in literal,higher in literal,higher in literal,higher in literal,higher in literal,higher in literal,higher in literal,higher in literal,higher in literal,higher in literal,higher in literal,higher in literal,,,,,higher in metaphorical,higher in metaphorical,higher in metaphorical,,higher in metaphorical,higher in metaphorical,,higher in literal,higher in literal,higher in literal,higher in literal,higher in literal,higher in literal,higher in literal,higher in literal,higher in literal,,,,higher in literal,,,higher in literal,higher in literal,higher in literal,higher in literal,higher in literal,,higher in literal,higher in literal,higher in literal,higher in literal,,higher in literal,higher in literal,higher in literal,higher in literal,higher in metaphorical,higher in metaphorical,higher in literal,higher in literal,higher in literal,,,,,higher in literal,,higher in literal,,,,
misuse drug / abuse drug,0.6738546488164013,,,,higher in metaphorical,,,,,,,,,,higher in literal,,,higher in literal,higher in literal,higher in literal,higher in literal,,,higher in literal,higher in literal,higher in literal,higher in literal,higher in literal,,,,,,,,,,,,,,,,,higher in literal,higher in literal,higher in literal,higher in literal,higher in literal,higher in literal,higher in literal,higher in literal,higher in literal,,,,,,,,,,,,,,higher in literal,higher in literal,,higher in literal,,higher in literal,higher in metaphorical,higher in metaphorical,,higher in literal,,higher in literal,,higher in metaphorical,,higher in metaphorical,higher in metaphorical,,,higher in metaphorical,,higher in literal,higher in literal,higher in literal,higher in literal,,higher in literal,higher in literal,higher in literal,higher in literal,higher in literal,higher in literal,higher in literal,higher in literal,higher in literal,higher in literal,higher in literal,higher in literal,higher in literal,,higher in literal,higher in literal,higher in literal,higher in literal,,higher in literal,higher in literal,higher in literal,higher in literal,,higher in metaphorical,higher in metaphorical,,,,,,higher in literal,higher in literal,higher in literal,higher in literal,higher in literal,higher in literal,higher in literal,higher in literal,higher in literal,,,,higher in literal,,higher in literal,higher in literal,higher in literal,higher in literal,higher in literal,higher in literal,,higher in literal,higher in literal,higher in literal,higher in literal,,higher in literal,higher in literal,higher in literal,higher in literal,higher in metaphorical,,higher in literal,higher in literal,higher in literal,,,higher in literal,,higher in literal,,,,,,
misuse substance / abuse substance,0.98663708567148,,higher in literal,,higher in metaphorical,,,,,,,higher in metaphorical,higher in metaphorical,higher in literal,higher in literal,higher in literal,,higher in literal,higher in literal,higher in literal,,,higher in literal,higher in literal,higher in literal,higher in literal,higher in literal,higher in literal,higher in metaphorical,higher in metaphorical,higher in metaphorical,,higher in metaphorical,higher in metaphorical,higher in literal,,,higher in literal,,,,,,,higher in literal,higher in literal,higher in literal,higher in literal,higher in literal,higher in literal,higher in literal,higher in literal,higher in literal,higher in metaphorical,higher in metaphorical,higher in metaphorical,,higher in metaphorical,higher in metaphorical,,,,higher in literal,,,,higher in literal,,higher in literal,,higher in literal,,higher in metaphorical,higher in metaphorical,higher in metaphorical,higher in metaphorical,higher in metaphorical,higher in literal,higher in metaphorical,higher in metaphorical,higher in metaphorical,higher in metaphorical,higher in metaphorical,,,,,higher in literal,higher in literal,higher in literal,higher in literal,higher in literal,higher in literal,higher in literal,higher in literal,higher in literal,higher in literal,higher in literal,higher in literal,higher in literal,higher in literal,higher in literal,higher in literal,higher in literal,higher in literal,higher in literal,higher in literal,higher in literal,,higher in literal,higher in literal,higher in literal,higher in literal,higher in literal,higher in literal,higher in metaphorical,higher in metaphorical,higher in metaphorical,higher in metaphorical,higher in metaphorical,higher in metaphorical,higher in metaphorical,higher in metaphorical,higher in literal,higher in literal,higher in literal,higher in literal,higher in literal,higher in literal,higher in literal,,,higher in metaphorical,higher in metaphorical,,higher in literal,,higher in literal,higher in literal,higher in literal,higher in literal,higher in literal,higher in literal,,higher in literal,higher in literal,higher in literal,higher in literal,,higher in literal,higher in literal,higher in literal,,higher in metaphorical,,higher in literal,higher in literal,,,,higher in literal,,higher in literal,,higher in metaphorical,,,,
misuse medication / abuse medication,1.1121165129915749,higher in literal,higher in literal,higher in literal,,higher in literal,higher in literal,higher in literal,higher in literal,higher in literal,higher in literal,higher in literal,higher in literal,higher in literal,higher in literal,higher in metaphorical,higher in literal,,higher in literal,higher in literal,higher in literal,higher in literal,higher in literal,,,,higher in literal,higher in literal,higher in metaphorical,higher in metaphorical,higher in metaphorical,higher in metaphorical,higher in metaphorical,higher in metaphorical,,,,,,,higher in metaphorical,higher in literal,higher in literal,higher in metaphorical,higher in metaphorical,higher in metaphorical,higher in literal,higher in metaphorical,higher in metaphorical,,higher in literal,higher in literal,higher in literal,higher in metaphorical,higher in metaphorical,higher in metaphorical,higher in metaphorical,higher in metaphorical,higher in metaphorical,higher in literal,,,,,,higher in metaphorical,higher in metaphorical,,higher in literal,,,higher in literal,higher in metaphorical,higher in metaphorical,higher in metaphorical,higher in metaphorical,higher in metaphorical,,,higher in metaphorical,higher in literal,,,higher in metaphorical,higher in metaphorical,higher in metaphorical,higher in literal,higher in metaphorical,higher in literal,higher in literal,higher in literal,higher in literal,higher in literal,higher in metaphorical,higher in literal,higher in literal,higher in literal,higher in metaphorical,,,higher in literal,higher in literal,higher in literal,higher in literal,higher in metaphorical,higher in metaphorical,higher in literal,higher in literal,,higher in literal,,higher in literal,higher in literal,higher in metaphorical,higher in metaphorical,,higher in metaphorical,,,higher in literal,higher in metaphorical,higher in metaphorical,higher in literal,,higher in literal,,,higher in literal,higher in metaphorical,,,,higher in literal,higher in literal,higher in literal,higher in literal,higher in metaphorical,higher in metaphorical,,higher in literal,higher in literal,higher in metaphorical,,higher in metaphorical,higher in literal,higher in literal,higher in literal,higher in metaphorical,,higher in literal,,,,higher in metaphorical,higher in literal,,higher in literal,,,,higher in metaphorical,,higher in metaphorical,,,,,,
misuse product / abuse product,0.6488202338083962,higher in metaphorical,higher in metaphorical,higher in metaphorical,higher in metaphorical,higher in metaphorical,,,,higher in metaphorical,higher in metaphorical,,,higher in literal,higher in literal,higher in literal,higher in literal,higher in literal,higher in literal,,higher in literal,higher in literal,higher in literal,,,higher in metaphorical,,,higher in literal,higher in metaphorical,higher in metaphorical,higher in literal,,higher in metaphorical,higher in literal,,,,,,higher in literal,higher in literal,higher in literal,higher in literal,,higher in literal,,,,higher in metaphorical,,,,,higher in metaphorical,higher in metaphorical,higher in literal,higher in metaphorical,higher in metaphorical,,,,,,,higher in literal,,higher in literal,higher in metaphorical,higher in literal,higher in metaphorical,higher in literal,higher in literal,,higher in literal,higher in metaphorical,higher in literal,higher in metaphorical,higher in literal,higher in literal,higher in metaphorical,higher in literal,higher in literal,,higher in literal,,higher in metaphorical,,,higher in literal,,higher in literal,,higher in metaphorical,,,,,,higher in literal,,higher in metaphorical,,,higher in literal,higher in metaphorical,,,higher in literal,higher in metaphorical,,higher in metaphorical,,higher in metaphorical,,higher in literal,higher in metaphorical,higher in metaphorical,,,higher in literal,,higher in metaphorical,higher in literal,higher in literal,,,,higher in literal,higher in literal,,,,higher in literal,higher in literal,,higher in literal,higher in literal,,,,higher in literal,higher in literal,higher in literal,,,,higher in literal,,,,,,,,higher in literal,higher in literal,higher in literal,,,higher in literal,,higher in literal,,,,,,
address issue / attack issue,0.5722867565690811,higher in metaphorical,higher in literal,higher in metaphorical,higher in metaphorical,higher in metaphorical,higher in metaphorical,higher in metaphorical,higher in metaphorical,,higher in metaphorical,higher in metaphorical,higher in metaphorical,,,higher in metaphorical,,higher in metaphorical,higher in literal,higher in literal,,,,,,higher in metaphorical,,higher in metaphorical,,,higher in metaphorical,,,,higher in literal,,,higher in literal,,,higher in metaphorical,,,higher in metaphorical,,higher in metaphorical,,,,higher in metaphorical,,higher in metaphorical,,,,,,,,higher in literal,,,higher in literal,,,higher in metaphorical,,higher in literal,,higher in literal,,,higher in metaphorical,higher in metaphorical,,,,,,higher in metaphorical,,,,higher in literal,higher in literal,higher in literal,,higher in literal,higher in literal,,higher in literal,,higher in literal,higher in metaphorical,,higher in literal,,higher in literal,higher in literal,,higher in literal,higher in literal,higher in literal,higher in literal,higher in metaphorical,higher in metaphorical,,higher in literal,,higher in literal,higher in literal,,,,,higher in metaphorical,,higher in metaphorical,higher in metaphorical,,,higher in metaphorical,,,,higher in literal,higher in literal,higher in literal,,,,,,,,higher in literal,higher in metaphorical,higher in metaphorical,,,,,,higher in metaphorical,,,,,,higher in literal,higher in literal,higher in literal,higher in literal,higher in metaphorical,,,,,,,higher in metaphorical,,higher in metaphorical,,,,,,
address need / attack need,0.9745185947037143,higher in metaphorical,higher in literal,higher in metaphorical,,higher in metaphorical,higher in metaphorical,higher in metaphorical,higher in metaphorical,higher in metaphorical,higher in metaphorical,higher in metaphorical,higher in metaphorical,higher in metaphorical,higher in metaphorical,higher in literal,higher in metaphorical,higher in literal,,higher in metaphorical,higher in metaphorical,higher in metaphorical,higher in metaphorical,higher in literal,higher in literal,higher in literal,higher in literal,higher in literal,higher in literal,higher in literal,higher in literal,higher in literal,higher in literal,higher in literal,higher in literal,higher in literal,higher in literal,higher in literal,,,,higher in metaphorical,higher in metaphorical,higher in literal,higher in literal,,,higher in literal,higher in literal,higher in literal,higher in literal,higher in literal,,higher in literal,higher in literal,higher in literal,higher in literal,higher in literal,higher in literal,higher in literal,higher in literal,higher in literal,higher in literal,,,higher in literal,,,higher in literal,,higher in literal,higher in metaphorical,higher in literal,higher in literal,higher in literal,higher in literal,higher in literal,,higher in metaphorical,higher in literal,higher in metaphorical,,,higher in literal,higher in literal,higher in literal,higher in metaphorical,,higher in metaphorical,,higher in metaphorical,higher in metaphorical,higher in metaphorical,higher in literal,,,,,,,higher in metaphorical,higher in metaphorical,,higher in metaphorical,higher in literal,higher in literal,,,higher in literal,,higher in metaphorical,,,,,higher in literal,,higher in metaphorical,higher in literal,higher in literal,higher in literal,higher in literal,higher in literal,higher in literal,,higher in metaphorical,higher in metaphorical,higher in metaphorical,higher in literal,,higher in literal,higher in literal,higher in literal,higher in literal,,higher in metaphorical,,higher in literal,,,,,,,,,,,,higher in literal,higher in literal,higher in literal,higher in literal,higher in literal,higher in literal,,,higher in literal,,,,,,,,,,,
address question / attack question,0.8685208627509956,higher in metaphorical,higher in literal,higher in metaphorical,higher in metaphorical,higher in metaphorical,higher in metaphorical,higher in metaphorical,higher in metaphorical,higher in metaphorical,higher in metaphorical,higher in metaphorical,higher in metaphorical,higher in metaphorical,higher in metaphorical,,,,,higher in literal,,,,,,,,,higher in literal,higher in literal,higher in literal,higher in literal,higher in literal,higher in literal,higher in literal,higher in literal,higher in literal,higher in literal,higher in literal,higher in literal,,,higher in metaphorical,,higher in literal,,higher in literal,,,,,,higher in literal,higher in literal,higher in literal,higher in literal,higher in literal,higher in literal,higher in literal,higher in literal,higher in literal,higher in literal,higher in literal,higher in literal,higher in literal,,higher in literal,,higher in literal,higher in literal,higher in literal,,higher in metaphorical,,,higher in metaphorical,,,,higher in metaphorical,,,higher in metaphorical,higher in literal,higher in literal,higher in literal,higher in metaphorical,higher in literal,higher in literal,higher in literal,higher in literal,,higher in literal,,higher in literal,higher in literal,higher in literal,higher in literal,higher in literal,higher in literal,higher in literal,higher in literal,higher in literal,higher in literal,higher in metaphorical,,higher in literal,higher in literal,,higher in literal,higher in literal,higher in literal,,higher in literal,higher in literal,higher in metaphorical,,higher in metaphorical,higher in metaphorical,higher in literal,,,,higher in literal,higher in literal,higher in literal,higher in literal,higher in literal,higher in literal,higher in literal,,,higher in metaphorical,,,higher in literal,higher in metaphorical,higher in metaphorical,,,,higher in literal,higher in literal,higher in metaphorical,higher in literal,higher in literal,higher in literal,higher in literal,,higher in literal,higher in literal,higher in literal,higher in literal,higher in metaphorical,higher in metaphorical,higher in literal,higher in literal,,,,,,,,,,,,
address challenge / attack challenge,0.7370987213020089,higher in metaphorical,higher in literal,higher in metaphorical,higher in metaphorical,higher in metaphorical,higher in metaphorical,higher in metaphorical,higher in metaphorical,higher in metaphorical,higher in metaphorical,higher in metaphorical,higher in metaphorical,higher in metaphorical,higher in metaphorical,,higher in literal,,higher in metaphorical,higher in literal,higher in metaphorical,,,higher in literal,higher in literal,,,,,,,,,,,,higher in metaphorical,higher in literal,,,higher in metaphorical,,,,higher in literal,,higher in literal,higher in literal,higher in literal,,,,,,,,,,,higher in literal,,,higher in literal,,,higher in metaphorical,,higher in literal,higher in literal,higher in literal,higher in literal,,,,higher in metaphorical,higher in metaphorical,,higher in literal,higher in literal,,,higher in metaphorical,higher in metaphorical,higher in literal,higher in literal,higher in literal,higher in metaphorical,higher in literal,higher in literal,higher in literal,higher in literal,,higher in literal,higher in literal,,,,higher in literal,higher in literal,,higher in literal,higher in literal,higher in metaphorical,higher in literal,higher in metaphorical,higher in literal,,,higher in literal,higher in literal,higher in literal,higher in literal,higher in literal,higher in literal,higher in literal,higher in metaphorical,higher in metaphorical,higher in metaphorical,higher in metaphorical,,higher in literal,higher in literal,higher in metaphorical,higher in literal,higher in literal,higher in literal,higher in literal,higher in literal,higher in literal,higher in literal,higher in literal,higher in literal,higher in metaphorical,higher in metaphorical,higher in metaphorical,higher in literal,higher in metaphorical,higher in metaphorical,,,,,higher in literal,higher in metaphorical,,,,higher in literal,,higher in literal,higher in literal,higher in literal,higher in literal,,higher in metaphorical,higher in literal,higher in literal,higher in literal,,,,,,,,,,,
address point / attack point,0.5188223992972825,higher in metaphorical,,higher in metaphorical,higher in metaphorical,higher in metaphorical,higher in metaphorical,higher in metaphorical,higher in metaphorical,,higher in metaphorical,higher in metaphorical,higher in metaphorical,,higher in metaphorical,,,higher in metaphorical,,higher in literal,,higher in literal,higher in literal,,,,,,,,,,,,higher in literal,,,,,,,,,,,,higher in metaphorical,,,,,,higher in metaphorical,,,,,,,higher in literal,,,,,,,,,higher in metaphorical,,higher in metaphorical,,,,higher in literal,higher in literal,,higher in metaphorical,higher in metaphorical,higher in metaphorical,higher in metaphorical,higher in metaphorical,higher in metaphorical,higher in literal,higher in literal,higher in literal,higher in metaphorical,higher in literal,higher in literal,higher in literal,,,higher in literal,,higher in metaphorical,higher in metaphorical,higher in metaphorical,higher in literal,higher in literal,higher in literal,,higher in literal,higher in literal,higher in literal,,,higher in metaphorical,higher in metaphorical,,,,,,,,,higher in metaphorical,higher in metaphorical,higher in metaphorical,higher in metaphorical,higher in metaphorical,higher in metaphorical,,,,higher in literal,higher in literal,higher in literal,,,,,higher in metaphorical,higher in metaphorical,higher in literal,higher in literal,,higher in metaphorical,higher in metaphorical,higher in metaphorical,,,,,higher in metaphorical,higher in metaphorical,,,,higher in literal,higher in literal,higher in literal,,higher in metaphorical,,,,,higher in literal,,,,,,higher in literal,higher in literal,,,
address situation / attack situation,0.947268379108624,higher in metaphorical,higher in literal,higher in metaphorical,higher in metaphorical,higher in metaphorical,higher in metaphorical,higher in metaphorical,higher in metaphorical,higher in metaphorical,higher in metaphorical,higher in metaphorical,higher in metaphorical,higher in literal,higher in literal,higher in metaphorical,higher in literal,higher in metaphorical,higher in literal,higher in literal,higher in literal,higher in literal,higher in literal,higher in literal,higher in literal,higher in literal,higher in literal,higher in literal,higher in metaphorical,higher in metaphorical,higher in metaphorical,higher in metaphorical,higher in metaphorical,higher in metaphorical,higher in metaphorical,higher in metaphorical,,higher in metaphorical,higher in metaphorical,higher in metaphorical,higher in metaphorical,higher in literal,higher in literal,higher in metaphorical,,higher in metaphorical,,higher in literal,higher in literal,higher in literal,,higher in literal,,higher in metaphorical,higher in metaphorical,higher in metaphorical,higher in metaphorical,higher in metaphorical,higher in metaphorical,higher in literal,,,higher in metaphorical,higher in metaphorical,higher in metaphorical,higher in metaphorical,higher in literal,higher in literal,,,,,higher in metaphorical,higher in metaphorical,higher in metaphorical,higher in literal,higher in metaphorical,,,higher in literal,higher in metaphorical,higher in metaphorical,higher in metaphorical,higher in literal,higher in literal,higher in literal,higher in metaphorical,,higher in literal,higher in metaphorical,higher in literal,higher in literal,higher in literal,higher in literal,,,,,higher in literal,,,higher in literal,higher in metaphorical,higher in literal,higher in metaphorical,higher in literal,,,,,higher in literal,higher in literal,higher in metaphorical,higher in metaphorical,,,higher in metaphorical,higher in metaphorical,,higher in metaphorical,higher in metaphorical,higher in metaphorical,,,,higher in literal,higher in literal,higher in literal,higher in literal,higher in literal,,,,higher in metaphorical,,higher in literal,higher in metaphorical,higher in metaphorical,,,,higher in literal,,higher in metaphorical,higher in literal,higher in literal,higher in literal,,,higher in literal,higher in literal,,,higher in metaphorical,,higher in literal,higher in literal,,higher in literal,higher in literal,higher in metaphorical,,higher in metaphorical,,,,,,
address topic / attack topic,1.3188257511223989,higher in metaphorical,higher in literal,higher in metaphorical,higher in metaphorical,higher in metaphorical,higher in metaphorical,higher in metaphorical,higher in metaphorical,higher in metaphorical,higher in metaphorical,higher in metaphorical,higher in metaphorical,higher in metaphorical,,higher in literal,higher in literal,higher in literal,higher in metaphorical,higher in literal,higher in metaphorical,higher in literal,higher in literal,,,higher in metaphorical,,higher in metaphorical,higher in literal,,,higher in literal,,,higher in literal,higher in literal,higher in literal,higher in literal,higher in literal,higher in literal,,higher in literal,higher in literal,higher in literal,higher in literal,higher in literal,higher in literal,higher in metaphorical,higher in metaphorical,higher in metaphorical,higher in metaphorical,higher in metaphorical,higher in literal,higher in literal,,,higher in literal,,,higher in literal,higher in literal,higher in literal,higher in literal,higher in literal,higher in literal,,higher in literal,higher in literal,higher in literal,higher in literal,,higher in metaphorical,,,higher in literal,higher in literal,higher in literal,higher in literal,higher in metaphorical,higher in metaphorical,higher in metaphorical,,,higher in literal,higher in literal,higher in literal,higher in metaphorical,higher in literal,higher in literal,higher in literal,higher in literal,higher in literal,higher in literal,higher in metaphorical,higher in literal,higher in literal,higher in literal,higher in literal,higher in literal,higher in literal,higher in literal,,higher in metaphorical,,,higher in metaphorical,higher in literal,higher in literal,higher in literal,higher in literal,higher in literal,higher in literal,higher in literal,higher in literal,higher in literal,higher in literal,higher in metaphorical,higher in metaphorical,,higher in literal,higher in literal,higher in literal,higher in metaphorical,higher in literal,higher in literal,higher in literal,higher in literal,higher in literal,higher in literal,higher in literal,higher in literal,higher in literal,,higher in literal,higher in literal,higher in literal,,,,,,higher in literal,higher in literal,,,,,higher in literal,higher in literal,higher in literal,higher in literal,higher in literal,higher in literal,higher in metaphorical,,higher in literal,higher in literal,higher in literal,,,,,,,,,,,
address change / attack change,0.8864126400627905,higher in metaphorical,higher in literal,higher in metaphorical,higher in metaphorical,higher in metaphorical,higher in metaphorical,higher in metaphorical,higher in metaphorical,higher in metaphorical,higher in metaphorical,higher in metaphorical,,higher in metaphorical,,higher in literal,,higher in literal,higher in literal,higher in literal,,,,,,,,,,,,,,,higher in literal,higher in literal,higher in literal,higher in literal,higher in literal,higher in literal,higher in literal,,,higher in literal,higher in literal,higher in literal,higher in literal,,,,,,higher in literal,,,,,,,higher in literal,higher in literal,higher in literal,higher in literal,,,,higher in literal,higher in literal,,higher in literal,,,,higher in metaphorical,higher in literal,higher in literal,,higher in literal,,higher in metaphorical,,higher in metaphorical,higher in metaphorical,higher in literal,higher in literal,higher in literal,higher in metaphorical,higher in literal,higher in literal,higher in literal,higher in literal,higher in metaphorical,higher in literal,,higher in literal,higher in literal,higher in literal,higher in literal,higher in literal,higher in literal,higher in literal,higher in literal,higher in literal,higher in literal,,,higher in literal,higher in literal,higher in literal,higher in literal,higher in literal,higher in literal,higher in literal,higher in literal,higher in literal,,higher in metaphorical,higher in metaphorical,higher in metaphorical,,higher in literal,higher in literal,higher in metaphorical,higher in literal,higher in literal,higher in literal,higher in literal,higher in literal,higher in literal,higher in literal,higher in literal,higher in literal,higher in metaphorical,higher in metaphorical,,higher in literal,,higher in literal,higher in literal,higher in literal,higher in literal,higher in literal,higher in literal,,higher in literal,higher in literal,higher in literal,higher in literal,,higher in literal,higher in literal,higher in literal,higher in literal,higher in metaphorical,,higher in literal,higher in literal,higher in literal,,,,,,,,,,,
address cause / attack cause,0.9735190366646527,higher in metaphorical,higher in metaphorical,higher in metaphorical,higher in literal,higher in metaphorical,higher in metaphorical,higher in metaphorical,higher in metaphorical,higher in metaphorical,higher in metaphorical,higher in metaphorical,higher in metaphorical,higher in metaphorical,higher in metaphorical,higher in literal,higher in metaphorical,higher in literal,higher in metaphorical,higher in metaphorical,higher in metaphorical,higher in metaphorical,higher in metaphorical,higher in literal,higher in literal,higher in literal,higher in literal,higher in literal,higher in literal,higher in literal,higher in literal,higher in literal,higher in literal,higher in literal,higher in literal,higher in literal,higher in literal,higher in literal,higher in literal,higher in literal,higher in literal,,higher in metaphorical,higher in literal,,higher in literal,,higher in literal,higher in literal,higher in literal,higher in literal,higher in literal,,higher in literal,higher in literal,higher in literal,higher in literal,higher in literal,higher in literal,higher in literal,higher in literal,higher in literal,higher in literal,higher in literal,higher in literal,higher in literal,,higher in metaphorical,higher in literal,higher in metaphorical,higher in literal,higher in metaphorical,higher in literal,,higher in literal,higher in literal,higher in literal,higher in metaphorical,higher in literal,higher in literal,,higher in literal,higher in literal,higher in literal,higher in literal,higher in literal,higher in metaphorical,higher in metaphorical,higher in metaphorical,,higher in metaphorical,higher in metaphorical,higher in metaphorical,higher in literal,higher in literal,,,,higher in metaphorical,,higher in metaphorical,higher in metaphorical,higher in metaphorical,higher in metaphorical,,higher in literal,higher in literal,,,higher in metaphorical,higher in metaphorical,higher in metaphorical,higher in metaphorical,higher in metaphorical,higher in metaphorical,higher in literal,higher in literal,higher in literal,higher in literal,higher in literal,higher in metaphorical,,higher in literal,,,higher in metaphorical,higher in metaphorical,higher in metaphorical,higher in metaphorical,higher in metaphorical,,,higher in literal,higher in literal,,higher in metaphorical,higher in literal,,,,,,,higher in literal,,,,,,higher in metaphorical,higher in metaphorical,higher in metaphorical,,higher in literal,higher in literal,higher in metaphorical,higher in metaphorical,,,,higher in literal,,higher in literal,,higher in metaphorical,,,,
address matter / attack matter,1.1000207496887728,higher in metaphorical,,higher in metaphorical,,higher in metaphorical,higher in metaphorical,higher in metaphorical,higher in metaphorical,higher in metaphorical,higher in metaphorical,higher in metaphorical,higher in metaphorical,,,higher in literal,higher in literal,,higher in metaphorical,higher in metaphorical,,higher in literal,higher in literal,higher in literal,higher in literal,higher in literal,higher in literal,higher in literal,higher in literal,higher in literal,higher in literal,higher in literal,higher in literal,higher in literal,higher in literal,,higher in literal,,,higher in literal,higher in literal,higher in literal,higher in literal,,higher in metaphorical,,higher in metaphorical,higher in literal,higher in literal,higher in literal,higher in literal,higher in literal,higher in metaphorical,higher in literal,,higher in literal,higher in literal,higher in literal,higher in literal,higher in literal,,higher in literal,,,higher in literal,,higher in metaphorical,,higher in literal,higher in metaphorical,higher in literal,higher in metaphorical,higher in literal,higher in metaphorical,higher in literal,higher in literal,higher in literal,higher in metaphorical,higher in metaphorical,higher in metaphorical,higher in metaphorical,higher in metaphorical,,higher in literal,higher in literal,higher in literal,higher in metaphorical,,higher in metaphorical,higher in metaphorical,higher in metaphorical,higher in literal,higher in metaphorical,higher in literal,higher in metaphorical,higher in metaphorical,higher in metaphorical,higher in metaphorical,higher in metaphorical,higher in metaphorical,higher in metaphorical,higher in metaphorical,higher in metaphorical,higher in metaphorical,,higher in literal,higher in metaphorical,higher in metaphorical,higher in literal,higher in metaphorical,higher in metaphorical,higher in metaphorical,higher in metaphorical,higher in metaphorical,higher in metaphorical,higher in literal,higher in literal,higher in literal,,higher in literal,higher in metaphorical,higher in metaphorical,higher in metaphorical,higher in literal,higher in metaphorical,higher in metaphorical,higher in metaphorical,higher in metaphorical,higher in metaphorical,higher in metaphorical,higher in literal,higher in literal,higher in metaphorical,,higher in literal,higher in metaphorical,higher in literal,,,,,higher in literal,higher in metaphorical,,higher in metaphorical,higher in metaphorical,higher in metaphorical,higher in metaphorical,,higher in literal,higher in literal,higher in literal,higher in literal,higher in metaphorical,,higher in literal,higher in metaphorical,higher in literal,,,,,,,,,,,
improve economy / boost economy,0.6693950717633756,,higher in metaphorical,,,,,,,,,higher in literal,higher in literal,,,,,,higher in metaphorical,,,higher in literal,higher in literal,higher in metaphorical,higher in metaphorical,higher in metaphorical,higher in metaphorical,higher in metaphorical,higher in literal,higher in literal,,higher in literal,higher in literal,higher in literal,,,,,,,higher in literal,higher in literal,higher in literal,,higher in metaphorical,,higher in metaphorical,higher in metaphorical,higher in metaphorical,higher in metaphorical,higher in metaphorical,higher in metaphorical,higher in metaphorical,higher in literal,higher in literal,,higher in literal,higher in literal,higher in literal,,,,,,,higher in literal,,higher in literal,higher in metaphorical,higher in literal,higher in metaphorical,higher in literal,higher in literal,,higher in literal,higher in literal,,higher in metaphorical,higher in literal,,higher in literal,,,,,,,,higher in metaphorical,,,,,higher in metaphorical,higher in metaphorical,higher in metaphorical,higher in metaphorical,,higher in metaphorical,,,,higher in metaphorical,,,higher in metaphorical,higher in metaphorical,higher in metaphorical,higher in metaphorical,higher in metaphorical,higher in metaphorical,higher in metaphorical,,higher in metaphorical,higher in metaphorical,higher in literal,higher in literal,higher in literal,,,,,higher in metaphorical,higher in metaphorical,higher in metaphorical,higher in metaphorical,higher in metaphorical,,,higher in metaphorical,higher in metaphorical,higher in metaphorical,higher in literal,,higher in literal,,higher in literal,,higher in metaphorical,higher in metaphorical,higher in metaphorical,,,higher in literal,higher in metaphorical,higher in metaphorical,higher in metaphorical,,,higher in metaphorical,higher in metaphorical,higher in metaphorical,higher in metaphorical,higher in literal,,,higher in metaphorical,higher in metaphorical,higher in literal,higher in literal,,,,,,higher in literal,higher in literal,,
improve service / boost service,0.7514054360016007,higher in metaphorical,higher in metaphorical,higher in metaphorical,,higher in metaphorical,higher in metaphorical,higher in metaphorical,higher in metaphorical,higher in metaphorical,higher in metaphorical,higher in metaphorical,higher in metaphorical,higher in metaphorical,higher in metaphorical,,,,higher in literal,higher in literal,,,,,,,,,higher in literal,higher in literal,higher in literal,higher in literal,higher in literal,higher in literal,higher in literal,higher in literal,higher in literal,higher in literal,higher in literal,higher in literal,higher in literal,,,higher in literal,,,higher in metaphorical,,,,,,,higher in literal,higher in literal,higher in literal,higher in literal,higher in literal,higher in literal,higher in literal,higher in literal,higher in literal,higher in literal,higher in literal,higher in literal,higher in literal,,higher in metaphorical,higher in literal,higher in metaphorical,,higher in literal,higher in literal,higher in literal,higher in literal,higher in literal,higher in literal,higher in metaphorical,,,higher in literal,,higher in literal,higher in literal,higher in literal,higher in literal,higher in metaphorical,higher in literal,higher in literal,higher in literal,higher in literal,higher in metaphorical,higher in literal,,,,,higher in literal,higher in literal,higher in literal,higher in literal,higher in literal,higher in literal,higher in literal,higher in literal,,,,higher in metaphorical,higher in metaphorical,higher in metaphorical,higher in metaphorical,,higher in metaphorical,higher in metaphorical,higher in literal,higher in literal,higher in literal,higher in literal,,higher in metaphorical,,higher in metaphorical,,higher in metaphorical,higher in literal,higher in literal,higher in literal,,higher in metaphorical,,,higher in literal,,higher in literal,higher in literal,higher in literal,higher in literal,,,,,,higher in literal,,,,,,higher in metaphorical,higher in metaphorical,higher in metaphorical,,higher in literal,,higher in metaphorical,higher in metaphorical,higher in metaphorical,,,higher in literal,,higher in literal,,,,,,
improve system / boost system,1.8983920799607097,,higher in metaphorical,,,,,,,,,,higher in literal,,,higher in metaphorical,,higher in metaphorical,,,,,,higher in metaphorical,,,higher in metaphorical,,higher in metaphorical,,,higher in metaphorical,,,higher in metaphorical,higher in metaphorical,higher in metaphorical,higher in metaphorical,higher in metaphorical,higher in metaphorical,higher in metaphorical,,,higher in metaphorical,higher in metaphorical,higher in metaphorical,higher in metaphorical,higher in metaphorical,,,higher in metaphorical,,higher in metaphorical,,,,higher in metaphorical,,,higher in metaphorical,higher in metaphorical,higher in metaphorical,higher in metaphorical,higher in metaphorical,higher in metaphorical,higher in metaphorical,higher in metaphorical,,higher in metaphorical,,higher in metaphorical,,,,higher in literal,higher in literal,,higher in metaphorical,,higher in metaphorical,higher in literal,higher in metaphorical,higher in metaphorical,,,,,higher in metaphorical,higher in metaphorical,higher in metaphorical,higher in metaphorical,,,,higher in metaphorical,higher in metaphorical,higher in metaphorical,higher in metaphorical,higher in metaphorical,higher in metaphorical,higher in metaphorical,,,higher in literal,higher in metaphorical,,higher in metaphorical,higher in metaphorical,higher in metaphorical,,,,,higher in metaphorical,higher in metaphorical,higher in literal,,higher in literal,higher in literal,,higher in metaphorical,higher in metaphorical,higher in literal,higher in metaphorical,higher in metaphorical,,,,,higher in metaphorical,higher in metaphorical,higher in metaphorical,,higher in metaphorical,higher in literal,higher in literal,higher in metaphorical,higher in metaphorical,higher in metaphorical,higher in metaphorical,higher in metaphorical,higher in metaphorical,higher in metaphorical,higher in metaphorical,higher in metaphorical,higher in metaphorical,higher in metaphorical,higher in metaphorical,,higher in metaphorical,higher in metaphorical,higher in metaphorical,higher in metaphorical,,higher in literal,,higher in metaphorical,higher in metaphorical,,,higher in metaphorical,,higher in metaphorical,,,,,,
improve situation / boost situation,2.0228847468753957,higher in metaphorical,higher in literal,higher in metaphorical,higher in literal,higher in metaphorical,higher in metaphorical,higher in metaphorical,higher in metaphorical,higher in metaphorical,higher in metaphorical,higher in metaphorical,higher in metaphorical,higher in literal,higher in literal,,higher in literal,higher in literal,higher in literal,higher in literal,higher in literal,higher in literal,higher in literal,higher in metaphorical,higher in metaphorical,higher in metaphorical,higher in metaphorical,higher in metaphorical,higher in literal,higher in literal,higher in literal,higher in literal,higher in literal,higher in literal,higher in literal,higher in literal,higher in literal,higher in literal,higher in literal,higher in literal,higher in literal,higher in literal,higher in literal,,higher in literal,higher in literal,higher in literal,higher in metaphorical,higher in metaphorical,higher in metaphorical,higher in metaphorical,higher in metaphorical,higher in metaphorical,higher in literal,higher in literal,higher in literal,higher in literal,higher in literal,higher in literal,higher in literal,higher in literal,higher in literal,higher in literal,higher in literal,higher in literal,higher in literal,higher in literal,higher in literal,higher in metaphorical,higher in literal,higher in metaphorical,higher in literal,,higher in literal,higher in literal,,higher in literal,higher in literal,higher in literal,,higher in literal,higher in literal,higher in literal,higher in literal,higher in literal,higher in literal,higher in metaphorical,higher in metaphorical,higher in literal,higher in literal,higher in literal,higher in literal,higher in literal,higher in metaphorical,higher in metaphorical,higher in metaphorical,higher in metaphorical,higher in metaphorical,higher in literal,,higher in literal,,higher in metaphorical,,higher in literal,higher in metaphorical,higher in metaphorical,higher in metaphorical,higher in literal,,,higher in literal,higher in literal,higher in literal,higher in literal,higher in literal,,higher in literal,,higher in literal,higher in literal,higher in literal,higher in literal,higher in literal,higher in literal,,higher in metaphorical,,higher in literal,higher in literal,higher in literal,higher in literal,,,higher in metaphorical,higher in literal,higher in literal,higher in literal,higher in metaphorical,higher in metaphorical,higher in metaphorical,higher in literal,higher in literal,,higher in metaphorical,higher in metaphorical,higher in metaphorical,higher in literal,,higher in literal,higher in literal,higher in literal,higher in literal,higher in literal,higher in literal,higher in literal,higher in literal,higher in literal,,,higher in literal,,higher in literal,,,,,,
improve process / boost process,0.7682178130640607,higher in metaphorical,,higher in metaphorical,higher in metaphorical,higher in metaphorical,higher in metaphorical,higher in metaphorical,higher in metaphorical,higher in metaphorical,higher in metaphorical,higher in metaphorical,higher in metaphorical,,,,higher in literal,,higher in literal,,higher in literal,higher in literal,higher in literal,higher in literal,higher in literal,,,higher in literal,higher in literal,higher in literal,higher in literal,higher in literal,higher in literal,higher in literal,,,,,,higher in metaphorical,higher in literal,higher in literal,higher in literal,,,,higher in metaphorical,,higher in literal,,,,,higher in literal,higher in literal,higher in literal,higher in literal,higher in literal,higher in literal,,,,higher in metaphorical,higher in metaphorical,higher in metaphorical,,,higher in literal,,,,higher in literal,,higher in metaphorical,higher in metaphorical,higher in metaphorical,higher in metaphorical,higher in literal,higher in literal,,higher in literal,,,higher in literal,higher in literal,higher in literal,higher in metaphorical,higher in literal,higher in literal,,,higher in literal,higher in literal,higher in literal,higher in metaphorical,,,higher in literal,,,higher in metaphorical,,higher in literal,,,,higher in metaphorical,,,,,,higher in literal,higher in literal,higher in literal,higher in metaphorical,higher in literal,higher in literal,,higher in metaphorical,higher in literal,higher in literal,higher in metaphorical,,,higher in literal,higher in literal,,,higher in metaphorical,higher in literal,higher in literal,,,higher in metaphorical,,higher in literal,,,,,higher in literal,higher in metaphorical,higher in literal,,,,higher in metaphorical,,higher in literal,higher in literal,higher in literal,,higher in literal,higher in literal,higher in literal,higher in metaphorical,,higher in literal,higher in literal,,higher in literal,,,,higher in literal,higher in literal,,
improve education / boost education,1.0386336820951665,higher in metaphorical,higher in metaphorical,higher in metaphorical,higher in literal,higher in metaphorical,higher in metaphorical,higher in metaphorical,higher in metaphorical,higher in metaphorical,higher in metaphorical,higher in metaphorical,higher in metaphorical,higher in metaphorical,higher in metaphorical,,higher in metaphorical,,higher in metaphorical,higher in metaphorical,higher in metaphorical,higher in metaphorical,higher in metaphorical,,,higher in literal,,,higher in literal,higher in literal,higher in literal,higher in literal,higher in literal,higher in literal,higher in literal,higher in literal,higher in literal,higher in literal,higher in literal,higher in literal,higher in literal,higher in metaphorical,higher in metaphorical,higher in literal,,,higher in metaphorical,,,higher in literal,,,higher in metaphorical,higher in literal,higher in literal,higher in literal,higher in literal,higher in literal,higher in literal,higher in literal,higher in literal,higher in literal,higher in literal,higher in literal,higher in literal,higher in literal,,higher in metaphorical,higher in literal,higher in metaphorical,higher in literal,higher in literal,higher in literal,higher in literal,higher in literal,higher in literal,higher in literal,higher in metaphorical,,higher in literal,higher in literal,higher in literal,higher in literal,higher in literal,higher in literal,higher in literal,higher in metaphorical,higher in literal,,higher in literal,,higher in metaphorical,,,higher in metaphorical,higher in metaphorical,higher in metaphorical,higher in literal,,higher in literal,,,higher in metaphorical,,,,higher in metaphorical,higher in metaphorical,higher in metaphorical,higher in metaphorical,higher in metaphorical,higher in metaphorical,higher in metaphorical,higher in metaphorical,higher in metaphorical,higher in literal,higher in literal,higher in literal,higher in literal,,,,higher in metaphorical,higher in metaphorical,higher in metaphorical,higher in metaphorical,higher in metaphorical,higher in metaphorical,higher in metaphorical,higher in metaphorical,higher in metaphorical,higher in metaphorical,higher in literal,higher in literal,higher in literal,,higher in literal,,,,,,higher in metaphorical,higher in literal,,,,,,higher in metaphorical,higher in metaphorical,higher in metaphorical,higher in metaphorical,higher in literal,higher in literal,higher in metaphorical,higher in metaphorical,higher in metaphorical,,,higher in literal,,higher in literal,,,,,,
improve work / boost work,0.9570473133088494,higher in metaphorical,higher in metaphorical,higher in metaphorical,,higher in metaphorical,higher in metaphorical,higher in metaphorical,higher in metaphorical,higher in metaphorical,higher in metaphorical,higher in metaphorical,higher in metaphorical,higher in literal,higher in literal,higher in literal,higher in literal,,higher in literal,higher in metaphorical,higher in literal,higher in literal,higher in literal,,,,,,higher in literal,higher in literal,higher in literal,,,higher in literal,higher in literal,higher in literal,higher in literal,higher in literal,higher in literal,higher in literal,higher in literal,higher in literal,higher in literal,higher in literal,,higher in literal,,,,,,,higher in metaphorical,higher in literal,higher in literal,higher in literal,higher in literal,higher in literal,higher in literal,higher in literal,higher in literal,higher in literal,higher in literal,higher in literal,higher in literal,higher in literal,,higher in literal,,,,,higher in literal,higher in literal,higher in literal,higher in literal,higher in literal,higher in metaphorical,higher in literal,higher in literal,higher in literal,higher in literal,higher in literal,higher in literal,higher in literal,higher in literal,higher in metaphorical,higher in literal,higher in literal,,higher in literal,higher in literal,higher in literal,,higher in metaphorical,higher in metaphorical,higher in metaphorical,higher in literal,,,,,,,higher in literal,,,higher in metaphorical,higher in literal,higher in metaphorical,,higher in metaphorical,,higher in metaphorical,higher in metaphorical,higher in literal,higher in literal,higher in literal,higher in literal,,,,higher in metaphorical,higher in literal,,,,higher in metaphorical,,,higher in literal,higher in literal,higher in literal,higher in literal,higher in literal,,higher in literal,higher in literal,,,,higher in literal,higher in literal,higher in literal,,,,,,,,,,higher in literal,higher in metaphorical,higher in literal,,,higher in literal,higher in literal,higher in literal,,higher in literal,,,,,,
improve result / boost result,0.8708486175860065,higher in metaphorical,higher in metaphorical,higher in metaphorical,higher in metaphorical,higher in metaphorical,higher in metaphorical,higher in metaphorical,higher in metaphorical,higher in metaphorical,higher in metaphorical,higher in metaphorical,higher in metaphorical,higher in metaphorical,,higher in literal,higher in metaphorical,higher in literal,,higher in literal,higher in metaphorical,higher in metaphorical,,higher in literal,,higher in literal,higher in literal,higher in literal,higher in literal,,,,,,higher in literal,higher in literal,higher in literal,higher in literal,higher in literal,higher in literal,higher in literal,higher in metaphorical,,higher in literal,higher in literal,higher in literal,higher in literal,higher in literal,,higher in literal,higher in literal,higher in literal,higher in literal,higher in literal,,,,,,higher in literal,higher in literal,higher in literal,higher in literal,higher in literal,higher in literal,higher in literal,higher in literal,,higher in literal,higher in literal,higher in literal,,,,,,,higher in literal,,higher in metaphorical,higher in metaphorical,,,higher in literal,higher in literal,higher in literal,higher in metaphorical,higher in literal,higher in literal,higher in literal,higher in literal,,higher in literal,,higher in literal,higher in literal,higher in literal,higher in literal,higher in literal,higher in literal,higher in literal,higher in literal,,higher in literal,higher in literal,,higher in literal,higher in literal,higher in literal,,,,higher in literal,higher in literal,higher in literal,,higher in metaphorical,higher in metaphorical,higher in metaphorical,higher in literal,higher in literal,higher in literal,higher in metaphorical,higher in literal,higher in literal,higher in literal,higher in literal,higher in literal,higher in literal,higher in literal,higher in literal,higher in literal,,,,higher in literal,,higher in literal,higher in literal,,,higher in literal,higher in literal,higher in literal,higher in literal,higher in literal,higher in literal,higher in literal,,higher in literal,higher in literal,higher in literal,higher in literal,higher in metaphorical,higher in metaphorical,,higher in literal,higher in literal,,,higher in literal,,higher in literal,,,,,,
end cycle / break cycle,0.5669902904632979,,higher in literal,,,,,,,,,,,,,,,,higher in metaphorical,,,higher in metaphorical,higher in metaphorical,,,,,,,,,,,,,,,,,,higher in metaphorical,higher in metaphorical,higher in metaphorical,,higher in literal,,higher in literal,,,,,,,,,,,,,,,,,,,higher in metaphorical,higher in metaphorical,higher in metaphorical,,higher in metaphorical,,,higher in metaphorical,,higher in metaphorical,higher in metaphorical,higher in metaphorical,higher in literal,,,,higher in metaphorical,higher in metaphorical,,,,,higher in metaphorical,higher in metaphorical,higher in metaphorical,,,higher in metaphorical,,,,,higher in metaphorical,higher in metaphorical,higher in metaphorical,,higher in metaphorical,higher in metaphorical,higher in metaphorical,higher in metaphorical,,,,higher in literal,higher in literal,,,,,higher in literal,higher in metaphorical,,,,higher in literal,,higher in literal,higher in literal,higher in literal,higher in literal,higher in metaphorical,higher in metaphorical,,higher in metaphorical,,higher in literal,higher in literal,higher in metaphorical,,higher in metaphorical,higher in metaphorical,higher in metaphorical,higher in metaphorical,,,,higher in metaphorical,,higher in metaphorical,,,,,,higher in literal,higher in literal,higher in literal,higher in literal,,,higher in metaphorical,,higher in literal,higher in metaphorical,higher in metaphorical,higher in metaphorical,higher in metaphorical,higher in metaphorical,higher in metaphorical,,higher in metaphorical,higher in metaphorical,,
end relationship / break relationship,0.8642562900155746,,higher in literal,higher in metaphorical,higher in metaphorical,higher in metaphorical,,higher in metaphorical,,,higher in metaphorical,higher in metaphorical,higher in metaphorical,,,higher in metaphorical,higher in literal,,,higher in literal,,higher in literal,higher in literal,higher in metaphorical,higher in metaphorical,higher in metaphorical,higher in metaphorical,higher in metaphorical,,higher in metaphorical,,higher in metaphorical,higher in metaphorical,higher in metaphorical,higher in metaphorical,higher in metaphorical,higher in metaphorical,higher in metaphorical,higher in metaphorical,higher in metaphorical,higher in metaphorical,,,higher in metaphorical,higher in literal,higher in metaphorical,higher in literal,higher in metaphorical,higher in metaphorical,higher in metaphorical,higher in metaphorical,higher in metaphorical,higher in literal,,,,higher in metaphorical,higher in metaphorical,higher in metaphorical,,higher in metaphorical,higher in metaphorical,higher in metaphorical,higher in metaphorical,higher in metaphorical,higher in metaphorical,,higher in literal,higher in metaphorical,higher in literal,higher in metaphorical,higher in metaphorical,higher in metaphorical,,higher in metaphorical,higher in metaphorical,higher in metaphorical,,higher in metaphorical,higher in metaphorical,higher in metaphorical,higher in metaphorical,higher in metaphorical,higher in literal,higher in literal,,,,higher in literal,higher in metaphorical,higher in literal,higher in literal,higher in literal,higher in metaphorical,,higher in literal,higher in literal,,higher in literal,higher in metaphorical,,,,,higher in metaphorical,higher in metaphorical,,higher in literal,higher in literal,higher in literal,higher in literal,higher in literal,,higher in literal,higher in literal,higher in metaphorical,higher in metaphorical,higher in metaphorical,higher in metaphorical,higher in metaphorical,higher in metaphorical,higher in metaphorical,higher in literal,higher in literal,higher in literal,higher in literal,higher in literal,higher in literal,higher in literal,higher in literal,higher in literal,higher in literal,higher in metaphorical,higher in metaphorical,higher in metaphorical,,higher in metaphorical,higher in metaphorical,,,,,,higher in metaphorical,,,,,,higher in literal,higher in literal,higher in literal,higher in literal,higher in metaphorical,higher in metaphorical,higher in literal,higher in literal,higher in literal,,,higher in metaphorical,,higher in metaphorical,,,,,,
end contract / break contract,1.549722230058991,,higher in literal,higher in metaphorical,higher in metaphorical,higher in metaphorical,higher in metaphorical,higher in metaphorical,,,higher in metaphorical,higher in metaphorical,higher in metaphorical,higher in literal,higher in literal,higher in literal,higher in literal,higher in literal,higher in literal,higher in literal,higher in literal,higher in literal,higher in literal,higher in literal,higher in literal,higher in literal,higher in literal,higher in literal,,,,,,,higher in literal,higher in literal,higher in literal,higher in literal,higher in literal,higher in literal,higher in literal,higher in literal,higher in literal,higher in literal,higher in literal,higher in literal,higher in literal,higher in literal,higher in literal,higher in literal,higher in literal,higher in literal,higher in literal,,,,,,,higher in literal,higher in literal,higher in literal,higher in literal,higher in literal,higher in literal,higher in literal,higher in literal,higher in literal,higher in literal,higher in literal,higher in literal,higher in metaphorical,higher in metaphorical,,higher in metaphorical,higher in metaphorical,,higher in literal,higher in metaphorical,higher in metaphorical,,higher in literal,higher in literal,higher in literal,higher in literal,,,higher in literal,higher in literal,higher in literal,higher in literal,higher in literal,higher in literal,higher in literal,higher in literal,higher in literal,higher in literal,higher in literal,higher in literal,higher in literal,higher in literal,higher in literal,higher in literal,,higher in literal,higher in literal,higher in literal,higher in literal,higher in literal,higher in literal,higher in literal,higher in literal,higher in literal,higher in literal,higher in literal,higher in metaphorical,,higher in literal,higher in metaphorical,higher in literal,,,higher in metaphorical,higher in literal,higher in literal,higher in literal,higher in literal,higher in literal,higher in literal,higher in literal,higher in literal,higher in literal,higher in literal,,higher in metaphorical,higher in literal,higher in literal,higher in literal,higher in literal,higher in literal,higher in literal,higher in literal,higher in literal,higher in literal,higher in literal,higher in literal,higher in literal,higher in literal,,higher in literal,higher in literal,higher in literal,higher in literal,higher in metaphorical,higher in metaphorical,higher in literal,higher in literal,higher in literal,,,higher in literal,,higher in literal,,,,,,
end marriage / break marriage,1.7599885673168079,,higher in literal,higher in metaphorical,higher in metaphorical,higher in metaphorical,higher in metaphorical,higher in metaphorical,,,higher in metaphorical,higher in metaphorical,higher in metaphorical,,higher in metaphorical,higher in literal,,higher in literal,,higher in literal,,higher in metaphorical,higher in metaphorical,higher in literal,higher in literal,higher in literal,higher in literal,higher in literal,higher in metaphorical,higher in metaphorical,higher in metaphorical,higher in metaphorical,higher in metaphorical,higher in metaphorical,higher in literal,higher in literal,higher in literal,higher in literal,higher in literal,,higher in literal,higher in metaphorical,higher in metaphorical,higher in literal,higher in literal,higher in literal,higher in literal,higher in literal,higher in literal,higher in literal,higher in literal,higher in literal,,higher in metaphorical,higher in metaphorical,higher in metaphorical,higher in metaphorical,higher in metaphorical,higher in metaphorical,higher in literal,higher in literal,higher in literal,higher in literal,higher in literal,,higher in literal,higher in literal,,higher in literal,,higher in literal,higher in metaphorical,higher in metaphorical,higher in metaphorical,higher in metaphorical,,higher in metaphorical,,,higher in metaphorical,higher in metaphorical,higher in metaphorical,higher in metaphorical,higher in literal,,,,higher in literal,higher in literal,higher in literal,higher in literal,,higher in literal,higher in literal,,,,higher in literal,higher in literal,higher in literal,higher in literal,higher in literal,,higher in literal,higher in literal,higher in literal,,,higher in literal,higher in literal,higher in literal,higher in literal,,,,higher in metaphorical,higher in metaphorical,higher in metaphorical,higher in metaphorical,,higher in metaphorical,higher in metaphorical,higher in metaphorical,higher in literal,higher in literal,higher in literal,higher in literal,higher in literal,higher in literal,higher in literal,higher in literal,higher in literal,higher in metaphorical,higher in metaphorical,higher in metaphorical,higher in literal,higher in literal,higher in literal,,,,higher in literal,higher in literal,higher in literal,,,,higher in literal,,higher in literal,higher in literal,higher in literal,higher in literal,higher in metaphorical,higher in metaphorical,higher in literal,higher in literal,higher in literal,higher in metaphorical,higher in metaphorical,higher in literal,,higher in literal,,,higher in metaphorical,higher in metaphorical,,
end process / break process,0.5033969873957557,,higher in literal,higher in metaphorical,,higher in metaphorical,higher in metaphorical,higher in metaphorical,higher in metaphorical,,higher in metaphorical,higher in metaphorical,,,,higher in metaphorical,,,higher in metaphorical,higher in metaphorical,higher in metaphorical,higher in literal,higher in literal,higher in literal,higher in literal,higher in literal,higher in literal,higher in literal,,,,,,,,,,,,,,higher in literal,higher in literal,higher in metaphorical,,,,higher in literal,higher in literal,higher in literal,higher in literal,higher in literal,,,,,,,,,,,,,,,higher in literal,,higher in literal,,higher in literal,,,,higher in metaphorical,,,,higher in literal,,,,,higher in literal,higher in literal,,,higher in metaphorical,higher in metaphorical,higher in metaphorical,higher in metaphorical,,higher in metaphorical,higher in literal,,,,higher in metaphorical,higher in metaphorical,higher in metaphorical,higher in metaphorical,higher in metaphorical,higher in metaphorical,higher in metaphorical,higher in metaphorical,higher in literal,,,,higher in literal,higher in literal,higher in literal,,,,higher in metaphorical,,,,higher in metaphorical,,,higher in literal,,,higher in metaphorical,higher in metaphorical,higher in metaphorical,higher in literal,higher in literal,,,,higher in metaphorical,higher in metaphorical,higher in metaphorical,,higher in metaphorical,,,,higher in literal,,,,,,,,higher in literal,higher in literal,higher in literal,,,higher in metaphorical,higher in literal,,,higher in literal,higher in literal,,,,,higher in metaphorical,higher in literal,,,
instill life / breathe life,1.3412589991881203,,higher in metaphorical,,higher in literal,,,higher in literal,,,,,,higher in metaphorical,,higher in literal,higher in metaphorical,higher in literal,higher in metaphorical,higher in metaphorical,higher in metaphorical,higher in metaphorical,higher in metaphorical,,,,,,higher in literal,higher in literal,,higher in literal,higher in literal,,higher in literal,higher in literal,higher in literal,higher in literal,higher in literal,higher in literal,higher in literal,higher in metaphorical,higher in metaphorical,higher in literal,,higher in literal,,,,,higher in literal,,higher in metaphorical,higher in literal,higher in literal,,higher in literal,higher in literal,,higher in literal,higher in literal,higher in literal,higher in literal,higher in literal,higher in literal,higher in literal,higher in literal,,higher in literal,higher in literal,higher in literal,higher in literal,higher in literal,,higher in literal,higher in literal,,,higher in literal,higher in literal,higher in literal,higher in metaphorical,,,higher in metaphorical,higher in metaphorical,,higher in metaphorical,higher in metaphorical,,higher in metaphorical,higher in metaphorical,higher in metaphorical,,higher in metaphorical,higher in metaphorical,higher in metaphorical,,higher in metaphorical,,higher in metaphorical,higher in metaphorical,higher in metaphorical,higher in metaphorical,higher in literal,,higher in metaphorical,higher in metaphorical,higher in literal,,,,higher in metaphorical,higher in metaphorical,higher in metaphorical,higher in literal,higher in metaphorical,,higher in literal,,,higher in literal,higher in metaphorical,,,higher in metaphorical,higher in metaphorical,higher in metaphorical,higher in literal,higher in literal,higher in literal,higher in literal,,higher in literal,higher in literal,higher in metaphorical,higher in literal,higher in literal,higher in metaphorical,higher in metaphorical,higher in metaphorical,higher in literal,higher in literal,higher in literal,higher in metaphorical,higher in metaphorical,higher in metaphorical,higher in literal,,higher in literal,higher in literal,higher in literal,higher in literal,higher in literal,higher in literal,,higher in literal,higher in literal,higher in metaphorical,higher in metaphorical,higher in literal,higher in metaphorical,higher in literal,higher in metaphorical,higher in metaphorical,higher in metaphorical,higher in metaphorical,,
instill sense / breathe sense,0.7628723137028486,higher in metaphorical,,higher in metaphorical,,higher in metaphorical,higher in metaphorical,higher in metaphorical,higher in metaphorical,higher in metaphorical,higher in metaphorical,higher in metaphorical,higher in metaphorical,higher in literal,higher in metaphorical,higher in literal,,higher in literal,higher in metaphorical,higher in literal,higher in metaphorical,,higher in metaphorical,,,,,,higher in metaphorical,higher in metaphorical,higher in metaphorical,,,,higher in literal,,,,,,higher in literal,,higher in metaphorical,higher in literal,higher in literal,higher in literal,,,,,,,,higher in metaphorical,higher in metaphorical,higher in metaphorical,,,,higher in literal,,,,,,higher in literal,higher in literal,,higher in metaphorical,,higher in metaphorical,higher in literal,higher in literal,,higher in literal,higher in literal,higher in literal,,higher in literal,higher in literal,,,,higher in literal,higher in literal,higher in literal,higher in metaphorical,higher in literal,higher in metaphorical,higher in literal,higher in metaphorical,higher in metaphorical,higher in metaphorical,,,,,higher in literal,higher in metaphorical,higher in literal,higher in metaphorical,higher in metaphorical,higher in metaphorical,higher in metaphorical,higher in literal,,,,,higher in literal,higher in literal,higher in literal,,,,higher in literal,higher in metaphorical,higher in metaphorical,higher in literal,,higher in literal,higher in literal,higher in metaphorical,higher in literal,,,,higher in literal,higher in literal,higher in literal,,higher in literal,higher in metaphorical,higher in literal,higher in literal,higher in metaphorical,higher in literal,higher in literal,higher in literal,higher in literal,,,,higher in literal,higher in literal,higher in literal,,,,higher in literal,higher in literal,higher in literal,higher in literal,higher in literal,higher in literal,higher in literal,higher in literal,,,,higher in literal,,higher in literal,,,,,,
instill confidence / breathe confidence,1.3465997274922406,higher in metaphorical,higher in metaphorical,higher in metaphorical,,higher in metaphorical,higher in metaphorical,higher in metaphorical,higher in metaphorical,higher in metaphorical,higher in metaphorical,higher in metaphorical,higher in metaphorical,higher in metaphorical,higher in metaphorical,higher in literal,higher in metaphorical,higher in literal,higher in literal,higher in literal,,higher in metaphorical,higher in metaphorical,higher in metaphorical,higher in metaphorical,higher in metaphorical,higher in metaphorical,higher in metaphorical,higher in literal,higher in literal,higher in literal,higher in literal,higher in literal,higher in literal,higher in literal,higher in literal,higher in literal,higher in literal,higher in literal,higher in literal,higher in literal,higher in metaphorical,higher in metaphorical,higher in literal,higher in literal,higher in literal,higher in literal,higher in metaphorical,higher in metaphorical,higher in metaphorical,higher in metaphorical,higher in metaphorical,,higher in literal,higher in literal,higher in literal,higher in literal,higher in literal,higher in literal,higher in literal,higher in literal,higher in literal,higher in literal,higher in literal,higher in literal,higher in literal,higher in literal,,,higher in literal,,higher in literal,higher in literal,higher in literal,,higher in metaphorical,higher in literal,higher in metaphorical,higher in literal,higher in literal,higher in literal,higher in literal,higher in literal,higher in literal,higher in literal,higher in literal,higher in metaphorical,higher in literal,higher in literal,higher in literal,higher in literal,higher in metaphorical,higher in literal,higher in metaphorical,,,,higher in literal,higher in literal,higher in literal,higher in literal,higher in literal,higher in literal,higher in literal,higher in literal,,,,higher in literal,higher in metaphorical,higher in metaphorical,higher in metaphorical,higher in metaphorical,higher in metaphorical,higher in metaphorical,higher in literal,higher in literal,higher in literal,higher in literal,higher in metaphorical,higher in metaphorical,higher in metaphorical,higher in metaphorical,,,higher in literal,higher in literal,higher in literal,,,higher in literal,higher in literal,,higher in literal,higher in metaphorical,higher in literal,higher in literal,higher in literal,,,,higher in literal,higher in literal,higher in literal,,,,higher in literal,,higher in literal,higher in literal,higher in literal,higher in literal,higher in literal,,,,higher in literal,,,higher in literal,,higher in literal,,,,,,
instill value / breathe value,1.7642683565639155,higher in metaphorical,,higher in metaphorical,higher in literal,higher in metaphorical,higher in metaphorical,higher in metaphorical,higher in metaphorical,higher in metaphorical,higher in metaphorical,higher in metaphorical,higher in metaphorical,higher in metaphorical,higher in metaphorical,higher in metaphorical,,higher in metaphorical,higher in metaphorical,higher in metaphorical,higher in metaphorical,,,higher in metaphorical,higher in metaphorical,higher in metaphorical,higher in metaphorical,higher in metaphorical,,higher in literal,higher in literal,higher in literal,higher in literal,higher in literal,higher in metaphorical,higher in metaphorical,higher in metaphorical,higher in metaphorical,higher in metaphorical,higher in metaphorical,higher in metaphorical,,,higher in metaphorical,higher in metaphorical,higher in metaphorical,higher in metaphorical,higher in metaphorical,higher in metaphorical,higher in metaphorical,higher in metaphorical,higher in metaphorical,higher in metaphorical,higher in literal,higher in literal,higher in literal,higher in literal,higher in literal,higher in literal,higher in metaphorical,higher in metaphorical,higher in metaphorical,higher in metaphorical,higher in metaphorical,higher in metaphorical,higher in metaphorical,higher in metaphorical,higher in literal,higher in metaphorical,higher in literal,higher in metaphorical,higher in literal,higher in metaphorical,higher in metaphorical,higher in metaphorical,higher in metaphorical,higher in metaphorical,higher in metaphorical,higher in literal,higher in literal,higher in literal,,higher in metaphorical,higher in literal,higher in literal,higher in literal,higher in metaphorical,higher in metaphorical,higher in metaphorical,higher in metaphorical,higher in metaphorical,,higher in metaphorical,higher in metaphorical,higher in metaphorical,higher in metaphorical,higher in metaphorical,higher in metaphorical,higher in metaphorical,higher in metaphorical,higher in metaphorical,higher in metaphorical,higher in metaphorical,higher in metaphorical,,higher in metaphorical,higher in metaphorical,higher in metaphorical,higher in metaphorical,,higher in literal,,higher in metaphorical,higher in metaphorical,higher in metaphorical,higher in literal,higher in literal,higher in literal,higher in literal,higher in metaphorical,higher in metaphorical,higher in metaphorical,higher in literal,higher in metaphorical,higher in metaphorical,higher in metaphorical,higher in metaphorical,higher in metaphorical,,,higher in metaphorical,higher in metaphorical,,higher in literal,higher in literal,higher in metaphorical,,,higher in metaphorical,,higher in metaphorical,higher in metaphorical,higher in metaphorical,,higher in metaphorical,higher in metaphorical,higher in metaphorical,higher in metaphorical,,,,,,,higher in literal,,,higher in metaphorical,,,higher in metaphorical,higher in metaphorical,higher in metaphorical,,,,,,
instill spirit / breathe spirit,1.0452743914664286,higher in metaphorical,higher in literal,higher in metaphorical,higher in literal,higher in metaphorical,higher in metaphorical,higher in metaphorical,higher in metaphorical,,higher in metaphorical,higher in metaphorical,higher in metaphorical,,,higher in literal,,higher in literal,higher in metaphorical,higher in metaphorical,higher in metaphorical,higher in literal,higher in literal,higher in metaphorical,higher in metaphorical,higher in metaphorical,higher in metaphorical,higher in metaphorical,higher in literal,higher in literal,higher in literal,higher in literal,higher in literal,higher in literal,,,,,,,higher in literal,higher in literal,higher in literal,higher in literal,higher in literal,higher in literal,higher in literal,higher in metaphorical,higher in metaphorical,higher in metaphorical,higher in metaphorical,higher in metaphorical,,higher in literal,higher in literal,higher in literal,higher in literal,higher in literal,higher in literal,,,,,,,higher in literal,higher in literal,higher in literal,higher in metaphorical,higher in literal,higher in metaphorical,higher in literal,higher in literal,,,higher in metaphorical,,higher in metaphorical,higher in literal,higher in literal,higher in literal,,,higher in literal,higher in literal,,,,higher in metaphorical,,higher in metaphorical,,higher in metaphorical,higher in metaphorical,,,,,higher in metaphorical,,higher in metaphorical,higher in metaphorical,higher in metaphorical,higher in metaphorical,higher in literal,higher in metaphorical,,,,higher in literal,higher in literal,higher in literal,higher in metaphorical,higher in metaphorical,higher in metaphorical,higher in literal,,,higher in literal,higher in literal,,,higher in literal,higher in literal,higher in literal,higher in metaphorical,higher in metaphorical,higher in metaphorical,higher in literal,higher in literal,higher in literal,,higher in metaphorical,higher in literal,higher in metaphorical,higher in metaphorical,higher in literal,higher in literal,,,,higher in literal,higher in literal,higher in literal,,,,higher in literal,higher in literal,higher in literal,,higher in literal,,higher in literal,higher in literal,higher in literal,higher in literal,,higher in literal,higher in literal,higher in literal,higher in literal,higher in literal,higher in literal,,higher in literal,higher in literal,,
instill love / breathe love,1.6169958880798785,higher in metaphorical,higher in literal,higher in metaphorical,higher in literal,higher in metaphorical,higher in metaphorical,higher in metaphorical,higher in metaphorical,higher in metaphorical,,higher in literal,higher in literal,higher in metaphorical,higher in metaphorical,,higher in metaphorical,higher in metaphorical,higher in literal,higher in literal,,higher in literal,higher in literal,higher in metaphorical,higher in metaphorical,higher in metaphorical,higher in metaphorical,higher in metaphorical,higher in literal,higher in literal,higher in literal,higher in literal,higher in literal,higher in literal,higher in literal,higher in literal,,higher in literal,,,higher in literal,higher in literal,higher in literal,,higher in literal,higher in metaphorical,higher in metaphorical,higher in metaphorical,higher in metaphorical,higher in metaphorical,higher in metaphorical,higher in metaphorical,higher in metaphorical,higher in literal,higher in literal,higher in literal,higher in literal,higher in literal,higher in literal,higher in literal,higher in literal,,higher in literal,,,higher in literal,higher in literal,higher in literal,higher in metaphorical,higher in literal,higher in metaphorical,higher in literal,,higher in metaphorical,higher in literal,higher in literal,higher in literal,higher in metaphorical,higher in literal,higher in literal,higher in literal,higher in metaphorical,higher in metaphorical,higher in literal,higher in literal,higher in literal,higher in metaphorical,higher in literal,higher in literal,higher in metaphorical,,higher in metaphorical,higher in literal,higher in metaphorical,higher in metaphorical,higher in metaphorical,higher in metaphorical,higher in literal,higher in literal,higher in metaphorical,,higher in literal,higher in literal,higher in literal,higher in metaphorical,higher in metaphorical,higher in metaphorical,higher in metaphorical,higher in metaphorical,,,,higher in metaphorical,higher in metaphorical,higher in metaphorical,higher in literal,,,,higher in metaphorical,higher in metaphorical,higher in metaphorical,higher in literal,,higher in metaphorical,higher in literal,higher in literal,higher in literal,higher in literal,,higher in metaphorical,higher in metaphorical,,higher in literal,higher in literal,higher in literal,higher in literal,higher in metaphorical,,,,higher in literal,higher in metaphorical,higher in literal,,,,higher in metaphorical,,higher in metaphorical,,,,,higher in literal,higher in literal,higher in metaphorical,higher in metaphorical,higher in literal,higher in literal,higher in metaphorical,higher in literal,higher in metaphorical,higher in metaphorical,,higher in literal,higher in literal,,
instill hope / breathe hope,0.8078356993592104,,higher in literal,,,,,,,higher in literal,,,,,,,higher in metaphorical,,higher in metaphorical,higher in metaphorical,higher in metaphorical,higher in metaphorical,higher in metaphorical,higher in metaphorical,higher in metaphorical,higher in metaphorical,higher in metaphorical,higher in metaphorical,higher in literal,,,higher in literal,,,higher in metaphorical,higher in metaphorical,higher in metaphorical,higher in metaphorical,higher in metaphorical,higher in metaphorical,,higher in metaphorical,higher in metaphorical,,,,,higher in metaphorical,higher in metaphorical,higher in metaphorical,higher in metaphorical,higher in metaphorical,higher in metaphorical,higher in literal,,,higher in literal,,higher in literal,higher in metaphorical,higher in metaphorical,higher in metaphorical,higher in metaphorical,higher in metaphorical,higher in metaphorical,,higher in metaphorical,higher in literal,higher in metaphorical,higher in literal,higher in metaphorical,higher in literal,,,higher in metaphorical,higher in literal,higher in metaphorical,higher in metaphorical,higher in metaphorical,higher in metaphorical,higher in metaphorical,higher in metaphorical,higher in metaphorical,,,,,higher in literal,,higher in metaphorical,higher in metaphorical,higher in metaphorical,,higher in metaphorical,higher in metaphorical,higher in metaphorical,higher in metaphorical,higher in literal,,higher in metaphorical,higher in metaphorical,,higher in metaphorical,higher in metaphorical,,higher in metaphorical,higher in metaphorical,higher in metaphorical,higher in metaphorical,higher in metaphorical,,higher in metaphorical,,,,higher in literal,higher in metaphorical,higher in metaphorical,higher in metaphorical,higher in literal,,,,,,higher in literal,higher in literal,higher in metaphorical,,,,,higher in literal,higher in literal,,higher in metaphorical,,,,,,higher in metaphorical,higher in metaphorical,,,,,higher in metaphorical,,,,,,higher in metaphorical,higher in metaphorical,,,higher in metaphorical,,,,,,,,,,,
instill idea / breathe idea,1.337175935977385,,higher in literal,,,,,,,higher in metaphorical,,,higher in literal,,,higher in metaphorical,,higher in metaphorical,,higher in literal,,higher in metaphorical,higher in metaphorical,higher in metaphorical,higher in metaphorical,higher in metaphorical,higher in metaphorical,higher in metaphorical,higher in metaphorical,higher in metaphorical,higher in metaphorical,higher in metaphorical,,,,,,,,,higher in metaphorical,higher in metaphorical,higher in metaphorical,higher in metaphorical,higher in metaphorical,higher in metaphorical,higher in metaphorical,higher in metaphorical,higher in metaphorical,higher in metaphorical,higher in metaphorical,higher in metaphorical,higher in literal,higher in metaphorical,higher in metaphorical,higher in metaphorical,higher in metaphorical,,,,,,,,,higher in metaphorical,higher in metaphorical,higher in metaphorical,higher in metaphorical,higher in metaphorical,higher in metaphorical,,higher in metaphorical,higher in metaphorical,higher in literal,higher in literal,higher in literal,higher in metaphorical,higher in metaphorical,,higher in metaphorical,,,,,higher in literal,higher in metaphorical,higher in metaphorical,,higher in metaphorical,higher in literal,,higher in literal,higher in metaphorical,higher in literal,higher in literal,higher in literal,higher in metaphorical,,higher in metaphorical,higher in literal,higher in literal,,higher in literal,higher in metaphorical,higher in metaphorical,higher in literal,higher in literal,higher in literal,higher in metaphorical,higher in metaphorical,higher in metaphorical,higher in metaphorical,higher in metaphorical,higher in metaphorical,higher in metaphorical,higher in metaphorical,higher in metaphorical,,higher in metaphorical,higher in metaphorical,higher in metaphorical,higher in literal,higher in metaphorical,higher in metaphorical,higher in literal,higher in literal,higher in literal,higher in metaphorical,higher in metaphorical,higher in metaphorical,higher in metaphorical,higher in metaphorical,higher in metaphorical,higher in literal,higher in literal,higher in metaphorical,higher in metaphorical,,higher in literal,higher in literal,higher in metaphorical,higher in metaphorical,higher in metaphorical,,higher in literal,higher in literal,higher in metaphorical,,higher in literal,higher in literal,higher in literal,higher in literal,higher in metaphorical,,higher in metaphorical,higher in metaphorical,higher in literal,higher in metaphorical,higher in metaphorical,higher in metaphorical,,higher in metaphorical,,,higher in metaphorical,higher in metaphorical,,
instill passion / breathe passion,1.2414965110757423,higher in metaphorical,,higher in metaphorical,higher in metaphorical,higher in metaphorical,higher in metaphorical,higher in metaphorical,higher in metaphorical,higher in metaphorical,higher in metaphorical,higher in metaphorical,higher in metaphorical,higher in metaphorical,higher in metaphorical,higher in metaphorical,higher in metaphorical,,higher in literal,higher in literal,,,,higher in metaphorical,higher in metaphorical,,higher in metaphorical,,higher in metaphorical,higher in metaphorical,higher in metaphorical,,,,higher in metaphorical,higher in metaphorical,higher in metaphorical,higher in metaphorical,higher in metaphorical,higher in metaphorical,higher in metaphorical,,,higher in metaphorical,,,,higher in metaphorical,higher in metaphorical,,higher in metaphorical,,higher in literal,higher in metaphorical,,higher in metaphorical,,,,higher in metaphorical,higher in metaphorical,higher in metaphorical,higher in metaphorical,higher in metaphorical,higher in metaphorical,higher in metaphorical,higher in metaphorical,higher in literal,higher in metaphorical,higher in literal,higher in metaphorical,higher in metaphorical,,higher in literal,,higher in literal,,higher in metaphorical,higher in metaphorical,higher in literal,higher in metaphorical,higher in metaphorical,higher in metaphorical,higher in literal,higher in literal,higher in literal,higher in metaphorical,higher in literal,higher in literal,higher in literal,higher in literal,higher in metaphorical,higher in literal,higher in metaphorical,higher in literal,higher in literal,higher in literal,higher in literal,higher in literal,higher in literal,higher in literal,higher in literal,higher in literal,higher in literal,,,higher in literal,higher in literal,,higher in metaphorical,,higher in metaphorical,higher in metaphorical,higher in metaphorical,higher in metaphorical,higher in metaphorical,,,,higher in metaphorical,higher in metaphorical,higher in metaphorical,higher in metaphorical,,,higher in literal,higher in literal,higher in literal,higher in literal,higher in literal,higher in literal,higher in literal,,higher in metaphorical,higher in literal,higher in literal,higher in metaphorical,,,,,higher in metaphorical,higher in metaphorical,higher in metaphorical,,,,higher in metaphorical,,higher in literal,higher in literal,higher in literal,higher in literal,higher in literal,higher in metaphorical,,higher in literal,,,,higher in metaphorical,,higher in metaphorical,,,,,,
believe story / buy story,0.9799108584493736,,higher in literal,,higher in metaphorical,higher in metaphorical,,higher in metaphorical,,,higher in metaphorical,,,higher in literal,higher in literal,higher in metaphorical,higher in literal,higher in metaphorical,higher in literal,higher in literal,higher in literal,higher in literal,higher in literal,higher in metaphorical,higher in metaphorical,higher in metaphorical,higher in metaphorical,higher in metaphorical,higher in metaphorical,higher in metaphorical,higher in metaphorical,higher in metaphorical,higher in metaphorical,higher in metaphorical,,,,,,higher in metaphorical,higher in metaphorical,higher in literal,higher in literal,higher in metaphorical,higher in metaphorical,higher in metaphorical,higher in metaphorical,higher in metaphorical,higher in metaphorical,higher in metaphorical,higher in metaphorical,higher in metaphorical,,higher in metaphorical,higher in metaphorical,higher in metaphorical,higher in metaphorical,higher in metaphorical,higher in metaphorical,,higher in metaphorical,higher in metaphorical,,higher in metaphorical,higher in metaphorical,higher in metaphorical,,higher in literal,higher in metaphorical,higher in literal,higher in metaphorical,,higher in metaphorical,,,higher in metaphorical,,higher in literal,higher in metaphorical,higher in metaphorical,higher in metaphorical,higher in metaphorical,higher in metaphorical,higher in literal,higher in literal,,,,higher in literal,,higher in literal,higher in literal,higher in literal,higher in metaphorical,,,,,,,,higher in literal,higher in literal,higher in literal,higher in metaphorical,higher in metaphorical,,,,higher in literal,higher in literal,higher in literal,higher in literal,higher in literal,higher in literal,higher in metaphorical,higher in metaphorical,higher in metaphorical,higher in metaphorical,higher in literal,higher in literal,,higher in literal,higher in metaphorical,higher in metaphorical,higher in literal,higher in literal,higher in literal,,,,,higher in metaphorical,,higher in metaphorical,higher in literal,higher in metaphorical,higher in metaphorical,,,,,,higher in metaphorical,,,,higher in metaphorical,,higher in literal,higher in literal,higher in literal,higher in literal,higher in metaphorical,higher in metaphorical,higher in literal,,,higher in literal,higher in literal,higher in metaphorical,,higher in metaphorical,higher in literal,,higher in literal,,,
believe word / buy word,1.0466926104944645,higher in metaphorical,higher in literal,higher in metaphorical,higher in metaphorical,higher in metaphorical,higher in metaphorical,higher in metaphorical,higher in metaphorical,,higher in metaphorical,higher in metaphorical,higher in metaphorical,,,higher in metaphorical,higher in literal,higher in metaphorical,higher in literal,higher in literal,higher in literal,higher in literal,higher in literal,higher in metaphorical,higher in metaphorical,higher in metaphorical,higher in metaphorical,higher in metaphorical,higher in metaphorical,higher in metaphorical,higher in metaphorical,higher in metaphorical,higher in metaphorical,higher in metaphorical,higher in metaphorical,higher in metaphorical,higher in metaphorical,higher in metaphorical,higher in metaphorical,higher in metaphorical,higher in metaphorical,higher in literal,,higher in metaphorical,higher in metaphorical,higher in metaphorical,,higher in metaphorical,higher in metaphorical,higher in metaphorical,higher in metaphorical,higher in metaphorical,higher in literal,higher in metaphorical,higher in metaphorical,higher in metaphorical,higher in metaphorical,higher in metaphorical,higher in metaphorical,higher in metaphorical,higher in metaphorical,higher in metaphorical,higher in metaphorical,higher in metaphorical,higher in metaphorical,higher in metaphorical,,higher in literal,higher in metaphorical,higher in literal,higher in metaphorical,higher in metaphorical,higher in metaphorical,,,,,higher in literal,higher in metaphorical,higher in metaphorical,higher in metaphorical,,,higher in literal,higher in literal,higher in literal,higher in metaphorical,higher in literal,higher in literal,higher in literal,higher in literal,higher in literal,higher in literal,higher in metaphorical,,higher in literal,higher in literal,higher in literal,higher in literal,higher in literal,higher in literal,higher in literal,higher in literal,higher in literal,,higher in metaphorical,,higher in literal,higher in literal,higher in literal,higher in literal,higher in literal,higher in literal,higher in literal,higher in literal,higher in metaphorical,higher in metaphorical,higher in metaphorical,higher in metaphorical,higher in literal,higher in literal,higher in literal,,,,higher in literal,higher in literal,higher in literal,higher in literal,higher in literal,higher in literal,higher in literal,,,,higher in literal,,,,,,,,,,,,,,higher in literal,higher in literal,higher in literal,higher in literal,higher in metaphorical,higher in metaphorical,higher in literal,higher in literal,higher in literal,higher in literal,,higher in metaphorical,,higher in metaphorical,,higher in literal,,,,
believe lie / buy lie,1.0757068125023923,higher in literal,higher in literal,higher in literal,higher in metaphorical,,higher in literal,,higher in literal,,higher in literal,higher in literal,higher in literal,,,higher in metaphorical,,higher in metaphorical,higher in literal,higher in literal,higher in literal,higher in metaphorical,,higher in metaphorical,higher in metaphorical,higher in metaphorical,higher in metaphorical,higher in metaphorical,higher in metaphorical,higher in metaphorical,higher in metaphorical,higher in metaphorical,higher in metaphorical,higher in metaphorical,,higher in metaphorical,higher in metaphorical,higher in metaphorical,higher in metaphorical,higher in metaphorical,higher in metaphorical,higher in metaphorical,,higher in metaphorical,,higher in metaphorical,,higher in metaphorical,higher in metaphorical,higher in metaphorical,higher in metaphorical,higher in metaphorical,,higher in metaphorical,higher in metaphorical,higher in metaphorical,higher in metaphorical,higher in metaphorical,higher in metaphorical,,higher in metaphorical,higher in metaphorical,higher in metaphorical,higher in metaphorical,higher in metaphorical,higher in metaphorical,,higher in literal,higher in metaphorical,higher in literal,higher in metaphorical,,higher in metaphorical,higher in literal,higher in metaphorical,,higher in metaphorical,higher in literal,higher in metaphorical,higher in metaphorical,higher in metaphorical,higher in metaphorical,higher in metaphorical,,higher in metaphorical,,,,higher in literal,,higher in literal,,higher in literal,higher in metaphorical,higher in metaphorical,,,,higher in literal,,higher in literal,higher in literal,higher in literal,higher in literal,higher in metaphorical,higher in metaphorical,higher in metaphorical,,,higher in literal,higher in literal,higher in literal,,higher in literal,higher in literal,higher in metaphorical,higher in metaphorical,higher in metaphorical,,,,,higher in literal,,,higher in literal,higher in literal,higher in literal,,higher in literal,,,higher in metaphorical,higher in metaphorical,,higher in literal,higher in metaphorical,higher in metaphorical,higher in metaphorical,,,,,higher in metaphorical,higher in metaphorical,,,,,higher in literal,,,,higher in metaphorical,,,higher in literal,,higher in metaphorical,higher in metaphorical,higher in metaphorical,higher in metaphorical,higher in metaphorical,,,higher in metaphorical,,,
cause doubt / cast doubt,0.7236696349432824,,higher in metaphorical,,higher in metaphorical,,,higher in literal,higher in literal,,,,,,,higher in literal,,higher in literal,,higher in literal,,,,,,,,,higher in metaphorical,higher in metaphorical,higher in metaphorical,higher in metaphorical,higher in metaphorical,higher in metaphorical,higher in metaphorical,,,higher in metaphorical,,,higher in literal,,,higher in literal,,higher in literal,higher in literal,,,,,,,higher in metaphorical,higher in metaphorical,higher in metaphorical,higher in metaphorical,higher in metaphorical,higher in metaphorical,higher in metaphorical,,,higher in metaphorical,,,higher in literal,higher in literal,,,,,,higher in metaphorical,higher in metaphorical,higher in metaphorical,higher in metaphorical,higher in metaphorical,higher in literal,,higher in metaphorical,higher in metaphorical,higher in literal,higher in literal,higher in metaphorical,,,,higher in literal,,higher in literal,higher in literal,,,,,,,higher in literal,,higher in literal,higher in literal,,,,higher in literal,,,,higher in literal,higher in literal,higher in literal,higher in literal,higher in literal,higher in literal,higher in literal,higher in metaphorical,higher in metaphorical,higher in metaphorical,higher in metaphorical,higher in literal,higher in literal,higher in literal,higher in metaphorical,,higher in literal,higher in literal,higher in literal,higher in literal,higher in literal,higher in literal,higher in literal,higher in literal,higher in metaphorical,higher in metaphorical,higher in metaphorical,,higher in literal,higher in literal,,,,higher in literal,higher in literal,higher in literal,,,,higher in literal,,,,,,higher in metaphorical,,higher in literal,higher in literal,higher in literal,,,higher in literal,,higher in literal,,,,,,
cause issue / cast issue,0.6051398382215117,,,,higher in literal,,,,,higher in metaphorical,,,,higher in literal,higher in literal,,higher in literal,higher in metaphorical,,,,higher in literal,higher in literal,,,,,,higher in metaphorical,higher in metaphorical,higher in metaphorical,higher in metaphorical,higher in metaphorical,higher in metaphorical,higher in literal,higher in literal,higher in literal,higher in literal,higher in literal,higher in literal,,higher in literal,higher in literal,,higher in metaphorical,higher in metaphorical,higher in metaphorical,,,,,,higher in metaphorical,higher in metaphorical,higher in metaphorical,higher in metaphorical,higher in metaphorical,higher in metaphorical,higher in metaphorical,higher in literal,higher in literal,higher in literal,higher in literal,higher in literal,higher in literal,,,,,higher in metaphorical,,higher in metaphorical,,higher in metaphorical,higher in literal,,higher in literal,higher in literal,,,,higher in literal,higher in literal,,,,,,,,,higher in literal,,,,higher in metaphorical,higher in metaphorical,higher in metaphorical,higher in metaphorical,,higher in metaphorical,higher in metaphorical,higher in metaphorical,,,,,higher in metaphorical,,,,higher in literal,higher in literal,higher in literal,higher in literal,,higher in literal,,,,,,higher in literal,,higher in metaphorical,,higher in metaphorical,,,higher in metaphorical,,,,,higher in metaphorical,,,,,,,higher in literal,,,,,,,,,,,,higher in metaphorical,,,higher in metaphorical,,,,,,,,,,,,
cause fear / cast fear,1.3772392076125333,higher in literal,higher in literal,higher in literal,higher in metaphorical,higher in literal,higher in literal,,higher in literal,,higher in literal,higher in literal,higher in literal,higher in literal,higher in literal,higher in metaphorical,higher in literal,higher in metaphorical,higher in literal,higher in literal,higher in literal,higher in literal,higher in literal,higher in metaphorical,higher in metaphorical,higher in metaphorical,,,higher in literal,higher in literal,higher in literal,,higher in literal,higher in literal,higher in literal,higher in literal,higher in literal,higher in literal,higher in literal,higher in literal,higher in metaphorical,higher in literal,higher in literal,higher in metaphorical,higher in metaphorical,higher in metaphorical,higher in metaphorical,higher in metaphorical,higher in metaphorical,higher in metaphorical,,,higher in metaphorical,higher in literal,higher in literal,higher in literal,,higher in literal,,higher in literal,higher in literal,higher in literal,higher in literal,higher in literal,higher in literal,higher in metaphorical,higher in metaphorical,higher in metaphorical,,higher in metaphorical,,,,higher in metaphorical,higher in literal,higher in literal,higher in literal,,higher in metaphorical,higher in metaphorical,higher in metaphorical,,,higher in metaphorical,higher in metaphorical,,,,higher in literal,higher in metaphorical,higher in literal,higher in literal,higher in literal,higher in metaphorical,higher in metaphorical,higher in metaphorical,higher in metaphorical,,higher in literal,higher in metaphorical,higher in literal,higher in literal,higher in literal,higher in literal,higher in metaphorical,higher in metaphorical,higher in metaphorical,higher in metaphorical,higher in metaphorical,,higher in literal,higher in metaphorical,higher in metaphorical,higher in metaphorical,,,higher in metaphorical,higher in metaphorical,,higher in literal,,higher in metaphorical,higher in literal,higher in metaphorical,higher in metaphorical,higher in literal,higher in literal,higher in literal,higher in metaphorical,higher in metaphorical,higher in metaphorical,higher in metaphorical,higher in metaphorical,higher in metaphorical,higher in literal,higher in literal,higher in metaphorical,higher in metaphorical,higher in metaphorical,higher in metaphorical,higher in metaphorical,higher in metaphorical,higher in metaphorical,higher in metaphorical,higher in metaphorical,higher in metaphorical,higher in metaphorical,higher in metaphorical,,,,,,higher in metaphorical,,higher in metaphorical,higher in metaphorical,higher in metaphorical,higher in literal,,higher in metaphorical,,higher in metaphorical,,higher in literal,,,,
get disease / catch disease,0.7992538465347413,higher in literal,,higher in literal,higher in metaphorical,higher in literal,higher in literal,higher in literal,higher in literal,higher in literal,higher in literal,higher in literal,higher in literal,higher in metaphorical,higher in metaphorical,,,higher in metaphorical,,higher in literal,,,,higher in literal,higher in literal,higher in literal,,higher in literal,higher in metaphorical,higher in metaphorical,higher in metaphorical,higher in metaphorical,higher in metaphorical,higher in metaphorical,,,,,,,higher in metaphorical,,higher in metaphorical,,higher in metaphorical,,higher in metaphorical,higher in literal,higher in literal,higher in literal,,higher in literal,higher in metaphorical,higher in metaphorical,higher in metaphorical,higher in metaphorical,higher in metaphorical,higher in metaphorical,higher in metaphorical,,,,,,,higher in metaphorical,,higher in metaphorical,,higher in metaphorical,,higher in metaphorical,higher in metaphorical,,higher in metaphorical,,higher in metaphorical,higher in literal,higher in literal,higher in metaphorical,higher in metaphorical,,higher in metaphorical,higher in metaphorical,higher in metaphorical,higher in metaphorical,higher in literal,higher in literal,,higher in literal,,higher in metaphorical,higher in literal,higher in literal,higher in metaphorical,higher in metaphorical,higher in metaphorical,higher in literal,,higher in literal,,higher in literal,,higher in literal,higher in metaphorical,higher in literal,higher in metaphorical,higher in metaphorical,,higher in literal,higher in metaphorical,higher in literal,higher in literal,higher in literal,higher in literal,higher in metaphorical,,higher in metaphorical,higher in metaphorical,,higher in literal,,higher in metaphorical,higher in metaphorical,higher in metaphorical,higher in literal,higher in literal,higher in literal,,,,,higher in metaphorical,higher in metaphorical,,higher in literal,higher in metaphorical,higher in metaphorical,higher in metaphorical,higher in metaphorical,higher in metaphorical,,,higher in metaphorical,higher in metaphorical,higher in metaphorical,higher in metaphorical,,,,,,,higher in metaphorical,higher in metaphorical,,,,,,higher in metaphorical,,higher in metaphorical,,higher in literal,,,,
get idea / catch idea,0.9550879335904925,higher in metaphorical,,higher in metaphorical,,higher in metaphorical,higher in metaphorical,higher in metaphorical,higher in metaphorical,,higher in metaphorical,higher in metaphorical,higher in metaphorical,,,higher in literal,higher in literal,higher in literal,higher in metaphorical,higher in metaphorical,,,,higher in literal,higher in literal,higher in literal,higher in literal,higher in literal,higher in literal,higher in literal,higher in literal,higher in literal,higher in literal,higher in literal,higher in literal,higher in literal,higher in literal,higher in literal,higher in literal,higher in literal,higher in literal,,,higher in literal,higher in literal,higher in literal,higher in literal,higher in literal,higher in literal,higher in literal,higher in literal,higher in literal,,higher in literal,higher in literal,higher in literal,higher in literal,higher in literal,higher in literal,higher in literal,higher in literal,higher in literal,higher in literal,higher in literal,higher in literal,higher in literal,,higher in metaphorical,higher in literal,higher in metaphorical,higher in literal,,higher in literal,,higher in literal,higher in literal,higher in literal,higher in metaphorical,,,higher in metaphorical,higher in literal,higher in literal,higher in literal,higher in literal,higher in literal,higher in metaphorical,,,,,,higher in metaphorical,higher in literal,,,,,higher in metaphorical,,higher in metaphorical,higher in metaphorical,higher in metaphorical,higher in metaphorical,higher in literal,higher in literal,,,,,higher in literal,,higher in metaphorical,higher in metaphorical,higher in metaphorical,higher in literal,higher in metaphorical,higher in metaphorical,,higher in metaphorical,higher in metaphorical,higher in metaphorical,higher in metaphorical,higher in literal,higher in literal,higher in metaphorical,higher in metaphorical,higher in metaphorical,,,higher in literal,,,,,higher in metaphorical,higher in literal,higher in literal,,,,higher in literal,higher in literal,,,,,higher in literal,,,,,,,,,,,,,higher in literal,,higher in literal,,,,,,
get chance / catch chance,1.4803171714011643,higher in metaphorical,higher in metaphorical,higher in metaphorical,higher in metaphorical,higher in metaphorical,higher in metaphorical,higher in metaphorical,higher in metaphorical,higher in metaphorical,higher in metaphorical,higher in metaphorical,higher in metaphorical,,higher in literal,higher in literal,,higher in literal,higher in literal,higher in literal,higher in literal,,higher in literal,higher in literal,higher in literal,higher in literal,higher in literal,higher in literal,higher in literal,higher in literal,higher in literal,higher in literal,higher in literal,higher in literal,higher in literal,higher in literal,higher in literal,higher in literal,higher in literal,higher in literal,higher in literal,,higher in literal,higher in literal,,higher in literal,,higher in literal,higher in literal,higher in literal,higher in literal,higher in literal,higher in metaphorical,higher in literal,higher in literal,higher in literal,higher in literal,higher in literal,higher in literal,higher in literal,higher in literal,higher in literal,higher in literal,higher in literal,higher in literal,higher in literal,higher in literal,higher in metaphorical,higher in literal,higher in metaphorical,higher in literal,higher in metaphorical,,higher in metaphorical,higher in literal,higher in literal,higher in literal,higher in metaphorical,higher in metaphorical,higher in metaphorical,,higher in literal,higher in literal,higher in literal,higher in literal,higher in literal,higher in metaphorical,higher in literal,higher in metaphorical,higher in literal,higher in metaphorical,higher in literal,higher in metaphorical,higher in literal,higher in metaphorical,higher in metaphorical,higher in metaphorical,higher in literal,higher in metaphorical,higher in literal,higher in metaphorical,higher in metaphorical,higher in literal,higher in metaphorical,higher in literal,higher in literal,higher in metaphorical,higher in metaphorical,,higher in metaphorical,higher in metaphorical,higher in metaphorical,higher in metaphorical,,higher in metaphorical,higher in metaphorical,,,higher in metaphorical,higher in metaphorical,higher in metaphorical,higher in metaphorical,higher in metaphorical,,,,,higher in literal,,,,,higher in metaphorical,higher in metaphorical,higher in literal,higher in metaphorical,higher in literal,higher in literal,higher in metaphorical,,,higher in literal,higher in literal,higher in literal,higher in metaphorical,,higher in metaphorical,higher in literal,higher in metaphorical,higher in metaphorical,,higher in metaphorical,,higher in metaphorical,higher in metaphorical,,,,,,higher in literal,,higher in literal,,,,,,
get information / catch information,1.2237439326686228,higher in metaphorical,higher in metaphorical,higher in metaphorical,,higher in metaphorical,higher in metaphorical,higher in metaphorical,higher in metaphorical,higher in metaphorical,higher in metaphorical,higher in metaphorical,higher in metaphorical,higher in metaphorical,higher in metaphorical,higher in literal,higher in metaphorical,higher in literal,higher in metaphorical,,higher in metaphorical,higher in metaphorical,higher in metaphorical,higher in literal,higher in literal,higher in literal,higher in literal,higher in literal,higher in literal,higher in literal,higher in literal,higher in literal,higher in literal,higher in literal,higher in literal,higher in literal,higher in literal,higher in literal,higher in literal,higher in literal,higher in literal,higher in metaphorical,,higher in literal,higher in literal,higher in literal,higher in literal,higher in literal,higher in literal,higher in literal,higher in literal,higher in literal,higher in metaphorical,higher in literal,higher in literal,higher in literal,higher in literal,higher in literal,higher in literal,,higher in literal,higher in literal,higher in literal,higher in literal,higher in literal,higher in literal,higher in literal,higher in metaphorical,higher in literal,higher in metaphorical,higher in literal,,higher in literal,,higher in literal,higher in literal,higher in literal,higher in literal,higher in literal,higher in literal,higher in literal,higher in literal,higher in literal,higher in literal,higher in literal,higher in literal,higher in metaphorical,higher in literal,,higher in literal,,,,higher in literal,higher in metaphorical,higher in metaphorical,higher in metaphorical,higher in literal,,higher in literal,,,higher in metaphorical,,higher in literal,higher in literal,higher in metaphorical,higher in metaphorical,higher in literal,higher in literal,higher in metaphorical,higher in literal,higher in literal,higher in literal,,higher in literal,higher in literal,higher in literal,higher in metaphorical,higher in literal,higher in literal,higher in literal,higher in metaphorical,higher in literal,higher in literal,,,,,higher in literal,higher in literal,higher in literal,higher in literal,higher in literal,higher in literal,higher in metaphorical,higher in literal,higher in literal,,,,higher in literal,higher in literal,higher in literal,,,,higher in literal,,,,,,,higher in metaphorical,,,higher in literal,,,higher in literal,,higher in literal,,higher in metaphorical,,,,
get result / catch result,0.7000046361151606,higher in metaphorical,higher in metaphorical,higher in metaphorical,,higher in metaphorical,higher in metaphorical,higher in metaphorical,higher in metaphorical,higher in metaphorical,higher in metaphorical,higher in metaphorical,higher in metaphorical,higher in metaphorical,higher in metaphorical,,higher in metaphorical,,,higher in metaphorical,higher in metaphorical,,,higher in literal,higher in literal,higher in literal,higher in literal,higher in literal,higher in literal,higher in literal,higher in literal,higher in literal,higher in literal,higher in literal,,higher in literal,higher in literal,,,higher in literal,higher in metaphorical,,higher in metaphorical,,,,,higher in literal,higher in literal,higher in literal,higher in literal,higher in literal,,higher in literal,higher in literal,higher in literal,higher in literal,,higher in literal,,higher in literal,higher in literal,,higher in literal,higher in literal,higher in metaphorical,higher in metaphorical,,higher in literal,,higher in literal,,higher in literal,higher in literal,higher in literal,higher in literal,higher in literal,,higher in metaphorical,higher in metaphorical,higher in metaphorical,higher in literal,higher in literal,higher in literal,higher in literal,higher in literal,higher in metaphorical,higher in metaphorical,,higher in metaphorical,,,,higher in literal,,,,higher in metaphorical,,higher in metaphorical,,higher in metaphorical,higher in literal,,higher in metaphorical,higher in literal,,,higher in literal,higher in metaphorical,higher in metaphorical,higher in metaphorical,,,,higher in literal,higher in metaphorical,higher in metaphorical,,,,,higher in metaphorical,,,higher in metaphorical,higher in metaphorical,higher in metaphorical,,,,higher in literal,higher in literal,higher in literal,higher in literal,,higher in metaphorical,higher in metaphorical,,,,higher in metaphorical,higher in metaphorical,higher in metaphorical,,,,higher in metaphorical,,higher in literal,higher in literal,higher in literal,higher in literal,higher in metaphorical,,,,higher in literal,,,higher in metaphorical,,higher in metaphorical,,,,,,
get message / catch message,0.7085075298528026,,higher in metaphorical,,higher in metaphorical,,,higher in metaphorical,,,,,,higher in metaphorical,,higher in metaphorical,higher in metaphorical,higher in metaphorical,higher in literal,higher in literal,higher in literal,higher in metaphorical,higher in metaphorical,higher in literal,higher in literal,higher in literal,higher in literal,higher in literal,,,,,,higher in literal,higher in literal,higher in literal,higher in literal,higher in literal,higher in literal,higher in literal,higher in metaphorical,higher in metaphorical,higher in metaphorical,higher in metaphorical,,higher in metaphorical,,higher in literal,higher in literal,higher in literal,higher in literal,higher in literal,higher in literal,,,,,higher in literal,higher in literal,higher in literal,higher in literal,higher in literal,higher in literal,higher in literal,higher in literal,higher in metaphorical,,higher in metaphorical,,higher in metaphorical,,,,higher in literal,,higher in metaphorical,higher in literal,higher in literal,,,higher in literal,higher in literal,higher in literal,,,higher in literal,higher in metaphorical,,higher in literal,higher in literal,higher in literal,,higher in literal,higher in literal,,,,,higher in literal,,higher in literal,higher in literal,higher in literal,higher in literal,higher in metaphorical,higher in literal,,,,higher in literal,higher in literal,higher in literal,,,,,,higher in literal,,higher in metaphorical,,higher in literal,,,,higher in literal,higher in literal,higher in literal,,higher in metaphorical,higher in metaphorical,higher in metaphorical,,higher in literal,higher in literal,higher in literal,higher in metaphorical,higher in metaphorical,,,,,,higher in metaphorical,,,,higher in metaphorical,,,,,,higher in literal,higher in metaphorical,higher in metaphorical,higher in metaphorical,,,,higher in metaphorical,,higher in metaphorical,,higher in literal,,,,
get point / catch point,0.555368654131058,higher in metaphorical,higher in literal,higher in metaphorical,higher in literal,higher in metaphorical,higher in metaphorical,higher in metaphorical,higher in metaphorical,higher in metaphorical,higher in metaphorical,higher in metaphorical,higher in metaphorical,,,,,,,higher in literal,,,,higher in literal,higher in literal,higher in literal,higher in literal,higher in literal,,,,,,,higher in literal,higher in literal,higher in literal,higher in literal,higher in literal,higher in literal,,,,,,,,higher in literal,higher in literal,higher in literal,higher in literal,higher in literal,,,,,,,,higher in literal,higher in literal,higher in literal,higher in literal,higher in literal,higher in literal,,,,higher in literal,,higher in literal,,,higher in literal,higher in literal,higher in metaphorical,higher in literal,higher in metaphorical,higher in literal,higher in literal,,higher in literal,higher in literal,higher in literal,higher in literal,higher in literal,higher in metaphorical,,,higher in literal,,higher in metaphorical,,higher in literal,,,,,,higher in literal,higher in literal,,,higher in literal,,higher in literal,,,,,,,,,,,,,higher in metaphorical,higher in metaphorical,,,higher in literal,,,,,higher in literal,,,,,higher in literal,,higher in metaphorical,,,,,,,,,,,,,,,higher in literal,higher in literal,higher in literal,higher in literal,,higher in metaphorical,,,,,,,,,,,,,,
get call / catch call,0.9896608660206538,higher in metaphorical,higher in literal,higher in metaphorical,higher in metaphorical,higher in metaphorical,higher in metaphorical,higher in metaphorical,higher in metaphorical,higher in metaphorical,higher in metaphorical,higher in metaphorical,higher in metaphorical,higher in metaphorical,,,higher in literal,higher in literal,higher in metaphorical,higher in literal,higher in metaphorical,higher in literal,higher in literal,higher in literal,,higher in literal,higher in literal,higher in literal,higher in metaphorical,higher in metaphorical,higher in metaphorical,,,,higher in literal,higher in literal,higher in literal,higher in literal,higher in literal,higher in literal,higher in literal,higher in literal,higher in literal,,,,,,,higher in literal,higher in literal,higher in literal,higher in literal,,higher in metaphorical,higher in metaphorical,,,higher in metaphorical,,,higher in literal,higher in literal,,higher in literal,,,higher in literal,higher in literal,higher in literal,higher in literal,higher in literal,,,higher in literal,higher in metaphorical,higher in literal,higher in literal,higher in metaphorical,,,,,higher in literal,higher in literal,higher in literal,higher in metaphorical,higher in literal,higher in literal,higher in literal,higher in literal,higher in literal,higher in literal,,higher in literal,higher in literal,higher in literal,higher in literal,,higher in literal,,,,,,,higher in literal,higher in literal,,,,,higher in literal,higher in literal,higher in literal,,higher in metaphorical,higher in metaphorical,higher in metaphorical,higher in metaphorical,higher in literal,higher in literal,higher in metaphorical,higher in literal,higher in literal,higher in literal,higher in literal,higher in literal,higher in literal,,,,higher in metaphorical,,,higher in literal,higher in literal,,higher in literal,higher in literal,higher in literal,higher in literal,higher in literal,higher in literal,higher in literal,higher in literal,higher in literal,,,higher in literal,,,,higher in metaphorical,higher in metaphorical,higher in literal,higher in literal,,higher in literal,higher in literal,higher in literal,higher in literal,,,higher in metaphorical,,,,
get problem / catch problem,0.6778453582114723,,,,higher in metaphorical,,,,,,,,higher in metaphorical,higher in metaphorical,higher in metaphorical,higher in metaphorical,,higher in metaphorical,higher in literal,higher in literal,,,,higher in literal,higher in literal,higher in literal,higher in literal,higher in literal,higher in metaphorical,higher in metaphorical,higher in metaphorical,higher in metaphorical,higher in metaphorical,higher in metaphorical,,,,,,,higher in metaphorical,,,higher in metaphorical,,higher in metaphorical,,higher in literal,higher in literal,higher in literal,higher in literal,higher in literal,,higher in metaphorical,higher in metaphorical,higher in metaphorical,higher in metaphorical,higher in metaphorical,higher in metaphorical,,,,,,,higher in metaphorical,,,higher in literal,,higher in literal,higher in literal,higher in metaphorical,higher in metaphorical,,,,higher in literal,,higher in metaphorical,higher in literal,,higher in metaphorical,,,,,,higher in literal,,higher in literal,,higher in literal,higher in literal,,,,,higher in literal,,,higher in literal,higher in literal,higher in literal,higher in metaphorical,higher in literal,,,,higher in metaphorical,higher in metaphorical,higher in metaphorical,higher in literal,higher in literal,higher in literal,higher in metaphorical,higher in metaphorical,higher in metaphorical,higher in metaphorical,,higher in metaphorical,higher in metaphorical,,,,higher in literal,higher in literal,higher in literal,higher in literal,higher in literal,higher in metaphorical,higher in metaphorical,,,,higher in literal,higher in metaphorical,higher in metaphorical,higher in literal,,,,,higher in metaphorical,,,,,,higher in metaphorical,,,,higher in metaphorical,higher in metaphorical,higher in literal,higher in literal,,,,higher in metaphorical,,higher in metaphorical,,,,,,
get opportunity / catch opportunity,1.174986481403679,higher in metaphorical,,higher in metaphorical,higher in literal,higher in metaphorical,higher in metaphorical,higher in metaphorical,higher in metaphorical,higher in metaphorical,higher in metaphorical,higher in metaphorical,higher in metaphorical,,,higher in literal,higher in literal,higher in literal,higher in metaphorical,higher in metaphorical,higher in metaphorical,higher in literal,higher in literal,higher in literal,higher in literal,higher in literal,,higher in literal,higher in literal,higher in literal,higher in literal,higher in literal,higher in literal,higher in literal,higher in literal,higher in literal,,,,,higher in literal,higher in literal,higher in literal,higher in literal,,higher in literal,,higher in literal,higher in literal,higher in literal,,higher in literal,,higher in literal,higher in literal,higher in literal,higher in literal,higher in literal,higher in literal,higher in literal,,,,,higher in metaphorical,higher in literal,higher in literal,higher in literal,,higher in literal,,higher in literal,higher in literal,,,,,higher in metaphorical,higher in literal,higher in literal,higher in literal,higher in literal,higher in literal,higher in literal,higher in literal,higher in literal,higher in metaphorical,,higher in metaphorical,higher in literal,higher in metaphorical,,higher in metaphorical,higher in literal,,,,,higher in metaphorical,higher in literal,higher in metaphorical,higher in metaphorical,higher in metaphorical,higher in metaphorical,higher in literal,higher in literal,,,higher in literal,higher in metaphorical,higher in metaphorical,higher in metaphorical,higher in metaphorical,higher in metaphorical,higher in metaphorical,higher in literal,higher in literal,higher in literal,higher in metaphorical,higher in metaphorical,higher in metaphorical,higher in metaphorical,higher in metaphorical,,,higher in metaphorical,higher in metaphorical,higher in metaphorical,higher in literal,higher in literal,higher in literal,higher in literal,higher in metaphorical,,higher in metaphorical,higher in metaphorical,higher in literal,higher in literal,higher in literal,,,higher in literal,higher in literal,higher in literal,,,,higher in literal,,higher in literal,,higher in literal,,higher in literal,,higher in literal,higher in literal,higher in literal,higher in literal,higher in literal,higher in literal,,higher in literal,higher in metaphorical,higher in metaphorical,higher in literal,higher in literal,,
end investigation / close investigation,1.2607139585698488,higher in metaphorical,higher in metaphorical,higher in metaphorical,higher in literal,,higher in metaphorical,higher in metaphorical,higher in metaphorical,,higher in metaphorical,higher in metaphorical,higher in metaphorical,higher in metaphorical,higher in metaphorical,higher in literal,higher in metaphorical,higher in literal,higher in metaphorical,,higher in metaphorical,higher in metaphorical,higher in metaphorical,higher in literal,higher in literal,higher in literal,higher in literal,higher in literal,higher in literal,higher in literal,higher in literal,higher in literal,higher in literal,higher in literal,higher in literal,higher in literal,higher in literal,higher in literal,higher in literal,higher in literal,higher in literal,higher in metaphorical,higher in metaphorical,higher in literal,higher in literal,higher in literal,,higher in literal,higher in literal,higher in literal,higher in literal,higher in literal,,higher in literal,higher in literal,higher in literal,higher in literal,higher in literal,higher in literal,higher in literal,higher in literal,higher in literal,higher in literal,higher in literal,higher in literal,higher in literal,higher in literal,higher in metaphorical,higher in literal,higher in metaphorical,higher in literal,,higher in metaphorical,,,,higher in metaphorical,higher in literal,higher in literal,higher in literal,higher in literal,,higher in literal,,,higher in literal,,higher in literal,,higher in literal,,higher in metaphorical,,higher in literal,higher in literal,,,higher in literal,higher in literal,higher in literal,higher in literal,higher in literal,higher in metaphorical,higher in literal,higher in literal,higher in literal,higher in literal,,higher in metaphorical,,,,higher in literal,higher in literal,,higher in literal,higher in literal,higher in literal,higher in metaphorical,higher in literal,higher in literal,,higher in metaphorical,,,,,,,higher in metaphorical,higher in metaphorical,higher in metaphorical,higher in literal,,higher in metaphorical,,higher in literal,higher in literal,higher in literal,,,higher in literal,higher in literal,higher in literal,higher in literal,,,higher in literal,,higher in metaphorical,higher in metaphorical,higher in metaphorical,higher in metaphorical,higher in literal,,higher in metaphorical,higher in metaphorical,higher in metaphorical,,,higher in literal,,higher in literal,,,,,,
end season / close season,1.478584315094761,higher in metaphorical,higher in metaphorical,higher in metaphorical,higher in metaphorical,,higher in metaphorical,,higher in metaphorical,,higher in metaphorical,higher in metaphorical,higher in metaphorical,higher in literal,higher in literal,higher in literal,,higher in literal,higher in literal,higher in literal,higher in literal,,higher in metaphorical,higher in literal,higher in literal,higher in literal,higher in literal,higher in literal,higher in literal,higher in literal,higher in literal,higher in literal,higher in literal,higher in literal,higher in literal,higher in literal,higher in literal,higher in literal,higher in literal,higher in literal,higher in literal,,,higher in literal,,higher in literal,,higher in literal,higher in literal,higher in literal,higher in literal,higher in literal,higher in metaphorical,higher in literal,higher in literal,higher in literal,higher in literal,higher in literal,higher in literal,higher in literal,higher in literal,higher in literal,higher in literal,higher in literal,higher in literal,higher in literal,higher in literal,higher in metaphorical,higher in literal,higher in metaphorical,higher in literal,,higher in literal,higher in literal,higher in literal,,higher in literal,higher in literal,higher in literal,higher in literal,higher in literal,higher in literal,higher in literal,,,,,higher in literal,higher in literal,higher in literal,higher in literal,higher in metaphorical,higher in literal,higher in literal,higher in metaphorical,higher in metaphorical,higher in metaphorical,higher in literal,higher in literal,higher in literal,higher in literal,higher in literal,higher in literal,higher in literal,higher in literal,higher in literal,higher in metaphorical,higher in metaphorical,higher in metaphorical,higher in literal,higher in literal,higher in literal,higher in literal,higher in literal,,higher in literal,higher in literal,higher in literal,higher in literal,higher in literal,higher in literal,higher in literal,higher in metaphorical,,,higher in literal,higher in literal,higher in literal,higher in metaphorical,higher in metaphorical,,,higher in literal,higher in literal,,higher in literal,higher in literal,higher in literal,higher in metaphorical,higher in metaphorical,higher in metaphorical,higher in literal,higher in literal,higher in literal,higher in metaphorical,higher in metaphorical,higher in metaphorical,higher in literal,,higher in metaphorical,,higher in metaphorical,,higher in literal,,higher in metaphorical,higher in metaphorical,higher in metaphorical,,,higher in literal,,higher in literal,,,,,,
end deal / close deal,0.5805142485289734,,,,,,,,,,,,,,,higher in literal,,higher in literal,,,higher in metaphorical,,,higher in literal,higher in literal,higher in literal,,,higher in literal,higher in literal,,higher in literal,,,higher in literal,higher in literal,higher in literal,higher in literal,higher in literal,higher in literal,higher in literal,,,higher in literal,higher in literal,higher in literal,higher in literal,higher in literal,higher in literal,higher in literal,,,higher in literal,higher in literal,higher in literal,higher in literal,higher in literal,,,higher in literal,higher in literal,higher in literal,higher in literal,higher in literal,higher in literal,higher in literal,higher in literal,,,,higher in literal,higher in literal,,,higher in literal,higher in literal,higher in literal,,higher in literal,higher in literal,,,,,,,,higher in literal,,higher in literal,,,,higher in literal,higher in literal,higher in literal,higher in literal,higher in literal,higher in literal,higher in literal,,,,,higher in literal,higher in literal,higher in literal,higher in literal,,,,,,,,higher in literal,,,higher in metaphorical,higher in literal,,,higher in metaphorical,higher in literal,higher in literal,,,,,,,,higher in literal,higher in literal,higher in metaphorical,,higher in literal,higher in literal,higher in literal,higher in literal,higher in literal,higher in literal,higher in literal,higher in literal,higher in literal,higher in literal,higher in literal,higher in literal,,,,,,,higher in metaphorical,,,,,,higher in literal,higher in literal,higher in literal,,,,,,
end case / close case,0.7978753371650639,,,,,,,,,,,,,higher in metaphorical,,higher in literal,higher in metaphorical,higher in literal,higher in metaphorical,,higher in metaphorical,higher in metaphorical,higher in metaphorical,higher in literal,higher in literal,higher in literal,higher in literal,higher in literal,higher in literal,higher in literal,higher in literal,higher in literal,higher in literal,higher in literal,higher in literal,higher in literal,higher in literal,higher in literal,higher in literal,higher in literal,higher in literal,,,higher in literal,higher in literal,higher in literal,higher in literal,higher in literal,higher in literal,higher in literal,higher in literal,higher in literal,higher in literal,higher in literal,higher in literal,higher in literal,higher in literal,higher in literal,higher in literal,higher in literal,higher in literal,higher in literal,higher in literal,higher in literal,higher in literal,higher in literal,higher in literal,higher in metaphorical,higher in literal,,higher in literal,,higher in literal,,higher in literal,,higher in literal,,higher in literal,higher in literal,higher in literal,,higher in literal,,,,,higher in literal,,higher in literal,,higher in metaphorical,,higher in literal,higher in literal,higher in literal,higher in literal,higher in literal,,higher in literal,,,,,higher in literal,higher in literal,higher in literal,higher in literal,,,,,,,,higher in literal,higher in literal,higher in literal,,higher in literal,higher in literal,higher in literal,higher in metaphorical,higher in literal,higher in literal,,,,,,higher in literal,higher in literal,higher in literal,higher in literal,higher in metaphorical,,higher in literal,higher in literal,higher in literal,higher in literal,higher in literal,higher in literal,higher in literal,higher in literal,higher in literal,higher in literal,higher in literal,higher in literal,,,,,,higher in literal,higher in metaphorical,,,,,,higher in literal,,higher in literal,higher in metaphorical,,,,,
end debate / close debate,0.8024300544027745,,higher in metaphorical,,,,,,,,,,,higher in metaphorical,higher in metaphorical,higher in literal,higher in metaphorical,higher in literal,,,,higher in metaphorical,higher in metaphorical,higher in literal,higher in literal,higher in literal,higher in literal,higher in literal,higher in literal,higher in literal,higher in literal,higher in literal,higher in literal,higher in literal,higher in literal,higher in literal,higher in literal,higher in literal,higher in literal,higher in literal,higher in literal,higher in metaphorical,higher in metaphorical,higher in literal,higher in literal,higher in literal,higher in literal,higher in literal,higher in literal,higher in literal,higher in literal,higher in literal,,higher in literal,higher in literal,higher in literal,higher in literal,higher in literal,higher in literal,higher in literal,higher in literal,higher in literal,higher in literal,higher in literal,higher in literal,higher in literal,higher in literal,higher in metaphorical,higher in literal,higher in metaphorical,higher in literal,,higher in literal,,higher in literal,higher in literal,higher in literal,,higher in literal,higher in literal,higher in literal,higher in literal,higher in literal,,,,,higher in literal,,higher in literal,,higher in metaphorical,,higher in literal,,,,higher in literal,higher in literal,higher in literal,higher in literal,,,,higher in literal,higher in literal,,,,higher in metaphorical,higher in metaphorical,higher in metaphorical,,,,higher in literal,higher in literal,higher in literal,,higher in metaphorical,,,higher in metaphorical,,,,,,,,,,higher in literal,,,,higher in literal,higher in literal,,,,higher in literal,higher in literal,higher in literal,,,,higher in literal,,,,,,higher in literal,,higher in metaphorical,,,,,higher in literal,higher in literal,higher in literal,,,,,,
end operation / close operation,0.95550069385355,,,,higher in literal,,,,,,,,,higher in metaphorical,,higher in literal,higher in metaphorical,higher in literal,higher in metaphorical,higher in metaphorical,higher in metaphorical,higher in metaphorical,higher in metaphorical,higher in literal,higher in literal,higher in literal,higher in literal,higher in literal,higher in literal,higher in literal,higher in literal,higher in literal,higher in literal,higher in literal,higher in literal,higher in literal,higher in literal,higher in literal,higher in literal,higher in literal,higher in literal,higher in metaphorical,higher in metaphorical,higher in literal,higher in literal,higher in literal,higher in literal,higher in literal,higher in literal,higher in literal,higher in literal,higher in literal,,higher in literal,higher in literal,higher in literal,higher in literal,higher in literal,higher in literal,higher in literal,higher in literal,higher in literal,higher in literal,higher in literal,higher in literal,higher in literal,higher in literal,higher in metaphorical,higher in literal,higher in metaphorical,higher in literal,,higher in metaphorical,higher in metaphorical,higher in metaphorical,,higher in metaphorical,higher in literal,higher in literal,,higher in literal,,,,,,,,higher in metaphorical,,,higher in metaphorical,higher in metaphorical,higher in literal,higher in literal,,,,,,,higher in metaphorical,higher in metaphorical,,higher in literal,higher in literal,higher in literal,,,,,higher in literal,higher in literal,higher in literal,,,higher in literal,higher in literal,higher in metaphorical,higher in literal,,,higher in literal,,,higher in metaphorical,higher in metaphorical,higher in metaphorical,,,,,higher in literal,,higher in metaphorical,higher in metaphorical,higher in literal,higher in literal,,,,higher in literal,higher in literal,higher in literal,higher in literal,,,higher in literal,,higher in metaphorical,,higher in metaphorical,,,,higher in metaphorical,,,,,higher in literal,,higher in literal,,higher in metaphorical,,,,
end story / close story,1.0092262363518838,,,,higher in literal,,,,,,,,,,,,higher in metaphorical,higher in literal,,higher in literal,,higher in metaphorical,higher in metaphorical,higher in literal,higher in literal,higher in literal,higher in literal,higher in literal,,,,,,,higher in literal,higher in literal,higher in literal,higher in literal,higher in literal,higher in literal,higher in literal,,,higher in literal,higher in literal,higher in literal,higher in literal,higher in literal,higher in literal,higher in literal,higher in literal,higher in literal,,,higher in literal,higher in literal,,,,higher in literal,higher in literal,higher in literal,higher in literal,higher in literal,higher in literal,higher in literal,higher in literal,higher in metaphorical,higher in literal,higher in metaphorical,higher in literal,higher in metaphorical,higher in metaphorical,higher in metaphorical,higher in metaphorical,higher in metaphorical,higher in metaphorical,higher in metaphorical,higher in metaphorical,higher in metaphorical,higher in metaphorical,,higher in literal,,,,,higher in literal,higher in literal,higher in literal,higher in literal,higher in metaphorical,higher in literal,higher in literal,,,,higher in literal,higher in literal,higher in literal,higher in literal,higher in literal,,higher in literal,,higher in literal,,,higher in literal,higher in literal,higher in literal,higher in literal,,,,higher in metaphorical,,higher in metaphorical,,,higher in metaphorical,higher in metaphorical,higher in literal,,higher in literal,,,higher in literal,,higher in literal,higher in literal,higher in literal,,higher in metaphorical,higher in metaphorical,higher in literal,,,,,,higher in literal,higher in literal,,,,,higher in literal,,,,,,higher in metaphorical,higher in literal,,,higher in literal,,,higher in literal,,higher in literal,,,,,,
finalise deal / close deal,0.9181618914956639,,higher in metaphorical,,higher in literal,,,,,,,,,higher in metaphorical,,higher in literal,higher in metaphorical,higher in literal,higher in metaphorical,,higher in metaphorical,higher in metaphorical,higher in metaphorical,higher in literal,higher in literal,higher in literal,higher in literal,higher in literal,,higher in literal,higher in literal,,higher in literal,higher in literal,higher in literal,higher in literal,higher in literal,higher in literal,higher in literal,higher in literal,higher in literal,higher in metaphorical,higher in metaphorical,higher in literal,,higher in literal,,higher in literal,higher in literal,higher in literal,higher in literal,higher in literal,,,higher in literal,higher in literal,,higher in literal,higher in literal,higher in literal,higher in literal,higher in literal,higher in literal,higher in literal,higher in literal,higher in literal,higher in literal,higher in metaphorical,higher in literal,higher in metaphorical,higher in literal,,higher in metaphorical,,,,higher in metaphorical,,,higher in literal,,,higher in literal,,,,,,,higher in literal,,higher in metaphorical,,higher in literal,higher in literal,,,higher in literal,,higher in literal,higher in literal,,higher in metaphorical,higher in literal,higher in literal,higher in literal,higher in literal,,,,,,,,,higher in literal,higher in literal,higher in literal,higher in metaphorical,,,,higher in literal,,,higher in metaphorical,,,,,,,higher in literal,,higher in metaphorical,,higher in literal,higher in literal,,,,higher in literal,higher in literal,higher in literal,,,,higher in literal,,higher in metaphorical,,higher in metaphorical,,higher in literal,higher in metaphorical,higher in metaphorical,higher in metaphorical,,,,higher in literal,,higher in literal,,higher in metaphorical,,,,
finalise case / close case,0.9272966834217039,,,,,,higher in metaphorical,higher in metaphorical,,,,,,higher in literal,,,,,higher in literal,higher in literal,higher in literal,higher in metaphorical,higher in metaphorical,higher in literal,higher in literal,higher in literal,higher in literal,higher in literal,higher in literal,higher in literal,higher in literal,,higher in literal,,higher in literal,higher in literal,higher in literal,higher in literal,higher in literal,higher in literal,,higher in metaphorical,higher in metaphorical,,higher in literal,,higher in literal,higher in literal,higher in literal,higher in literal,higher in literal,higher in literal,,higher in literal,higher in literal,higher in literal,,higher in literal,,higher in literal,higher in literal,higher in literal,higher in literal,higher in literal,higher in literal,,,higher in metaphorical,higher in literal,higher in metaphorical,higher in literal,higher in metaphorical,higher in metaphorical,,higher in metaphorical,higher in metaphorical,,,,higher in literal,higher in metaphorical,,higher in literal,,,,,higher in literal,higher in literal,,higher in literal,,higher in literal,higher in literal,,,,higher in literal,higher in literal,,higher in literal,higher in literal,,higher in literal,higher in metaphorical,higher in literal,,,,higher in literal,higher in literal,higher in literal,,,higher in literal,higher in metaphorical,higher in metaphorical,higher in metaphorical,,,higher in literal,,higher in literal,higher in literal,higher in literal,higher in literal,higher in literal,higher in literal,higher in metaphorical,,,,,,higher in metaphorical,higher in literal,higher in metaphorical,higher in metaphorical,,,,higher in literal,higher in literal,higher in metaphorical,,,,higher in literal,,,,,,,,higher in metaphorical,,,higher in metaphorical,higher in metaphorical,,higher in literal,,higher in literal,,higher in metaphorical,higher in metaphorical,,
finalise plan / close plan,0.608256253532486,higher in literal,,higher in literal,,higher in literal,higher in literal,higher in literal,higher in literal,higher in literal,higher in literal,,,higher in metaphorical,higher in metaphorical,higher in literal,,higher in literal,higher in metaphorical,higher in metaphorical,higher in metaphorical,higher in metaphorical,higher in metaphorical,,,,,,,,,higher in literal,,,higher in metaphorical,higher in metaphorical,,higher in metaphorical,higher in metaphorical,higher in metaphorical,,higher in metaphorical,higher in metaphorical,higher in literal,higher in literal,higher in literal,higher in literal,,,,,,,,,,higher in literal,,,higher in metaphorical,higher in metaphorical,,higher in metaphorical,higher in metaphorical,higher in metaphorical,,,higher in literal,,higher in literal,,,higher in literal,,higher in literal,,higher in literal,higher in metaphorical,,,,higher in metaphorical,,higher in metaphorical,higher in metaphorical,higher in metaphorical,higher in literal,,,,,,,,higher in literal,higher in literal,,,higher in literal,,,,,,higher in literal,,higher in literal,higher in literal,higher in literal,,higher in literal,,higher in metaphorical,higher in metaphorical,higher in metaphorical,,,higher in literal,higher in metaphorical,,higher in metaphorical,higher in metaphorical,,higher in literal,higher in literal,higher in metaphorical,,,higher in literal,higher in literal,higher in literal,higher in literal,higher in literal,,higher in literal,,higher in literal,higher in literal,higher in literal,higher in literal,,,,higher in literal,higher in literal,higher in literal,,,,higher in literal,,,,,higher in metaphorical,higher in literal,higher in literal,higher in literal,higher in metaphorical,higher in metaphorical,,,,,,,,,
finalise arrangement / close arrangement,0.813534261004944,higher in metaphorical,higher in literal,higher in metaphorical,higher in literal,higher in metaphorical,higher in metaphorical,higher in metaphorical,higher in metaphorical,higher in metaphorical,higher in metaphorical,higher in metaphorical,higher in metaphorical,,,,higher in literal,higher in literal,,higher in metaphorical,higher in metaphorical,,higher in literal,higher in literal,higher in literal,higher in literal,higher in literal,higher in literal,,,,,,,higher in metaphorical,higher in metaphorical,higher in metaphorical,higher in metaphorical,higher in metaphorical,higher in metaphorical,higher in metaphorical,,higher in literal,,,higher in literal,higher in literal,higher in literal,higher in literal,higher in literal,,higher in literal,higher in literal,,,,,,,higher in metaphorical,higher in metaphorical,higher in metaphorical,higher in metaphorical,higher in metaphorical,higher in metaphorical,higher in metaphorical,,,,,,,higher in metaphorical,,higher in metaphorical,higher in metaphorical,higher in metaphorical,,,higher in metaphorical,,higher in metaphorical,higher in metaphorical,higher in literal,higher in literal,higher in literal,higher in metaphorical,,,,,higher in literal,higher in metaphorical,higher in literal,higher in literal,higher in literal,higher in literal,,,,,higher in metaphorical,,higher in metaphorical,,higher in literal,higher in literal,higher in literal,higher in literal,,,,higher in metaphorical,higher in metaphorical,,higher in metaphorical,higher in metaphorical,,,,higher in metaphorical,higher in metaphorical,higher in literal,higher in literal,higher in literal,,,,higher in literal,higher in literal,higher in literal,higher in literal,higher in metaphorical,higher in metaphorical,higher in metaphorical,higher in metaphorical,higher in metaphorical,,higher in literal,higher in literal,higher in literal,,,higher in metaphorical,higher in literal,higher in literal,higher in literal,,,higher in literal,higher in literal,higher in literal,higher in literal,higher in metaphorical,higher in literal,higher in literal,higher in literal,higher in literal,,,higher in metaphorical,,,,,,,,
finalise agreement / close agreement,1.007140925596966,,,,higher in literal,higher in literal,,,,,,,,higher in metaphorical,higher in metaphorical,higher in metaphorical,,higher in metaphorical,higher in metaphorical,higher in metaphorical,higher in metaphorical,higher in metaphorical,higher in metaphorical,higher in literal,higher in literal,higher in literal,higher in literal,higher in literal,higher in metaphorical,,,,,,,,,,,,higher in metaphorical,higher in metaphorical,higher in metaphorical,higher in metaphorical,higher in metaphorical,higher in metaphorical,higher in metaphorical,higher in literal,higher in literal,higher in literal,higher in literal,higher in literal,higher in metaphorical,higher in metaphorical,higher in metaphorical,,,,,,,,,,,higher in metaphorical,higher in metaphorical,higher in metaphorical,higher in literal,higher in metaphorical,higher in literal,higher in metaphorical,higher in metaphorical,,,higher in metaphorical,higher in literal,,higher in metaphorical,,higher in metaphorical,higher in literal,higher in literal,,,higher in literal,,higher in metaphorical,higher in metaphorical,higher in metaphorical,higher in metaphorical,,higher in metaphorical,higher in literal,higher in metaphorical,higher in metaphorical,higher in metaphorical,higher in metaphorical,higher in metaphorical,higher in metaphorical,higher in metaphorical,higher in metaphorical,higher in metaphorical,higher in metaphorical,higher in metaphorical,higher in literal,higher in metaphorical,higher in metaphorical,higher in metaphorical,higher in literal,higher in literal,higher in literal,higher in metaphorical,,,higher in literal,higher in literal,,,higher in metaphorical,,higher in metaphorical,higher in literal,higher in metaphorical,higher in metaphorical,higher in metaphorical,higher in metaphorical,higher in metaphorical,higher in metaphorical,higher in metaphorical,higher in metaphorical,higher in metaphorical,,,,higher in metaphorical,higher in metaphorical,higher in metaphorical,higher in metaphorical,higher in metaphorical,higher in metaphorical,higher in metaphorical,higher in metaphorical,higher in metaphorical,higher in metaphorical,higher in metaphorical,higher in metaphorical,higher in metaphorical,,higher in metaphorical,higher in metaphorical,higher in metaphorical,higher in metaphorical,,higher in literal,higher in metaphorical,higher in metaphorical,higher in metaphorical,,,higher in metaphorical,higher in literal,higher in metaphorical,,,,,,
finalise project / close project,1.0730690220530543,,higher in metaphorical,,,,higher in metaphorical,,higher in metaphorical,higher in metaphorical,,,,higher in metaphorical,higher in metaphorical,higher in metaphorical,higher in metaphorical,higher in metaphorical,higher in metaphorical,higher in metaphorical,higher in metaphorical,higher in metaphorical,higher in metaphorical,higher in literal,higher in literal,higher in literal,higher in literal,higher in literal,,,,,,higher in literal,higher in literal,higher in literal,,higher in literal,higher in literal,higher in literal,higher in metaphorical,higher in metaphorical,higher in metaphorical,higher in metaphorical,higher in metaphorical,higher in metaphorical,higher in metaphorical,higher in literal,higher in literal,higher in literal,higher in literal,higher in literal,higher in metaphorical,,,higher in literal,,,,,,,,,,higher in metaphorical,higher in metaphorical,higher in metaphorical,higher in literal,higher in metaphorical,higher in literal,higher in metaphorical,,,higher in literal,higher in literal,higher in literal,,,,,higher in literal,higher in literal,,,higher in literal,higher in metaphorical,higher in metaphorical,higher in metaphorical,higher in metaphorical,higher in metaphorical,higher in metaphorical,higher in metaphorical,higher in literal,higher in metaphorical,higher in metaphorical,higher in metaphorical,higher in metaphorical,higher in metaphorical,higher in metaphorical,higher in metaphorical,higher in metaphorical,higher in metaphorical,higher in metaphorical,higher in metaphorical,higher in literal,higher in metaphorical,higher in metaphorical,,higher in metaphorical,higher in metaphorical,higher in metaphorical,,,,higher in literal,higher in literal,higher in literal,,,,,,higher in metaphorical,higher in metaphorical,higher in metaphorical,higher in metaphorical,higher in metaphorical,higher in metaphorical,higher in metaphorical,,,higher in literal,,higher in literal,higher in metaphorical,higher in metaphorical,higher in metaphorical,higher in metaphorical,higher in metaphorical,higher in metaphorical,higher in metaphorical,higher in metaphorical,higher in metaphorical,higher in metaphorical,higher in metaphorical,higher in metaphorical,higher in metaphorical,,higher in metaphorical,higher in metaphorical,higher in metaphorical,higher in metaphorical,higher in literal,,higher in metaphorical,higher in metaphorical,,,,higher in metaphorical,higher in literal,higher in metaphorical,,,,,,
finalize deal / close deal,1.4361465246403815,higher in metaphorical,,higher in metaphorical,higher in metaphorical,higher in metaphorical,higher in metaphorical,higher in metaphorical,higher in metaphorical,higher in metaphorical,higher in metaphorical,higher in metaphorical,higher in metaphorical,,higher in metaphorical,higher in metaphorical,higher in literal,higher in metaphorical,,,,higher in literal,,higher in literal,higher in literal,higher in literal,higher in literal,higher in literal,higher in metaphorical,higher in metaphorical,higher in metaphorical,higher in metaphorical,higher in metaphorical,,higher in metaphorical,higher in metaphorical,higher in metaphorical,higher in metaphorical,higher in metaphorical,,higher in metaphorical,,,higher in metaphorical,higher in metaphorical,higher in metaphorical,higher in metaphorical,higher in literal,higher in literal,higher in literal,higher in literal,higher in literal,higher in metaphorical,higher in metaphorical,higher in metaphorical,higher in metaphorical,higher in metaphorical,higher in metaphorical,,higher in metaphorical,higher in metaphorical,higher in metaphorical,higher in metaphorical,,,higher in metaphorical,higher in metaphorical,higher in metaphorical,higher in literal,higher in metaphorical,higher in literal,higher in metaphorical,higher in literal,,higher in literal,higher in literal,higher in literal,,higher in metaphorical,higher in metaphorical,,higher in literal,higher in literal,higher in literal,higher in literal,higher in literal,higher in metaphorical,higher in metaphorical,higher in metaphorical,higher in metaphorical,higher in metaphorical,,higher in metaphorical,higher in literal,higher in metaphorical,higher in metaphorical,higher in metaphorical,higher in metaphorical,higher in metaphorical,higher in metaphorical,higher in metaphorical,higher in metaphorical,,higher in metaphorical,,higher in literal,higher in metaphorical,higher in metaphorical,higher in literal,higher in literal,higher in literal,higher in literal,,,,higher in literal,,,,,,,higher in metaphorical,higher in metaphorical,higher in metaphorical,higher in metaphorical,higher in metaphorical,higher in metaphorical,higher in metaphorical,higher in metaphorical,higher in metaphorical,higher in metaphorical,,higher in metaphorical,higher in literal,higher in metaphorical,higher in metaphorical,higher in metaphorical,higher in metaphorical,higher in metaphorical,higher in metaphorical,higher in metaphorical,higher in metaphorical,higher in metaphorical,higher in metaphorical,higher in metaphorical,higher in metaphorical,higher in metaphorical,higher in literal,,,,,,higher in literal,higher in metaphorical,higher in metaphorical,higher in literal,,,higher in metaphorical,,higher in metaphorical,,,,,,
finalize case / close case,1.5496433335245996,higher in metaphorical,higher in literal,higher in metaphorical,higher in metaphorical,higher in metaphorical,higher in metaphorical,higher in metaphorical,higher in metaphorical,higher in metaphorical,higher in metaphorical,higher in metaphorical,higher in metaphorical,,higher in metaphorical,higher in metaphorical,higher in literal,higher in metaphorical,,,higher in metaphorical,higher in literal,,higher in literal,higher in literal,higher in literal,higher in literal,higher in literal,higher in metaphorical,higher in metaphorical,higher in metaphorical,higher in metaphorical,higher in metaphorical,higher in metaphorical,higher in metaphorical,higher in metaphorical,higher in metaphorical,higher in metaphorical,higher in metaphorical,higher in metaphorical,higher in metaphorical,,,higher in metaphorical,higher in metaphorical,higher in metaphorical,higher in metaphorical,higher in literal,higher in literal,higher in literal,higher in literal,higher in literal,higher in metaphorical,higher in metaphorical,higher in metaphorical,higher in metaphorical,higher in metaphorical,higher in metaphorical,higher in metaphorical,higher in metaphorical,higher in metaphorical,higher in metaphorical,higher in metaphorical,higher in metaphorical,higher in metaphorical,higher in metaphorical,higher in metaphorical,higher in metaphorical,higher in literal,higher in metaphorical,higher in literal,higher in metaphorical,,,,,higher in literal,,higher in metaphorical,higher in metaphorical,higher in metaphorical,higher in literal,,higher in literal,higher in literal,higher in literal,higher in metaphorical,higher in metaphorical,higher in metaphorical,higher in metaphorical,higher in metaphorical,,higher in metaphorical,higher in literal,higher in metaphorical,higher in metaphorical,higher in metaphorical,higher in metaphorical,higher in metaphorical,higher in metaphorical,higher in metaphorical,higher in metaphorical,,higher in metaphorical,higher in metaphorical,higher in literal,higher in metaphorical,higher in metaphorical,higher in literal,higher in literal,higher in literal,higher in literal,,,,,,higher in metaphorical,higher in literal,,,,,higher in metaphorical,higher in metaphorical,higher in metaphorical,higher in metaphorical,,higher in metaphorical,higher in metaphorical,higher in metaphorical,higher in metaphorical,higher in metaphorical,higher in metaphorical,higher in literal,higher in metaphorical,higher in metaphorical,higher in metaphorical,higher in metaphorical,higher in metaphorical,higher in metaphorical,higher in metaphorical,higher in metaphorical,higher in metaphorical,higher in metaphorical,higher in metaphorical,higher in metaphorical,higher in metaphorical,higher in literal,,,,,,higher in literal,higher in metaphorical,higher in metaphorical,higher in literal,higher in metaphorical,,higher in metaphorical,higher in metaphorical,higher in metaphorical,,,,,,
finalize plan / close plan,1.1609478943011962,higher in metaphorical,higher in metaphorical,higher in metaphorical,higher in literal,higher in metaphorical,higher in metaphorical,higher in metaphorical,higher in metaphorical,higher in metaphorical,higher in metaphorical,higher in metaphorical,higher in metaphorical,higher in metaphorical,higher in metaphorical,,higher in metaphorical,,higher in metaphorical,higher in metaphorical,higher in metaphorical,higher in metaphorical,,higher in literal,higher in literal,higher in literal,higher in literal,higher in literal,,higher in literal,higher in literal,,higher in literal,higher in literal,higher in literal,higher in literal,higher in literal,higher in literal,higher in literal,higher in literal,higher in literal,,,,higher in metaphorical,,higher in metaphorical,higher in literal,higher in literal,higher in literal,higher in literal,higher in literal,higher in metaphorical,higher in literal,higher in literal,higher in literal,higher in literal,higher in literal,higher in literal,higher in literal,higher in literal,higher in literal,higher in literal,higher in literal,higher in literal,higher in literal,higher in metaphorical,higher in metaphorical,,higher in metaphorical,,,,,higher in literal,higher in literal,higher in literal,higher in literal,higher in literal,higher in literal,higher in literal,higher in literal,higher in literal,higher in literal,higher in literal,higher in literal,higher in metaphorical,higher in metaphorical,higher in metaphorical,,higher in metaphorical,higher in metaphorical,higher in metaphorical,higher in literal,higher in metaphorical,higher in metaphorical,higher in metaphorical,,higher in metaphorical,,higher in metaphorical,higher in metaphorical,higher in metaphorical,higher in metaphorical,higher in literal,higher in literal,higher in metaphorical,higher in metaphorical,,higher in metaphorical,higher in metaphorical,higher in metaphorical,higher in literal,,,higher in literal,higher in literal,higher in literal,higher in literal,higher in literal,higher in literal,higher in literal,higher in metaphorical,higher in metaphorical,higher in metaphorical,higher in metaphorical,higher in metaphorical,higher in metaphorical,higher in metaphorical,higher in metaphorical,,,higher in literal,higher in literal,higher in literal,higher in metaphorical,higher in literal,higher in literal,higher in metaphorical,higher in metaphorical,higher in metaphorical,higher in metaphorical,higher in metaphorical,higher in literal,,,,,,higher in metaphorical,higher in metaphorical,higher in metaphorical,higher in metaphorical,higher in literal,higher in literal,higher in metaphorical,higher in metaphorical,,,,higher in literal,,higher in literal,higher in metaphorical,,higher in literal,higher in literal,,
finalize arrangement / close arrangement,0.7401088973050783,higher in metaphorical,,higher in metaphorical,,higher in metaphorical,higher in metaphorical,higher in metaphorical,higher in metaphorical,higher in metaphorical,higher in metaphorical,higher in metaphorical,higher in metaphorical,higher in metaphorical,higher in metaphorical,higher in metaphorical,higher in metaphorical,higher in metaphorical,,,,,higher in literal,higher in metaphorical,,higher in metaphorical,higher in metaphorical,,higher in metaphorical,higher in metaphorical,higher in metaphorical,higher in metaphorical,higher in metaphorical,higher in metaphorical,,,,,,,higher in metaphorical,,higher in literal,higher in metaphorical,higher in metaphorical,higher in metaphorical,higher in metaphorical,higher in metaphorical,,higher in metaphorical,higher in metaphorical,,,higher in metaphorical,,higher in metaphorical,higher in metaphorical,,higher in metaphorical,,,,,,,higher in metaphorical,higher in metaphorical,higher in metaphorical,higher in metaphorical,higher in metaphorical,higher in metaphorical,,,higher in metaphorical,,higher in metaphorical,,,higher in literal,higher in literal,higher in literal,higher in literal,higher in literal,higher in literal,higher in literal,higher in literal,higher in metaphorical,higher in metaphorical,higher in metaphorical,,higher in metaphorical,,higher in metaphorical,higher in metaphorical,higher in metaphorical,higher in metaphorical,higher in metaphorical,higher in metaphorical,higher in metaphorical,,higher in metaphorical,,higher in literal,,higher in metaphorical,higher in metaphorical,,,,,,,higher in metaphorical,higher in metaphorical,higher in metaphorical,,higher in literal,higher in literal,higher in literal,higher in literal,,,higher in literal,higher in metaphorical,higher in metaphorical,,,,higher in metaphorical,higher in metaphorical,higher in metaphorical,,,,higher in metaphorical,,higher in metaphorical,higher in metaphorical,higher in metaphorical,,higher in metaphorical,higher in metaphorical,higher in metaphorical,higher in metaphorical,,,,higher in metaphorical,,,,,,higher in literal,higher in literal,higher in metaphorical,higher in metaphorical,,higher in literal,higher in literal,higher in metaphorical,,,,,higher in literal,higher in literal,,
finalize agreement / close agreement,0.5772162278817466,higher in literal,higher in metaphorical,higher in literal,,higher in literal,higher in literal,higher in literal,higher in literal,higher in literal,higher in literal,higher in literal,higher in literal,higher in literal,,,higher in literal,,higher in literal,,higher in literal,higher in literal,higher in literal,higher in metaphorical,higher in metaphorical,higher in metaphorical,higher in metaphorical,higher in metaphorical,higher in literal,,,higher in literal,,,,,,higher in metaphorical,,,,higher in literal,higher in literal,,,,higher in literal,higher in metaphorical,higher in metaphorical,higher in metaphorical,higher in metaphorical,higher in metaphorical,,higher in literal,higher in literal,,higher in literal,,,,,,,,,,higher in literal,higher in literal,,higher in literal,,higher in metaphorical,higher in literal,higher in literal,higher in metaphorical,higher in metaphorical,higher in metaphorical,higher in metaphorical,,higher in literal,higher in metaphorical,higher in literal,higher in literal,higher in metaphorical,higher in metaphorical,higher in metaphorical,higher in literal,,higher in literal,higher in literal,higher in literal,higher in literal,higher in literal,higher in metaphorical,,,,,higher in literal,,higher in literal,higher in literal,higher in literal,higher in literal,,higher in metaphorical,,,higher in literal,,higher in metaphorical,,,,,higher in metaphorical,,,higher in metaphorical,,,,,,higher in literal,,,,higher in literal,,higher in literal,higher in literal,higher in literal,,,higher in literal,,,,,,higher in literal,higher in literal,,,,,,,,,,,higher in literal,higher in metaphorical,higher in literal,higher in literal,higher in literal,,,,,,,,,,,
finalize project / close project,0.5279652871580143,,,higher in metaphorical,higher in metaphorical,higher in metaphorical,,higher in metaphorical,,,,higher in metaphorical,higher in metaphorical,higher in metaphorical,higher in metaphorical,higher in metaphorical,,higher in metaphorical,,higher in literal,,,,higher in metaphorical,higher in metaphorical,higher in metaphorical,higher in metaphorical,higher in metaphorical,,,,,,,,,,,,,higher in metaphorical,,,higher in metaphorical,,higher in metaphorical,,higher in metaphorical,higher in metaphorical,higher in metaphorical,higher in metaphorical,higher in metaphorical,,higher in metaphorical,,,,,,,,,,,,higher in metaphorical,,,,,,higher in metaphorical,,,higher in metaphorical,higher in metaphorical,higher in metaphorical,,higher in literal,,higher in metaphorical,,,,,,,,higher in literal,,higher in literal,,higher in literal,higher in metaphorical,,,,,higher in literal,,higher in literal,higher in literal,higher in literal,higher in literal,higher in metaphorical,higher in metaphorical,,,,higher in literal,higher in literal,higher in literal,,,,higher in metaphorical,,,higher in literal,,,,higher in literal,,,higher in literal,higher in literal,higher in literal,,,,,higher in literal,,higher in metaphorical,higher in literal,higher in metaphorical,higher in metaphorical,,,,,,higher in metaphorical,,,,,,,,,,higher in metaphorical,higher in literal,,,,,,higher in metaphorical,,higher in metaphorical,,,,,,
impair memory / cloud memory,1.0260581558467634,higher in metaphorical,higher in literal,higher in metaphorical,higher in metaphorical,higher in metaphorical,higher in metaphorical,higher in metaphorical,higher in metaphorical,,higher in metaphorical,higher in metaphorical,higher in metaphorical,higher in metaphorical,higher in metaphorical,higher in metaphorical,higher in metaphorical,higher in metaphorical,,higher in literal,higher in literal,higher in literal,higher in literal,higher in metaphorical,,higher in metaphorical,higher in metaphorical,higher in metaphorical,,higher in metaphorical,higher in metaphorical,,higher in metaphorical,,higher in metaphorical,higher in metaphorical,higher in metaphorical,higher in metaphorical,higher in metaphorical,higher in metaphorical,higher in metaphorical,higher in literal,higher in literal,higher in metaphorical,,higher in metaphorical,higher in metaphorical,higher in metaphorical,,higher in metaphorical,higher in metaphorical,higher in metaphorical,,,,higher in metaphorical,higher in metaphorical,higher in metaphorical,higher in metaphorical,higher in metaphorical,higher in metaphorical,higher in metaphorical,higher in metaphorical,higher in metaphorical,higher in metaphorical,higher in metaphorical,higher in metaphorical,higher in literal,,higher in literal,,higher in metaphorical,,,higher in metaphorical,higher in metaphorical,higher in metaphorical,,,,higher in metaphorical,higher in metaphorical,higher in metaphorical,higher in literal,higher in literal,higher in literal,higher in metaphorical,,,higher in literal,,higher in metaphorical,,higher in metaphorical,higher in literal,,,,,,,,higher in literal,,higher in metaphorical,higher in metaphorical,higher in literal,,,higher in metaphorical,,,,higher in literal,higher in literal,,higher in metaphorical,higher in metaphorical,higher in literal,higher in literal,higher in literal,,higher in metaphorical,,,higher in literal,higher in literal,higher in literal,,,higher in metaphorical,higher in metaphorical,higher in metaphorical,higher in metaphorical,higher in literal,,higher in metaphorical,higher in metaphorical,higher in literal,,,higher in metaphorical,higher in metaphorical,higher in metaphorical,higher in literal,,higher in literal,higher in metaphorical,,higher in literal,higher in literal,higher in literal,higher in literal,higher in metaphorical,higher in literal,,,,higher in literal,higher in literal,higher in metaphorical,,higher in metaphorical,,higher in literal,higher in literal,higher in literal,,
impair ability / cloud ability,0.8821760966297192,higher in metaphorical,higher in literal,higher in metaphorical,higher in metaphorical,higher in metaphorical,higher in metaphorical,higher in metaphorical,higher in metaphorical,higher in metaphorical,higher in metaphorical,higher in metaphorical,,higher in metaphorical,higher in metaphorical,,,,higher in metaphorical,,higher in metaphorical,higher in literal,higher in literal,higher in metaphorical,higher in metaphorical,higher in metaphorical,higher in metaphorical,higher in metaphorical,,higher in metaphorical,higher in metaphorical,,higher in metaphorical,higher in metaphorical,,higher in metaphorical,higher in metaphorical,higher in metaphorical,higher in metaphorical,higher in metaphorical,,higher in literal,,,higher in metaphorical,,higher in metaphorical,higher in metaphorical,higher in metaphorical,higher in metaphorical,higher in metaphorical,higher in metaphorical,higher in literal,,higher in metaphorical,higher in metaphorical,,higher in metaphorical,higher in metaphorical,,higher in metaphorical,higher in metaphorical,higher in metaphorical,higher in metaphorical,higher in metaphorical,,,higher in literal,higher in metaphorical,higher in literal,higher in metaphorical,higher in metaphorical,,,higher in metaphorical,,higher in metaphorical,,,higher in literal,higher in metaphorical,higher in metaphorical,higher in metaphorical,higher in literal,higher in literal,higher in literal,higher in metaphorical,,higher in metaphorical,higher in metaphorical,higher in metaphorical,higher in metaphorical,higher in metaphorical,higher in metaphorical,higher in literal,,,,higher in metaphorical,higher in metaphorical,higher in metaphorical,higher in metaphorical,higher in metaphorical,higher in metaphorical,higher in metaphorical,higher in metaphorical,higher in literal,higher in literal,,higher in metaphorical,,higher in metaphorical,,higher in literal,higher in literal,higher in metaphorical,higher in metaphorical,higher in metaphorical,higher in literal,higher in metaphorical,,,higher in metaphorical,higher in metaphorical,higher in metaphorical,,,,higher in literal,,higher in metaphorical,higher in metaphorical,higher in metaphorical,higher in metaphorical,higher in literal,higher in metaphorical,,higher in metaphorical,,,,,higher in metaphorical,,higher in literal,higher in literal,higher in literal,higher in metaphorical,,,,,,higher in metaphorical,,higher in literal,,,higher in literal,higher in literal,higher in metaphorical,,higher in metaphorical,,,higher in literal,higher in literal,,
impair judgement / cloud judgement,1.5399557145282543,higher in literal,higher in literal,higher in literal,higher in metaphorical,higher in literal,higher in literal,higher in literal,higher in literal,higher in literal,higher in literal,higher in literal,,,,higher in metaphorical,,higher in metaphorical,higher in literal,higher in literal,higher in literal,higher in literal,higher in literal,higher in metaphorical,higher in metaphorical,higher in metaphorical,higher in metaphorical,higher in metaphorical,higher in metaphorical,higher in metaphorical,higher in metaphorical,higher in metaphorical,higher in metaphorical,higher in metaphorical,higher in metaphorical,higher in metaphorical,higher in metaphorical,higher in metaphorical,higher in metaphorical,higher in metaphorical,higher in metaphorical,,,higher in metaphorical,higher in metaphorical,higher in metaphorical,higher in metaphorical,higher in metaphorical,higher in metaphorical,higher in metaphorical,higher in metaphorical,higher in metaphorical,,higher in metaphorical,higher in metaphorical,higher in metaphorical,higher in metaphorical,higher in metaphorical,higher in metaphorical,higher in metaphorical,higher in metaphorical,higher in metaphorical,higher in metaphorical,higher in metaphorical,higher in metaphorical,higher in metaphorical,higher in metaphorical,higher in literal,higher in metaphorical,higher in literal,higher in metaphorical,higher in literal,higher in metaphorical,,higher in metaphorical,higher in metaphorical,higher in metaphorical,higher in literal,higher in metaphorical,higher in metaphorical,higher in metaphorical,higher in metaphorical,higher in metaphorical,higher in metaphorical,higher in metaphorical,higher in metaphorical,higher in literal,higher in literal,higher in literal,,,,higher in literal,higher in metaphorical,,,,higher in literal,higher in literal,,,higher in literal,higher in literal,higher in literal,higher in metaphorical,higher in metaphorical,,,higher in metaphorical,,higher in metaphorical,,,,higher in literal,higher in metaphorical,higher in metaphorical,higher in metaphorical,,higher in metaphorical,,,higher in metaphorical,higher in metaphorical,higher in metaphorical,higher in literal,higher in literal,higher in literal,,,higher in metaphorical,higher in metaphorical,higher in metaphorical,higher in metaphorical,higher in literal,higher in literal,higher in metaphorical,higher in metaphorical,,,,higher in metaphorical,higher in metaphorical,higher in metaphorical,,,,higher in metaphorical,,,,,,higher in metaphorical,higher in literal,higher in literal,,higher in metaphorical,,,higher in metaphorical,,higher in metaphorical,,higher in literal,,,,
impair judgment / cloud judgment,1.0846899734130961,,higher in literal,,higher in metaphorical,,,,,,higher in literal,,,higher in literal,higher in literal,higher in metaphorical,,higher in metaphorical,higher in literal,higher in literal,higher in literal,,,higher in metaphorical,higher in metaphorical,higher in metaphorical,higher in metaphorical,higher in metaphorical,higher in metaphorical,higher in metaphorical,higher in metaphorical,higher in metaphorical,higher in metaphorical,higher in metaphorical,higher in metaphorical,higher in metaphorical,higher in metaphorical,higher in metaphorical,higher in metaphorical,higher in metaphorical,higher in metaphorical,,,higher in metaphorical,,higher in metaphorical,,higher in metaphorical,higher in metaphorical,higher in metaphorical,higher in metaphorical,higher in metaphorical,,higher in metaphorical,higher in metaphorical,higher in metaphorical,higher in metaphorical,higher in metaphorical,higher in metaphorical,higher in metaphorical,higher in metaphorical,higher in metaphorical,higher in metaphorical,higher in metaphorical,higher in metaphorical,higher in metaphorical,higher in metaphorical,higher in literal,higher in metaphorical,higher in literal,higher in metaphorical,higher in metaphorical,,higher in metaphorical,higher in metaphorical,higher in metaphorical,higher in metaphorical,higher in metaphorical,higher in metaphorical,higher in metaphorical,higher in metaphorical,higher in metaphorical,higher in metaphorical,,,,,higher in literal,higher in literal,,,,higher in literal,higher in metaphorical,,,,,higher in literal,,,higher in literal,higher in literal,higher in literal,higher in metaphorical,higher in metaphorical,,,higher in metaphorical,higher in literal,higher in literal,higher in literal,higher in metaphorical,higher in metaphorical,higher in metaphorical,higher in metaphorical,higher in metaphorical,higher in metaphorical,higher in literal,higher in metaphorical,higher in metaphorical,higher in metaphorical,,,,higher in literal,higher in literal,higher in literal,,,higher in metaphorical,higher in metaphorical,higher in metaphorical,higher in metaphorical,higher in literal,higher in literal,higher in metaphorical,higher in metaphorical,,,,higher in metaphorical,higher in metaphorical,higher in metaphorical,,,,higher in metaphorical,,,,,,higher in metaphorical,higher in literal,,,higher in metaphorical,,,higher in metaphorical,,higher in metaphorical,,higher in literal,,,,
impair mind / cloud mind,1.3273607382392305,higher in literal,,higher in literal,higher in literal,higher in literal,higher in literal,higher in literal,higher in literal,higher in literal,higher in literal,higher in literal,higher in literal,higher in literal,higher in literal,higher in literal,higher in literal,higher in literal,higher in literal,higher in literal,higher in literal,higher in literal,higher in literal,higher in metaphorical,higher in metaphorical,higher in metaphorical,higher in metaphorical,higher in metaphorical,higher in metaphorical,higher in metaphorical,higher in metaphorical,,,,higher in metaphorical,higher in metaphorical,higher in metaphorical,higher in metaphorical,higher in metaphorical,higher in metaphorical,,higher in literal,higher in literal,higher in literal,,higher in literal,,higher in metaphorical,higher in metaphorical,higher in metaphorical,higher in metaphorical,higher in metaphorical,,higher in metaphorical,higher in metaphorical,higher in metaphorical,,,,higher in metaphorical,higher in metaphorical,higher in metaphorical,higher in metaphorical,higher in metaphorical,higher in metaphorical,,,higher in literal,higher in metaphorical,higher in literal,higher in metaphorical,higher in metaphorical,higher in literal,higher in metaphorical,higher in metaphorical,higher in literal,higher in metaphorical,higher in metaphorical,higher in metaphorical,higher in metaphorical,higher in literal,higher in metaphorical,higher in metaphorical,higher in metaphorical,higher in metaphorical,higher in metaphorical,higher in literal,higher in literal,,higher in literal,,higher in literal,,higher in metaphorical,,,,higher in literal,,higher in literal,,higher in metaphorical,higher in literal,,higher in literal,higher in metaphorical,,,higher in literal,higher in literal,higher in literal,higher in literal,higher in metaphorical,higher in metaphorical,higher in metaphorical,,,higher in metaphorical,higher in literal,higher in metaphorical,higher in metaphorical,higher in metaphorical,higher in metaphorical,higher in literal,higher in literal,,,higher in literal,higher in literal,higher in literal,higher in literal,higher in literal,higher in metaphorical,higher in metaphorical,higher in literal,,higher in literal,higher in literal,,,,,higher in metaphorical,higher in literal,,,,higher in metaphorical,higher in literal,higher in literal,higher in literal,higher in literal,,,,higher in literal,higher in literal,higher in literal,,,higher in metaphorical,,higher in metaphorical,,higher in literal,,,,
impair vision / cloud vision,1.0390427009413754,,higher in literal,higher in metaphorical,higher in metaphorical,higher in metaphorical,,higher in metaphorical,,,,,,higher in literal,,higher in metaphorical,higher in literal,higher in metaphorical,higher in literal,higher in literal,higher in literal,higher in literal,higher in literal,higher in metaphorical,higher in metaphorical,higher in metaphorical,higher in metaphorical,higher in metaphorical,higher in metaphorical,higher in metaphorical,higher in metaphorical,higher in metaphorical,higher in metaphorical,higher in metaphorical,higher in metaphorical,higher in metaphorical,higher in metaphorical,higher in metaphorical,higher in metaphorical,higher in metaphorical,higher in metaphorical,,higher in literal,higher in metaphorical,higher in metaphorical,higher in metaphorical,,higher in metaphorical,higher in metaphorical,higher in metaphorical,higher in metaphorical,higher in metaphorical,,higher in metaphorical,higher in metaphorical,higher in metaphorical,higher in metaphorical,higher in metaphorical,higher in metaphorical,higher in metaphorical,higher in metaphorical,higher in metaphorical,higher in metaphorical,higher in metaphorical,higher in metaphorical,higher in metaphorical,higher in metaphorical,higher in literal,higher in metaphorical,higher in literal,higher in metaphorical,higher in metaphorical,,,higher in metaphorical,,higher in metaphorical,,higher in literal,higher in metaphorical,higher in metaphorical,higher in metaphorical,higher in metaphorical,higher in literal,,,,,higher in literal,,higher in literal,higher in literal,higher in literal,higher in metaphorical,higher in metaphorical,higher in metaphorical,,,higher in literal,,,higher in literal,higher in literal,higher in literal,higher in metaphorical,higher in metaphorical,higher in metaphorical,higher in metaphorical,,higher in literal,higher in literal,higher in literal,higher in metaphorical,,higher in literal,higher in metaphorical,higher in metaphorical,higher in metaphorical,higher in literal,higher in metaphorical,,,higher in literal,,,higher in literal,higher in literal,higher in literal,,,,,higher in metaphorical,higher in metaphorical,,higher in literal,higher in metaphorical,higher in metaphorical,higher in metaphorical,higher in metaphorical,,higher in metaphorical,higher in metaphorical,higher in metaphorical,higher in metaphorical,higher in metaphorical,,higher in metaphorical,,higher in literal,higher in literal,higher in literal,,higher in metaphorical,higher in literal,,,,,,higher in metaphorical,,higher in metaphorical,,higher in literal,,,,
impair thinking / cloud thinking,1.046696261491879,,higher in literal,,higher in metaphorical,,,,,,,,,higher in metaphorical,higher in metaphorical,higher in metaphorical,higher in metaphorical,higher in metaphorical,,higher in literal,,,,higher in metaphorical,higher in metaphorical,higher in metaphorical,higher in metaphorical,higher in metaphorical,higher in metaphorical,higher in metaphorical,higher in metaphorical,higher in metaphorical,higher in metaphorical,higher in metaphorical,higher in metaphorical,higher in metaphorical,higher in metaphorical,higher in metaphorical,higher in metaphorical,higher in metaphorical,higher in metaphorical,,higher in metaphorical,higher in metaphorical,,higher in metaphorical,,higher in metaphorical,higher in metaphorical,higher in metaphorical,higher in metaphorical,higher in metaphorical,,higher in metaphorical,higher in metaphorical,higher in metaphorical,higher in metaphorical,higher in metaphorical,higher in metaphorical,higher in metaphorical,higher in metaphorical,higher in metaphorical,higher in metaphorical,higher in metaphorical,higher in metaphorical,higher in metaphorical,higher in metaphorical,higher in literal,higher in metaphorical,higher in literal,higher in metaphorical,higher in metaphorical,,higher in literal,higher in metaphorical,higher in metaphorical,higher in metaphorical,higher in metaphorical,higher in literal,,higher in metaphorical,higher in metaphorical,higher in metaphorical,,,,,higher in literal,higher in literal,,,higher in metaphorical,higher in literal,higher in metaphorical,,,,higher in literal,higher in literal,,higher in literal,higher in literal,higher in literal,higher in literal,higher in metaphorical,higher in metaphorical,,,higher in metaphorical,,higher in literal,,higher in metaphorical,higher in metaphorical,higher in metaphorical,higher in metaphorical,higher in metaphorical,higher in metaphorical,higher in literal,higher in metaphorical,higher in metaphorical,higher in metaphorical,,,,higher in literal,higher in literal,higher in literal,,,higher in metaphorical,higher in metaphorical,higher in literal,higher in metaphorical,,higher in literal,higher in metaphorical,higher in metaphorical,higher in metaphorical,higher in metaphorical,higher in metaphorical,higher in metaphorical,higher in metaphorical,higher in metaphorical,,,,higher in metaphorical,,,,,,higher in literal,higher in literal,,,higher in metaphorical,,,higher in metaphorical,,higher in metaphorical,,higher in literal,,,,
impair perception / cloud perception,0.7933051060325618,higher in metaphorical,higher in literal,higher in metaphorical,higher in metaphorical,higher in metaphorical,higher in metaphorical,higher in metaphorical,higher in metaphorical,,higher in metaphorical,higher in metaphorical,,,higher in metaphorical,,higher in literal,,,,higher in metaphorical,higher in literal,higher in literal,higher in metaphorical,higher in metaphorical,higher in metaphorical,higher in metaphorical,higher in metaphorical,,higher in metaphorical,,higher in metaphorical,higher in metaphorical,higher in metaphorical,,higher in metaphorical,higher in metaphorical,higher in metaphorical,higher in metaphorical,higher in metaphorical,higher in metaphorical,higher in literal,higher in literal,higher in metaphorical,,,,higher in metaphorical,higher in metaphorical,higher in metaphorical,higher in metaphorical,higher in metaphorical,,higher in metaphorical,higher in metaphorical,higher in metaphorical,higher in metaphorical,higher in metaphorical,higher in metaphorical,higher in metaphorical,higher in metaphorical,higher in metaphorical,higher in metaphorical,higher in metaphorical,higher in metaphorical,higher in metaphorical,higher in metaphorical,higher in literal,higher in metaphorical,higher in literal,higher in metaphorical,higher in metaphorical,,higher in metaphorical,higher in metaphorical,higher in metaphorical,higher in metaphorical,,higher in metaphorical,,higher in metaphorical,higher in metaphorical,higher in metaphorical,higher in literal,higher in literal,higher in literal,higher in metaphorical,,,higher in metaphorical,,,,higher in metaphorical,,,,higher in metaphorical,,higher in metaphorical,,,,,higher in metaphorical,higher in metaphorical,,,,,higher in literal,,higher in metaphorical,,,higher in metaphorical,higher in metaphorical,higher in metaphorical,higher in literal,higher in metaphorical,higher in metaphorical,higher in metaphorical,,,,higher in literal,,,,,,,higher in metaphorical,higher in metaphorical,higher in literal,,higher in metaphorical,higher in metaphorical,higher in metaphorical,,,higher in metaphorical,higher in metaphorical,higher in metaphorical,,,,higher in metaphorical,,,,,,higher in metaphorical,higher in literal,,,,,,higher in metaphorical,,higher in metaphorical,,,,,,
impair understanding / cloud understanding,0.8057210182692683,,higher in literal,,higher in literal,,,,,,,,higher in literal,,higher in literal,higher in metaphorical,higher in metaphorical,higher in metaphorical,,higher in metaphorical,,higher in metaphorical,higher in metaphorical,higher in metaphorical,higher in metaphorical,higher in metaphorical,higher in metaphorical,higher in metaphorical,,,,,higher in metaphorical,higher in metaphorical,higher in metaphorical,higher in metaphorical,higher in metaphorical,higher in metaphorical,higher in metaphorical,higher in metaphorical,higher in metaphorical,,,,,higher in metaphorical,higher in metaphorical,higher in metaphorical,higher in metaphorical,higher in metaphorical,higher in metaphorical,higher in metaphorical,,,,,,,higher in metaphorical,higher in metaphorical,higher in metaphorical,higher in metaphorical,higher in metaphorical,higher in metaphorical,higher in metaphorical,higher in metaphorical,,higher in literal,higher in metaphorical,higher in literal,higher in metaphorical,,,,higher in metaphorical,,higher in metaphorical,higher in metaphorical,higher in literal,higher in literal,higher in metaphorical,higher in metaphorical,higher in metaphorical,,,,,higher in metaphorical,higher in metaphorical,higher in metaphorical,higher in metaphorical,higher in metaphorical,higher in metaphorical,higher in metaphorical,,,,higher in metaphorical,higher in metaphorical,higher in metaphorical,higher in metaphorical,higher in metaphorical,higher in metaphorical,higher in metaphorical,higher in metaphorical,higher in metaphorical,,,higher in metaphorical,,,,higher in metaphorical,higher in metaphorical,,,higher in metaphorical,higher in metaphorical,higher in literal,higher in literal,,,higher in literal,higher in metaphorical,higher in metaphorical,higher in metaphorical,higher in metaphorical,higher in metaphorical,,higher in metaphorical,higher in metaphorical,higher in metaphorical,higher in metaphorical,higher in metaphorical,higher in metaphorical,higher in metaphorical,higher in metaphorical,higher in metaphorical,,,,higher in metaphorical,higher in metaphorical,higher in metaphorical,,,,higher in metaphorical,,higher in metaphorical,higher in metaphorical,higher in metaphorical,,,higher in literal,,higher in metaphorical,higher in metaphorical,,,higher in metaphorical,,higher in metaphorical,,higher in metaphorical,,,,
affect judgement / color judgement,2.569508193091137,higher in metaphorical,higher in literal,higher in metaphorical,higher in metaphorical,higher in metaphorical,higher in metaphorical,higher in metaphorical,higher in metaphorical,higher in metaphorical,higher in metaphorical,higher in metaphorical,higher in metaphorical,higher in metaphorical,higher in metaphorical,higher in metaphorical,higher in metaphorical,higher in metaphorical,higher in literal,higher in metaphorical,higher in metaphorical,higher in metaphorical,higher in metaphorical,higher in metaphorical,higher in metaphorical,higher in metaphorical,higher in metaphorical,higher in metaphorical,higher in metaphorical,higher in metaphorical,higher in metaphorical,higher in metaphorical,higher in metaphorical,higher in metaphorical,higher in metaphorical,higher in metaphorical,higher in metaphorical,higher in metaphorical,higher in metaphorical,higher in metaphorical,higher in metaphorical,higher in metaphorical,higher in metaphorical,higher in metaphorical,higher in metaphorical,higher in metaphorical,higher in metaphorical,higher in metaphorical,higher in metaphorical,higher in metaphorical,higher in metaphorical,higher in metaphorical,higher in metaphorical,higher in metaphorical,higher in metaphorical,higher in metaphorical,higher in metaphorical,higher in metaphorical,higher in metaphorical,higher in metaphorical,higher in metaphorical,higher in metaphorical,higher in metaphorical,higher in metaphorical,higher in metaphorical,higher in metaphorical,higher in metaphorical,higher in literal,higher in metaphorical,higher in literal,higher in metaphorical,higher in literal,higher in literal,higher in literal,higher in metaphorical,higher in literal,higher in metaphorical,higher in literal,higher in literal,,,higher in metaphorical,higher in metaphorical,higher in literal,higher in literal,higher in literal,higher in metaphorical,higher in metaphorical,higher in metaphorical,higher in metaphorical,higher in metaphorical,higher in metaphorical,higher in metaphorical,higher in metaphorical,higher in metaphorical,higher in metaphorical,higher in metaphorical,higher in metaphorical,higher in metaphorical,higher in metaphorical,higher in metaphorical,higher in metaphorical,higher in literal,higher in metaphorical,higher in metaphorical,higher in metaphorical,higher in metaphorical,higher in metaphorical,higher in metaphorical,higher in metaphorical,higher in metaphorical,higher in metaphorical,higher in literal,higher in literal,higher in literal,higher in literal,higher in metaphorical,higher in metaphorical,higher in metaphorical,,higher in literal,higher in literal,higher in literal,higher in metaphorical,higher in metaphorical,higher in metaphorical,higher in metaphorical,higher in metaphorical,higher in metaphorical,,higher in metaphorical,higher in metaphorical,higher in literal,higher in literal,higher in metaphorical,higher in metaphorical,higher in metaphorical,higher in metaphorical,higher in metaphorical,higher in metaphorical,higher in metaphorical,higher in metaphorical,higher in metaphorical,higher in metaphorical,higher in metaphorical,higher in metaphorical,higher in metaphorical,higher in metaphorical,,higher in metaphorical,,,,higher in metaphorical,higher in literal,higher in metaphorical,,higher in metaphorical,,,higher in metaphorical,,higher in metaphorical,,higher in metaphorical,,,,
affect decision / color decision,1.3535449404086524,higher in metaphorical,higher in literal,higher in metaphorical,higher in metaphorical,higher in metaphorical,higher in metaphorical,higher in metaphorical,higher in metaphorical,higher in metaphorical,higher in metaphorical,higher in metaphorical,higher in metaphorical,higher in literal,higher in literal,higher in metaphorical,higher in literal,higher in metaphorical,higher in literal,higher in literal,higher in literal,higher in literal,higher in literal,,,higher in metaphorical,higher in metaphorical,,higher in metaphorical,higher in metaphorical,higher in metaphorical,,,,higher in metaphorical,higher in metaphorical,higher in metaphorical,higher in metaphorical,higher in metaphorical,higher in metaphorical,higher in metaphorical,higher in literal,higher in literal,higher in metaphorical,higher in metaphorical,higher in metaphorical,higher in metaphorical,higher in metaphorical,higher in metaphorical,higher in metaphorical,higher in metaphorical,,higher in metaphorical,higher in metaphorical,higher in metaphorical,higher in metaphorical,,,,higher in metaphorical,higher in metaphorical,higher in metaphorical,higher in metaphorical,higher in metaphorical,higher in metaphorical,higher in metaphorical,higher in metaphorical,,,higher in metaphorical,higher in metaphorical,higher in literal,higher in metaphorical,higher in literal,,higher in metaphorical,,higher in metaphorical,higher in literal,higher in literal,higher in literal,higher in metaphorical,higher in metaphorical,higher in literal,higher in literal,higher in literal,higher in metaphorical,higher in literal,higher in literal,higher in metaphorical,higher in literal,higher in literal,higher in literal,higher in metaphorical,higher in metaphorical,higher in metaphorical,higher in metaphorical,higher in metaphorical,,higher in metaphorical,,higher in literal,,higher in literal,higher in metaphorical,higher in metaphorical,higher in metaphorical,higher in metaphorical,,higher in metaphorical,higher in metaphorical,,higher in metaphorical,higher in metaphorical,higher in metaphorical,higher in literal,higher in metaphorical,,higher in literal,,,higher in literal,higher in metaphorical,higher in metaphorical,higher in metaphorical,higher in literal,higher in literal,higher in literal,higher in metaphorical,higher in metaphorical,higher in metaphorical,higher in metaphorical,higher in literal,higher in literal,higher in literal,higher in literal,higher in metaphorical,higher in metaphorical,higher in metaphorical,higher in metaphorical,higher in metaphorical,higher in metaphorical,higher in metaphorical,higher in metaphorical,higher in metaphorical,higher in metaphorical,higher in metaphorical,higher in metaphorical,,,higher in literal,,higher in literal,higher in literal,higher in metaphorical,,higher in metaphorical,higher in metaphorical,,higher in metaphorical,higher in metaphorical,,higher in metaphorical,,,,higher in metaphorical,,
affect choice / color choice,1.4595793871207752,higher in metaphorical,higher in metaphorical,higher in metaphorical,,higher in metaphorical,higher in metaphorical,higher in metaphorical,higher in metaphorical,higher in metaphorical,higher in metaphorical,higher in metaphorical,higher in metaphorical,higher in metaphorical,higher in metaphorical,higher in literal,higher in metaphorical,higher in literal,higher in literal,higher in metaphorical,higher in literal,higher in metaphorical,higher in metaphorical,,higher in metaphorical,higher in metaphorical,,,higher in literal,higher in literal,higher in literal,higher in literal,higher in literal,higher in literal,higher in literal,higher in literal,higher in literal,higher in literal,higher in literal,higher in literal,,higher in metaphorical,higher in metaphorical,higher in literal,higher in literal,higher in literal,higher in literal,,,higher in metaphorical,,,,higher in literal,higher in literal,higher in literal,higher in literal,higher in literal,higher in literal,higher in literal,higher in literal,higher in literal,higher in literal,higher in literal,higher in literal,higher in literal,higher in literal,,higher in literal,,higher in literal,higher in literal,higher in literal,higher in literal,higher in metaphorical,higher in metaphorical,higher in literal,higher in literal,higher in literal,higher in literal,higher in literal,higher in literal,higher in literal,higher in literal,higher in literal,higher in literal,higher in metaphorical,higher in literal,higher in literal,higher in literal,higher in literal,higher in metaphorical,higher in literal,higher in metaphorical,higher in literal,higher in literal,,higher in literal,higher in literal,higher in literal,higher in literal,higher in literal,higher in literal,higher in literal,,higher in metaphorical,higher in literal,higher in literal,higher in literal,,higher in literal,,higher in literal,,,higher in metaphorical,higher in literal,higher in literal,higher in literal,higher in metaphorical,higher in literal,higher in literal,higher in metaphorical,higher in literal,higher in literal,higher in literal,higher in literal,higher in metaphorical,,,,,higher in literal,,higher in metaphorical,higher in literal,,,higher in literal,higher in literal,,higher in literal,higher in literal,,higher in literal,higher in literal,,higher in literal,higher in literal,higher in literal,higher in literal,higher in literal,higher in literal,higher in literal,higher in metaphorical,,,higher in literal,,,higher in literal,,higher in literal,,higher in literal,,,,
affect perception / color perception,0.8750776052951026,higher in metaphorical,higher in literal,higher in metaphorical,higher in literal,higher in metaphorical,higher in metaphorical,higher in metaphorical,higher in metaphorical,,higher in metaphorical,higher in metaphorical,higher in metaphorical,higher in literal,,higher in literal,higher in literal,higher in literal,higher in metaphorical,higher in metaphorical,higher in metaphorical,higher in literal,higher in literal,,higher in metaphorical,higher in metaphorical,,higher in metaphorical,higher in literal,higher in literal,higher in literal,higher in literal,higher in literal,higher in literal,,higher in metaphorical,,,higher in metaphorical,,higher in literal,higher in literal,higher in literal,higher in literal,higher in literal,higher in literal,higher in literal,,higher in metaphorical,higher in metaphorical,,higher in metaphorical,higher in literal,higher in literal,higher in literal,higher in literal,higher in literal,higher in literal,higher in literal,,,,,higher in metaphorical,higher in metaphorical,higher in literal,higher in literal,higher in literal,higher in literal,higher in literal,higher in literal,higher in literal,higher in literal,,,,,higher in literal,higher in literal,higher in literal,higher in literal,,,higher in literal,higher in literal,,,,,,,higher in literal,higher in metaphorical,higher in metaphorical,higher in literal,higher in literal,higher in literal,,,,,higher in metaphorical,higher in metaphorical,higher in metaphorical,higher in literal,higher in metaphorical,higher in literal,higher in literal,higher in literal,higher in metaphorical,higher in metaphorical,higher in metaphorical,higher in literal,higher in literal,higher in literal,higher in literal,higher in metaphorical,higher in metaphorical,,higher in literal,higher in literal,higher in literal,higher in literal,higher in literal,higher in literal,higher in metaphorical,higher in metaphorical,higher in metaphorical,higher in literal,higher in literal,higher in literal,higher in literal,higher in literal,higher in literal,higher in metaphorical,higher in metaphorical,higher in literal,higher in literal,higher in literal,higher in literal,,higher in literal,,higher in literal,higher in literal,higher in literal,,,,higher in literal,higher in literal,higher in literal,higher in literal,,higher in metaphorical,higher in literal,higher in literal,higher in literal,,,higher in literal,,,,higher in metaphorical,,,,
affect experience / color experience,0.7892589380046253,higher in literal,,,higher in literal,,,,higher in literal,higher in literal,higher in literal,,,higher in metaphorical,higher in metaphorical,higher in literal,higher in metaphorical,higher in literal,,higher in metaphorical,higher in metaphorical,,,,,,higher in literal,higher in literal,higher in literal,higher in literal,higher in literal,higher in literal,,,,,,,,,,,higher in metaphorical,higher in literal,higher in literal,higher in literal,higher in literal,higher in literal,higher in literal,,higher in literal,,,higher in literal,higher in literal,higher in literal,higher in literal,,,higher in literal,,,,,,,higher in literal,,,higher in literal,,higher in literal,higher in literal,higher in metaphorical,higher in literal,higher in metaphorical,higher in literal,higher in literal,higher in literal,higher in metaphorical,higher in literal,higher in literal,higher in literal,,,higher in metaphorical,higher in literal,,,higher in metaphorical,,,,,higher in literal,higher in literal,,,higher in literal,higher in metaphorical,,,,higher in metaphorical,higher in literal,,higher in literal,higher in literal,higher in literal,higher in literal,,,higher in literal,higher in metaphorical,higher in metaphorical,higher in metaphorical,higher in literal,higher in literal,higher in literal,,higher in metaphorical,higher in literal,,higher in literal,higher in literal,higher in metaphorical,higher in metaphorical,higher in metaphorical,higher in literal,higher in literal,higher in literal,higher in literal,higher in literal,higher in literal,higher in literal,higher in metaphorical,,higher in literal,higher in literal,higher in literal,,higher in literal,higher in literal,,higher in literal,higher in literal,,higher in literal,,higher in literal,,,,higher in literal,higher in literal,higher in literal,higher in literal,higher in literal,,,higher in literal,,higher in literal,,,,,,
affect interpretation / color interpretation,0.7401296165237323,higher in metaphorical,higher in literal,higher in metaphorical,,higher in metaphorical,higher in metaphorical,higher in metaphorical,higher in metaphorical,higher in metaphorical,higher in metaphorical,higher in metaphorical,,higher in literal,higher in literal,higher in metaphorical,,,,higher in metaphorical,higher in metaphorical,,,higher in metaphorical,higher in metaphorical,higher in metaphorical,higher in metaphorical,higher in metaphorical,,,,higher in literal,higher in literal,higher in literal,higher in metaphorical,higher in metaphorical,,,higher in metaphorical,,higher in metaphorical,,,higher in metaphorical,,,,,,higher in metaphorical,higher in metaphorical,higher in metaphorical,higher in metaphorical,,,,higher in literal,higher in literal,higher in literal,higher in metaphorical,higher in metaphorical,,,higher in metaphorical,,higher in metaphorical,,higher in literal,,higher in literal,,,higher in literal,higher in literal,higher in metaphorical,higher in metaphorical,,higher in metaphorical,higher in literal,higher in literal,higher in metaphorical,higher in literal,higher in literal,higher in literal,higher in literal,higher in literal,higher in metaphorical,higher in metaphorical,,higher in metaphorical,higher in metaphorical,,higher in metaphorical,higher in metaphorical,higher in metaphorical,,higher in metaphorical,higher in metaphorical,higher in metaphorical,higher in metaphorical,higher in metaphorical,higher in metaphorical,higher in metaphorical,higher in metaphorical,higher in metaphorical,higher in metaphorical,higher in metaphorical,,higher in metaphorical,,,,higher in metaphorical,higher in metaphorical,,higher in literal,higher in metaphorical,higher in metaphorical,higher in literal,,higher in literal,higher in literal,higher in literal,,,,higher in metaphorical,higher in metaphorical,,,higher in metaphorical,higher in metaphorical,higher in metaphorical,higher in literal,higher in metaphorical,higher in metaphorical,higher in metaphorical,higher in metaphorical,,,,,higher in metaphorical,higher in metaphorical,,,,higher in metaphorical,,higher in metaphorical,,higher in metaphorical,,higher in literal,higher in literal,,,higher in metaphorical,,,higher in metaphorical,,higher in metaphorical,,higher in metaphorical,,,,
affect judgement / colour judgement,1.1098121546316189,higher in literal,higher in literal,,higher in metaphorical,,higher in literal,,,higher in literal,,,,higher in metaphorical,higher in metaphorical,higher in metaphorical,higher in metaphorical,higher in metaphorical,higher in metaphorical,,higher in metaphorical,,,higher in metaphorical,higher in metaphorical,higher in metaphorical,higher in metaphorical,higher in metaphorical,higher in metaphorical,higher in metaphorical,higher in metaphorical,higher in metaphorical,higher in metaphorical,higher in metaphorical,,higher in metaphorical,higher in metaphorical,higher in metaphorical,higher in metaphorical,higher in metaphorical,,higher in metaphorical,higher in metaphorical,higher in metaphorical,higher in metaphorical,higher in metaphorical,higher in metaphorical,higher in metaphorical,higher in metaphorical,higher in metaphorical,higher in metaphorical,higher in metaphorical,,higher in metaphorical,higher in metaphorical,higher in metaphorical,higher in metaphorical,higher in metaphorical,higher in metaphorical,,higher in metaphorical,higher in metaphorical,higher in metaphorical,higher in metaphorical,higher in metaphorical,,higher in metaphorical,,higher in metaphorical,,higher in metaphorical,higher in literal,higher in metaphorical,higher in literal,higher in metaphorical,,higher in metaphorical,higher in literal,,higher in literal,,higher in metaphorical,higher in metaphorical,,,,higher in literal,higher in metaphorical,higher in metaphorical,higher in metaphorical,higher in metaphorical,higher in metaphorical,higher in metaphorical,higher in metaphorical,,,,higher in metaphorical,higher in metaphorical,higher in metaphorical,higher in metaphorical,higher in metaphorical,,higher in metaphorical,,higher in metaphorical,,,higher in literal,higher in metaphorical,higher in metaphorical,higher in metaphorical,higher in literal,,higher in literal,higher in literal,higher in metaphorical,higher in metaphorical,higher in metaphorical,higher in literal,higher in literal,higher in literal,,higher in metaphorical,higher in metaphorical,,,,,higher in literal,,higher in literal,higher in literal,higher in literal,higher in metaphorical,higher in metaphorical,,,higher in metaphorical,higher in metaphorical,higher in metaphorical,higher in metaphorical,higher in metaphorical,,higher in metaphorical,higher in metaphorical,higher in metaphorical,higher in metaphorical,,higher in literal,higher in literal,higher in literal,higher in literal,higher in metaphorical,higher in metaphorical,,,,,,higher in metaphorical,,higher in metaphorical,,higher in metaphorical,,,,
affect decision / colour decision,0.9639242781070804,,higher in literal,,higher in metaphorical,,,higher in metaphorical,,,,,,higher in metaphorical,higher in metaphorical,higher in metaphorical,higher in metaphorical,,higher in metaphorical,higher in literal,higher in metaphorical,,higher in literal,higher in metaphorical,higher in metaphorical,higher in metaphorical,higher in metaphorical,higher in metaphorical,,,,higher in literal,higher in literal,higher in literal,higher in literal,,,,,higher in metaphorical,higher in metaphorical,higher in metaphorical,higher in literal,higher in metaphorical,higher in metaphorical,higher in metaphorical,,higher in metaphorical,higher in metaphorical,higher in metaphorical,higher in metaphorical,higher in metaphorical,higher in literal,,,,higher in literal,higher in literal,higher in literal,higher in literal,higher in literal,higher in literal,higher in literal,,,higher in metaphorical,higher in metaphorical,higher in literal,higher in metaphorical,higher in literal,higher in metaphorical,higher in literal,higher in literal,higher in metaphorical,,higher in metaphorical,,higher in literal,higher in literal,,higher in literal,higher in metaphorical,higher in metaphorical,higher in literal,higher in literal,higher in literal,higher in metaphorical,higher in metaphorical,higher in metaphorical,,,higher in metaphorical,higher in metaphorical,higher in metaphorical,,,,higher in metaphorical,higher in metaphorical,,higher in literal,,higher in metaphorical,higher in literal,higher in metaphorical,higher in metaphorical,,higher in literal,,higher in metaphorical,higher in metaphorical,higher in metaphorical,higher in literal,,,higher in literal,higher in literal,higher in literal,higher in metaphorical,higher in metaphorical,,higher in literal,higher in literal,higher in metaphorical,,higher in metaphorical,,higher in literal,higher in metaphorical,,higher in literal,,higher in literal,higher in literal,higher in metaphorical,,higher in metaphorical,higher in metaphorical,,,,higher in metaphorical,higher in metaphorical,higher in metaphorical,,,,,higher in metaphorical,higher in literal,higher in literal,higher in literal,higher in literal,higher in metaphorical,,,,,,higher in literal,higher in metaphorical,higher in metaphorical,higher in metaphorical,,higher in literal,,,higher in metaphorical,
affect choice / colour choice,1.4831973073943612,,,higher in metaphorical,higher in metaphorical,higher in metaphorical,higher in metaphorical,,higher in metaphorical,,higher in metaphorical,higher in metaphorical,higher in metaphorical,,,higher in literal,,higher in literal,higher in literal,higher in literal,,,,higher in literal,higher in literal,higher in literal,higher in literal,,higher in literal,higher in literal,higher in literal,higher in literal,higher in literal,higher in literal,,,,higher in metaphorical,higher in metaphorical,,higher in literal,,,higher in literal,higher in literal,higher in literal,higher in literal,higher in literal,higher in literal,higher in literal,higher in literal,,higher in literal,higher in literal,higher in literal,higher in literal,higher in literal,higher in literal,higher in literal,,,,higher in metaphorical,higher in metaphorical,,higher in literal,higher in literal,,higher in literal,,higher in literal,higher in literal,higher in literal,higher in literal,higher in metaphorical,higher in metaphorical,,higher in literal,higher in literal,,higher in literal,higher in literal,higher in literal,higher in literal,higher in literal,,,higher in literal,higher in literal,higher in literal,higher in literal,,,higher in literal,higher in literal,higher in literal,higher in literal,higher in literal,higher in literal,higher in literal,higher in literal,,higher in literal,,higher in literal,higher in literal,higher in literal,higher in literal,higher in literal,higher in metaphorical,higher in metaphorical,higher in metaphorical,higher in literal,higher in literal,higher in literal,,higher in literal,higher in literal,higher in metaphorical,higher in metaphorical,higher in literal,higher in literal,higher in metaphorical,higher in literal,higher in literal,higher in literal,higher in literal,higher in literal,higher in literal,higher in literal,higher in literal,higher in literal,higher in literal,higher in literal,,,higher in literal,higher in literal,higher in literal,higher in literal,higher in literal,higher in literal,higher in literal,higher in literal,higher in literal,higher in literal,higher in literal,higher in literal,higher in metaphorical,higher in literal,higher in literal,higher in literal,higher in literal,higher in literal,,higher in literal,higher in literal,higher in literal,,,higher in literal,,higher in literal,,,,,,
affect perception / colour perception,0.860658557718916,,,higher in metaphorical,higher in literal,,higher in metaphorical,,higher in metaphorical,,higher in metaphorical,higher in metaphorical,,,,higher in literal,,higher in literal,higher in metaphorical,higher in metaphorical,higher in metaphorical,,,higher in literal,higher in literal,higher in literal,higher in literal,higher in literal,higher in literal,higher in literal,higher in literal,higher in literal,higher in literal,higher in literal,higher in metaphorical,,,higher in metaphorical,,,higher in literal,,,higher in literal,higher in literal,higher in literal,higher in literal,higher in literal,higher in literal,higher in literal,higher in literal,higher in literal,,higher in literal,higher in literal,higher in literal,higher in literal,higher in literal,higher in literal,higher in metaphorical,,,higher in metaphorical,,,higher in literal,,higher in metaphorical,higher in literal,higher in metaphorical,higher in literal,higher in literal,higher in literal,,higher in literal,,higher in literal,higher in literal,higher in literal,higher in literal,higher in literal,higher in literal,higher in literal,higher in literal,higher in literal,,,,higher in metaphorical,,higher in metaphorical,higher in literal,higher in metaphorical,higher in literal,higher in literal,higher in literal,,,higher in metaphorical,,higher in metaphorical,higher in metaphorical,higher in metaphorical,higher in metaphorical,higher in literal,higher in literal,higher in literal,higher in literal,,higher in metaphorical,higher in metaphorical,higher in metaphorical,,,higher in literal,higher in literal,,,,,higher in literal,higher in literal,higher in literal,higher in literal,higher in literal,higher in metaphorical,higher in metaphorical,higher in metaphorical,,,,higher in literal,higher in metaphorical,higher in literal,,higher in metaphorical,higher in literal,higher in literal,higher in literal,,,,,higher in literal,higher in literal,higher in literal,,,,,,,,higher in literal,,,,,,,higher in literal,,higher in literal,,higher in metaphorical,,,,
affect experience / colour experience,0.8417951018622754,higher in metaphorical,higher in literal,higher in metaphorical,,higher in metaphorical,higher in metaphorical,higher in metaphorical,higher in metaphorical,higher in metaphorical,higher in metaphorical,higher in metaphorical,,higher in metaphorical,higher in metaphorical,higher in literal,higher in metaphorical,higher in literal,higher in metaphorical,higher in metaphorical,,higher in metaphorical,higher in metaphorical,higher in literal,higher in literal,higher in literal,higher in literal,higher in literal,higher in literal,higher in literal,higher in literal,higher in literal,higher in literal,higher in literal,,,,,,higher in literal,,,,higher in literal,higher in literal,higher in literal,higher in literal,higher in literal,higher in literal,higher in literal,higher in literal,higher in literal,,higher in literal,higher in literal,higher in literal,higher in literal,higher in literal,higher in literal,,,,,,,,,higher in metaphorical,higher in literal,higher in metaphorical,higher in literal,,higher in literal,higher in metaphorical,higher in literal,higher in metaphorical,higher in literal,,higher in literal,,higher in literal,higher in literal,higher in literal,higher in literal,higher in literal,higher in literal,higher in metaphorical,,higher in metaphorical,,higher in metaphorical,higher in metaphorical,higher in metaphorical,higher in literal,higher in literal,,,,,,higher in metaphorical,higher in metaphorical,higher in metaphorical,higher in metaphorical,higher in literal,higher in literal,higher in literal,,,,,,higher in metaphorical,higher in metaphorical,,higher in metaphorical,higher in literal,higher in literal,,,higher in metaphorical,higher in metaphorical,,higher in literal,higher in literal,higher in metaphorical,higher in metaphorical,higher in metaphorical,higher in literal,higher in literal,,,higher in metaphorical,higher in metaphorical,,higher in metaphorical,,,higher in literal,higher in literal,higher in literal,,,higher in literal,higher in literal,higher in literal,higher in literal,,,,,,,higher in literal,higher in metaphorical,higher in literal,higher in literal,,,,,,,,,,,,
affect interpretation / colour interpretation,1.0733977747529042,higher in metaphorical,higher in literal,higher in metaphorical,higher in literal,higher in metaphorical,higher in metaphorical,higher in metaphorical,higher in metaphorical,higher in metaphorical,higher in metaphorical,higher in metaphorical,higher in metaphorical,higher in metaphorical,higher in metaphorical,,higher in metaphorical,,higher in metaphorical,higher in metaphorical,higher in metaphorical,higher in metaphorical,higher in metaphorical,higher in literal,higher in literal,higher in literal,higher in literal,higher in literal,higher in literal,higher in literal,higher in literal,higher in literal,higher in literal,higher in literal,,higher in metaphorical,,,higher in metaphorical,higher in metaphorical,,higher in metaphorical,higher in metaphorical,,higher in literal,,,higher in literal,higher in literal,higher in literal,higher in literal,higher in literal,higher in metaphorical,higher in literal,higher in literal,higher in literal,higher in literal,higher in literal,higher in literal,,higher in metaphorical,,,higher in metaphorical,higher in metaphorical,,,higher in metaphorical,higher in literal,higher in metaphorical,higher in literal,higher in literal,higher in literal,,,,,,higher in literal,higher in literal,,higher in metaphorical,higher in metaphorical,higher in literal,higher in literal,higher in literal,higher in metaphorical,higher in metaphorical,higher in metaphorical,higher in metaphorical,higher in metaphorical,higher in metaphorical,higher in metaphorical,higher in literal,higher in metaphorical,higher in metaphorical,higher in metaphorical,higher in metaphorical,higher in metaphorical,higher in metaphorical,higher in metaphorical,higher in metaphorical,higher in metaphorical,higher in metaphorical,,higher in literal,higher in metaphorical,higher in metaphorical,,,higher in literal,,higher in metaphorical,higher in metaphorical,,,higher in metaphorical,higher in metaphorical,,higher in literal,higher in metaphorical,,higher in literal,,,higher in metaphorical,higher in metaphorical,higher in metaphorical,,,higher in metaphorical,higher in metaphorical,higher in metaphorical,,higher in metaphorical,higher in metaphorical,,,,,,,,,,,,,,,higher in literal,,higher in literal,,higher in metaphorical,,,,,,,,,,higher in metaphorical,,,,
reduce economy / deflate economy,0.7883660914208308,higher in metaphorical,,higher in metaphorical,higher in literal,higher in metaphorical,higher in metaphorical,higher in metaphorical,higher in metaphorical,higher in metaphorical,higher in metaphorical,higher in metaphorical,higher in metaphorical,higher in metaphorical,higher in metaphorical,,higher in literal,,higher in metaphorical,higher in metaphorical,higher in metaphorical,higher in literal,higher in literal,higher in literal,higher in literal,higher in literal,higher in literal,higher in literal,higher in literal,,,higher in literal,,,,,,,,,,higher in literal,higher in literal,,higher in metaphorical,,higher in metaphorical,higher in literal,higher in literal,higher in literal,higher in literal,higher in literal,,higher in literal,,,higher in literal,,,,,,,,,,,,higher in literal,,higher in literal,higher in literal,,,higher in literal,,higher in literal,,,higher in metaphorical,higher in literal,,,higher in literal,higher in literal,higher in literal,higher in metaphorical,higher in metaphorical,higher in metaphorical,,higher in metaphorical,,higher in metaphorical,higher in literal,,,,higher in metaphorical,higher in metaphorical,,higher in metaphorical,higher in metaphorical,higher in metaphorical,higher in metaphorical,,higher in literal,,,higher in metaphorical,higher in metaphorical,higher in metaphorical,higher in metaphorical,,,,,higher in metaphorical,,higher in metaphorical,higher in literal,higher in metaphorical,,,,higher in metaphorical,higher in metaphorical,higher in metaphorical,,higher in literal,higher in metaphorical,higher in metaphorical,higher in metaphorical,higher in metaphorical,higher in metaphorical,higher in metaphorical,higher in metaphorical,higher in literal,,,,,,higher in metaphorical,higher in literal,,,,higher in metaphorical,,higher in metaphorical,higher in metaphorical,higher in metaphorical,higher in metaphorical,,higher in metaphorical,higher in literal,higher in metaphorical,higher in metaphorical,higher in literal,higher in literal,,,,,,higher in literal,higher in literal,,
reduce cost / deflate cost,2.339075425923617,higher in metaphorical,,higher in metaphorical,,higher in metaphorical,higher in metaphorical,higher in metaphorical,higher in metaphorical,higher in metaphorical,higher in metaphorical,higher in metaphorical,higher in metaphorical,higher in metaphorical,higher in metaphorical,higher in metaphorical,higher in metaphorical,higher in metaphorical,higher in metaphorical,higher in metaphorical,higher in metaphorical,higher in metaphorical,higher in metaphorical,,higher in literal,higher in literal,,higher in literal,higher in metaphorical,higher in metaphorical,higher in metaphorical,higher in metaphorical,higher in metaphorical,higher in metaphorical,,,higher in literal,,,higher in literal,higher in metaphorical,higher in metaphorical,higher in metaphorical,higher in metaphorical,higher in metaphorical,higher in metaphorical,higher in metaphorical,higher in literal,higher in literal,higher in literal,,higher in literal,higher in metaphorical,higher in metaphorical,higher in metaphorical,higher in metaphorical,higher in metaphorical,higher in metaphorical,higher in metaphorical,,,higher in literal,,,higher in literal,higher in metaphorical,higher in metaphorical,higher in metaphorical,higher in literal,higher in metaphorical,higher in literal,,higher in metaphorical,higher in metaphorical,,higher in literal,higher in metaphorical,,higher in metaphorical,higher in metaphorical,higher in literal,higher in metaphorical,higher in metaphorical,higher in literal,higher in literal,higher in literal,higher in metaphorical,higher in metaphorical,higher in metaphorical,higher in metaphorical,higher in metaphorical,higher in metaphorical,higher in metaphorical,higher in literal,higher in metaphorical,higher in metaphorical,higher in metaphorical,higher in metaphorical,higher in metaphorical,higher in metaphorical,higher in metaphorical,higher in metaphorical,higher in metaphorical,higher in metaphorical,higher in metaphorical,higher in literal,higher in metaphorical,higher in metaphorical,higher in metaphorical,,higher in metaphorical,,,,,,higher in literal,higher in literal,higher in metaphorical,,higher in metaphorical,higher in metaphorical,higher in metaphorical,higher in metaphorical,higher in metaphorical,higher in metaphorical,higher in metaphorical,higher in metaphorical,higher in metaphorical,higher in metaphorical,higher in metaphorical,higher in metaphorical,,,higher in literal,higher in metaphorical,higher in metaphorical,higher in metaphorical,higher in metaphorical,higher in metaphorical,higher in metaphorical,higher in metaphorical,higher in metaphorical,higher in metaphorical,higher in metaphorical,higher in metaphorical,higher in metaphorical,higher in metaphorical,,,higher in literal,,higher in literal,higher in metaphorical,higher in literal,higher in metaphorical,higher in metaphorical,higher in metaphorical,,,higher in metaphorical,,higher in metaphorical,,higher in metaphorical,,,,
reduce price / deflate price,0.7973543819292891,higher in metaphorical,higher in metaphorical,higher in metaphorical,,higher in metaphorical,higher in metaphorical,higher in metaphorical,higher in metaphorical,higher in metaphorical,higher in metaphorical,higher in metaphorical,higher in metaphorical,higher in metaphorical,higher in metaphorical,higher in literal,higher in metaphorical,higher in literal,,,,higher in metaphorical,higher in metaphorical,higher in literal,higher in literal,higher in literal,higher in literal,higher in literal,higher in literal,,,higher in literal,,,,,,higher in metaphorical,,,,higher in metaphorical,higher in metaphorical,higher in literal,,higher in literal,,higher in literal,higher in literal,higher in literal,higher in literal,higher in literal,,higher in literal,,,higher in literal,,,,,,higher in metaphorical,,,,,higher in metaphorical,higher in literal,higher in metaphorical,higher in literal,,higher in metaphorical,,higher in literal,,,higher in literal,higher in metaphorical,higher in metaphorical,,higher in literal,,higher in literal,higher in literal,higher in literal,higher in metaphorical,higher in literal,,,higher in metaphorical,higher in metaphorical,,higher in literal,,,,higher in literal,,,higher in metaphorical,,higher in literal,higher in metaphorical,,higher in literal,,,higher in metaphorical,higher in metaphorical,higher in metaphorical,higher in metaphorical,,,higher in literal,higher in literal,higher in metaphorical,higher in metaphorical,higher in metaphorical,higher in literal,,higher in literal,higher in metaphorical,,,higher in literal,higher in literal,,,,higher in metaphorical,higher in metaphorical,higher in metaphorical,higher in literal,higher in literal,higher in metaphorical,,,,,,,,,,,,,,higher in metaphorical,higher in metaphorical,higher in metaphorical,,higher in metaphorical,higher in metaphorical,,,higher in metaphorical,,,,,,,,,,,
reduce value / deflate value,0.730951259909523,higher in metaphorical,,higher in metaphorical,higher in metaphorical,higher in metaphorical,higher in metaphorical,higher in metaphorical,higher in metaphorical,higher in metaphorical,higher in metaphorical,higher in metaphorical,higher in metaphorical,higher in literal,higher in literal,,higher in literal,,,higher in literal,higher in literal,,,higher in literal,higher in literal,higher in literal,higher in literal,higher in literal,,,,,,,higher in literal,higher in literal,higher in literal,higher in literal,higher in literal,higher in literal,,higher in literal,higher in literal,,,,higher in metaphorical,higher in literal,higher in literal,higher in literal,higher in literal,higher in literal,,,,,,,,higher in literal,higher in literal,higher in literal,higher in literal,higher in literal,,,,higher in metaphorical,higher in literal,higher in metaphorical,higher in literal,higher in metaphorical,,higher in metaphorical,higher in literal,,higher in literal,,higher in metaphorical,higher in metaphorical,higher in metaphorical,,,higher in literal,higher in literal,higher in literal,higher in metaphorical,higher in literal,,higher in literal,,higher in literal,higher in literal,higher in literal,,,,higher in literal,,higher in literal,,,,higher in literal,higher in metaphorical,higher in literal,,,higher in metaphorical,,,,,higher in literal,higher in literal,,higher in literal,,higher in metaphorical,,higher in literal,,higher in metaphorical,,,higher in literal,higher in literal,higher in literal,,,,,higher in metaphorical,,,higher in literal,,,higher in literal,higher in literal,higher in literal,,,,higher in literal,higher in literal,higher in literal,,,higher in metaphorical,,higher in metaphorical,,higher in metaphorical,higher in metaphorical,,,,,,,,,,,,,,
reduce supply / deflate supply,1.9394176047215315,higher in metaphorical,,higher in metaphorical,higher in literal,higher in metaphorical,higher in metaphorical,higher in metaphorical,higher in metaphorical,higher in metaphorical,higher in metaphorical,higher in metaphorical,higher in metaphorical,higher in metaphorical,higher in metaphorical,higher in metaphorical,higher in metaphorical,higher in metaphorical,higher in metaphorical,higher in literal,higher in metaphorical,higher in metaphorical,higher in metaphorical,higher in metaphorical,higher in metaphorical,higher in metaphorical,higher in metaphorical,higher in metaphorical,higher in metaphorical,higher in metaphorical,higher in metaphorical,,,,higher in metaphorical,,,,,higher in literal,higher in metaphorical,higher in metaphorical,higher in metaphorical,higher in metaphorical,higher in metaphorical,higher in metaphorical,higher in metaphorical,higher in metaphorical,higher in metaphorical,higher in metaphorical,higher in metaphorical,higher in metaphorical,higher in metaphorical,higher in metaphorical,higher in metaphorical,higher in metaphorical,,,,higher in metaphorical,,,,,higher in literal,higher in metaphorical,higher in metaphorical,higher in metaphorical,higher in metaphorical,higher in metaphorical,higher in metaphorical,,,higher in metaphorical,higher in literal,higher in literal,higher in literal,,higher in metaphorical,higher in metaphorical,higher in literal,,,higher in literal,higher in literal,higher in literal,higher in metaphorical,higher in metaphorical,higher in metaphorical,higher in metaphorical,higher in metaphorical,higher in metaphorical,higher in literal,higher in metaphorical,higher in metaphorical,higher in metaphorical,higher in metaphorical,,higher in metaphorical,higher in metaphorical,higher in metaphorical,higher in literal,higher in metaphorical,higher in literal,higher in metaphorical,higher in metaphorical,higher in metaphorical,higher in metaphorical,higher in metaphorical,higher in metaphorical,higher in metaphorical,higher in metaphorical,,,,higher in metaphorical,higher in literal,higher in literal,higher in metaphorical,higher in metaphorical,higher in metaphorical,higher in metaphorical,higher in literal,higher in metaphorical,higher in metaphorical,higher in literal,higher in literal,higher in literal,higher in metaphorical,higher in metaphorical,higher in metaphorical,higher in metaphorical,higher in metaphorical,higher in metaphorical,higher in metaphorical,higher in literal,higher in metaphorical,higher in metaphorical,higher in metaphorical,higher in metaphorical,higher in metaphorical,higher in metaphorical,higher in metaphorical,higher in metaphorical,higher in metaphorical,higher in metaphorical,higher in metaphorical,higher in metaphorical,,higher in metaphorical,higher in metaphorical,higher in metaphorical,higher in metaphorical,higher in metaphorical,,higher in metaphorical,higher in metaphorical,higher in metaphorical,,,higher in metaphorical,,higher in metaphorical,,,,,,
reduce wage / deflate wage,1.2445581368602272,higher in metaphorical,,higher in metaphorical,,higher in metaphorical,higher in metaphorical,higher in metaphorical,higher in metaphorical,higher in metaphorical,higher in metaphorical,higher in metaphorical,higher in metaphorical,higher in metaphorical,higher in metaphorical,higher in metaphorical,higher in metaphorical,higher in metaphorical,,,higher in metaphorical,higher in metaphorical,higher in metaphorical,higher in literal,higher in literal,higher in literal,higher in literal,higher in literal,higher in metaphorical,,higher in metaphorical,,,,,,,higher in literal,higher in literal,higher in literal,higher in metaphorical,higher in metaphorical,higher in metaphorical,higher in metaphorical,higher in metaphorical,higher in metaphorical,higher in metaphorical,higher in literal,higher in literal,higher in literal,higher in literal,higher in literal,higher in metaphorical,higher in metaphorical,,,,,,,higher in literal,,higher in literal,higher in literal,higher in literal,higher in metaphorical,higher in metaphorical,higher in metaphorical,higher in literal,higher in metaphorical,higher in literal,higher in metaphorical,higher in metaphorical,,higher in literal,higher in literal,higher in literal,,higher in metaphorical,higher in metaphorical,higher in metaphorical,,,higher in literal,higher in literal,higher in literal,higher in metaphorical,higher in metaphorical,higher in metaphorical,higher in metaphorical,higher in metaphorical,higher in metaphorical,,higher in literal,higher in metaphorical,higher in metaphorical,higher in metaphorical,higher in metaphorical,higher in metaphorical,higher in metaphorical,higher in metaphorical,,,,higher in metaphorical,higher in literal,higher in metaphorical,higher in metaphorical,higher in metaphorical,higher in metaphorical,higher in metaphorical,higher in metaphorical,,,,higher in literal,higher in metaphorical,,,higher in literal,,higher in metaphorical,higher in literal,higher in metaphorical,higher in metaphorical,,,,higher in metaphorical,higher in metaphorical,higher in metaphorical,higher in metaphorical,higher in literal,,higher in literal,,higher in metaphorical,higher in metaphorical,higher in metaphorical,higher in metaphorical,higher in metaphorical,higher in metaphorical,higher in metaphorical,higher in metaphorical,higher in metaphorical,higher in metaphorical,higher in metaphorical,higher in metaphorical,,higher in metaphorical,higher in metaphorical,higher in metaphorical,higher in metaphorical,higher in metaphorical,,higher in metaphorical,higher in metaphorical,higher in metaphorical,,,higher in metaphorical,,higher in metaphorical,,higher in metaphorical,,,,
reduce market / deflate market,1.3260954034135808,higher in metaphorical,higher in metaphorical,higher in metaphorical,higher in literal,higher in metaphorical,higher in metaphorical,higher in metaphorical,higher in metaphorical,higher in metaphorical,higher in metaphorical,higher in metaphorical,higher in metaphorical,higher in literal,higher in literal,higher in literal,higher in literal,higher in metaphorical,,higher in metaphorical,higher in literal,higher in literal,higher in literal,,,,higher in metaphorical,higher in literal,,,,,,,higher in literal,higher in literal,higher in literal,higher in literal,higher in literal,higher in literal,higher in literal,higher in literal,higher in literal,higher in literal,higher in metaphorical,higher in metaphorical,higher in metaphorical,higher in metaphorical,,higher in metaphorical,higher in metaphorical,,higher in metaphorical,,,,,,higher in metaphorical,higher in literal,higher in literal,higher in literal,higher in literal,higher in literal,higher in literal,higher in literal,,higher in literal,,,higher in metaphorical,higher in literal,higher in literal,higher in literal,higher in literal,higher in literal,higher in literal,higher in metaphorical,higher in metaphorical,higher in metaphorical,higher in literal,higher in literal,higher in literal,higher in literal,higher in literal,higher in literal,higher in metaphorical,higher in literal,,,,higher in literal,,higher in literal,higher in literal,higher in literal,higher in literal,,higher in metaphorical,higher in metaphorical,higher in metaphorical,higher in metaphorical,higher in metaphorical,higher in metaphorical,higher in metaphorical,higher in literal,higher in metaphorical,higher in metaphorical,higher in metaphorical,higher in metaphorical,,higher in metaphorical,higher in metaphorical,higher in metaphorical,higher in metaphorical,higher in metaphorical,higher in literal,higher in literal,higher in metaphorical,higher in metaphorical,higher in metaphorical,higher in metaphorical,higher in literal,,higher in metaphorical,higher in metaphorical,higher in metaphorical,higher in metaphorical,higher in metaphorical,higher in metaphorical,higher in metaphorical,higher in metaphorical,higher in metaphorical,higher in metaphorical,,higher in literal,higher in literal,,higher in literal,higher in literal,higher in literal,higher in literal,,,higher in literal,,higher in literal,higher in metaphorical,,higher in metaphorical,,,,higher in literal,higher in metaphorical,higher in literal,higher in metaphorical,higher in metaphorical,,,,,,,higher in metaphorical,,,,
reduce currency / deflate currency,1.1017285447706193,higher in metaphorical,,higher in metaphorical,,higher in metaphorical,higher in metaphorical,higher in metaphorical,higher in metaphorical,higher in metaphorical,higher in metaphorical,higher in metaphorical,higher in metaphorical,higher in metaphorical,higher in metaphorical,higher in metaphorical,higher in metaphorical,higher in metaphorical,higher in metaphorical,higher in metaphorical,higher in metaphorical,higher in literal,higher in literal,higher in literal,higher in literal,higher in literal,higher in literal,higher in literal,higher in literal,higher in literal,higher in literal,higher in literal,higher in literal,higher in literal,higher in metaphorical,higher in metaphorical,higher in metaphorical,,higher in metaphorical,higher in metaphorical,higher in metaphorical,higher in literal,higher in literal,higher in metaphorical,higher in metaphorical,higher in metaphorical,higher in metaphorical,higher in literal,higher in literal,higher in literal,higher in literal,higher in literal,,higher in literal,higher in literal,,higher in literal,higher in literal,higher in literal,higher in metaphorical,higher in metaphorical,higher in metaphorical,,higher in metaphorical,higher in metaphorical,,higher in metaphorical,higher in metaphorical,higher in literal,higher in metaphorical,higher in literal,higher in literal,,higher in literal,higher in literal,higher in literal,higher in literal,,,higher in metaphorical,higher in literal,higher in metaphorical,higher in metaphorical,higher in literal,higher in literal,higher in literal,higher in metaphorical,,higher in metaphorical,higher in metaphorical,higher in metaphorical,higher in metaphorical,higher in metaphorical,higher in literal,,,,,higher in metaphorical,,higher in metaphorical,,,higher in metaphorical,,higher in literal,,,higher in metaphorical,higher in metaphorical,higher in metaphorical,higher in metaphorical,higher in literal,higher in literal,,higher in literal,higher in literal,higher in literal,higher in metaphorical,higher in metaphorical,higher in metaphorical,,higher in metaphorical,higher in metaphorical,higher in metaphorical,,,,,higher in metaphorical,higher in metaphorical,higher in metaphorical,,higher in metaphorical,higher in literal,higher in metaphorical,,,,,,higher in metaphorical,higher in metaphorical,,,,,higher in metaphorical,higher in metaphorical,higher in metaphorical,higher in metaphorical,higher in metaphorical,,,,,higher in metaphorical,higher in metaphorical,higher in literal,higher in literal,higher in metaphorical,,higher in metaphorical,,,higher in literal,higher in literal,,
read book / devour book,1.0354216452893201,,,,higher in metaphorical,,,,,,,,,higher in metaphorical,higher in metaphorical,,higher in literal,,higher in literal,higher in literal,,higher in literal,higher in literal,higher in literal,higher in literal,higher in literal,higher in literal,higher in literal,higher in literal,higher in literal,higher in literal,higher in literal,higher in literal,higher in literal,higher in metaphorical,higher in metaphorical,higher in metaphorical,higher in metaphorical,higher in metaphorical,higher in metaphorical,higher in metaphorical,,,,higher in literal,,,higher in literal,higher in literal,higher in literal,,higher in literal,,higher in literal,higher in literal,higher in literal,higher in literal,higher in literal,higher in literal,higher in metaphorical,higher in metaphorical,higher in metaphorical,higher in metaphorical,higher in metaphorical,higher in metaphorical,higher in metaphorical,higher in metaphorical,higher in literal,higher in literal,,,higher in literal,,higher in metaphorical,higher in literal,higher in literal,higher in literal,higher in metaphorical,higher in literal,higher in literal,higher in literal,higher in metaphorical,higher in metaphorical,,,,,higher in literal,higher in literal,higher in literal,higher in literal,higher in literal,higher in literal,higher in literal,,,,higher in literal,higher in literal,,higher in literal,higher in literal,higher in literal,higher in literal,higher in metaphorical,higher in literal,,,,higher in metaphorical,higher in metaphorical,higher in metaphorical,higher in metaphorical,higher in metaphorical,higher in metaphorical,higher in literal,higher in metaphorical,,higher in metaphorical,,higher in metaphorical,higher in metaphorical,higher in metaphorical,higher in literal,higher in literal,higher in literal,higher in literal,higher in literal,higher in literal,higher in literal,,,,higher in literal,higher in literal,higher in literal,higher in metaphorical,higher in metaphorical,higher in literal,higher in literal,higher in literal,higher in metaphorical,higher in metaphorical,higher in metaphorical,higher in literal,higher in literal,higher in literal,higher in metaphorical,,higher in literal,higher in literal,higher in literal,higher in literal,higher in metaphorical,higher in metaphorical,higher in literal,higher in literal,,,,higher in metaphorical,,higher in metaphorical,,,,,,
read article / devour article,1.2419032767678158,higher in metaphorical,higher in literal,higher in metaphorical,,higher in metaphorical,higher in metaphorical,higher in metaphorical,higher in metaphorical,higher in metaphorical,higher in metaphorical,higher in metaphorical,higher in metaphorical,higher in literal,higher in literal,higher in literal,higher in literal,higher in literal,higher in metaphorical,higher in metaphorical,,higher in metaphorical,higher in metaphorical,higher in metaphorical,higher in metaphorical,higher in metaphorical,higher in metaphorical,higher in metaphorical,,,,higher in metaphorical,,higher in metaphorical,higher in metaphorical,higher in metaphorical,higher in metaphorical,higher in metaphorical,higher in metaphorical,higher in metaphorical,higher in metaphorical,higher in metaphorical,higher in metaphorical,higher in literal,higher in literal,higher in literal,higher in literal,higher in metaphorical,higher in metaphorical,higher in metaphorical,higher in metaphorical,higher in metaphorical,higher in literal,,,,higher in metaphorical,,higher in metaphorical,higher in metaphorical,higher in metaphorical,higher in metaphorical,higher in metaphorical,higher in metaphorical,higher in metaphorical,higher in metaphorical,higher in metaphorical,higher in literal,higher in metaphorical,higher in literal,higher in metaphorical,higher in literal,higher in literal,higher in literal,higher in literal,higher in metaphorical,higher in literal,,higher in literal,higher in literal,higher in literal,,,higher in literal,higher in literal,higher in literal,higher in metaphorical,higher in metaphorical,higher in metaphorical,higher in metaphorical,,higher in literal,higher in metaphorical,higher in metaphorical,higher in literal,higher in literal,higher in literal,higher in metaphorical,higher in metaphorical,higher in metaphorical,higher in metaphorical,higher in metaphorical,higher in metaphorical,higher in metaphorical,higher in literal,higher in metaphorical,higher in literal,higher in literal,higher in literal,higher in literal,higher in literal,,higher in metaphorical,higher in metaphorical,higher in metaphorical,higher in literal,higher in literal,higher in literal,higher in metaphorical,,,higher in literal,higher in literal,higher in literal,higher in literal,higher in metaphorical,higher in metaphorical,higher in metaphorical,higher in literal,higher in literal,higher in literal,,higher in literal,higher in literal,,higher in metaphorical,,higher in literal,,,,higher in metaphorical,higher in metaphorical,,,,,higher in metaphorical,higher in literal,higher in literal,higher in literal,higher in literal,higher in literal,higher in literal,,higher in literal,higher in literal,higher in literal,higher in metaphorical,higher in metaphorical,,,higher in metaphorical,,higher in metaphorical,higher in metaphorical,higher in metaphorical,,
read story / devour story,1.6359549461244498,higher in metaphorical,higher in literal,higher in metaphorical,higher in metaphorical,higher in metaphorical,higher in metaphorical,higher in metaphorical,higher in metaphorical,higher in metaphorical,higher in metaphorical,higher in metaphorical,higher in metaphorical,higher in metaphorical,,higher in literal,higher in literal,higher in literal,higher in literal,higher in literal,higher in literal,higher in literal,higher in literal,higher in literal,higher in metaphorical,,higher in literal,higher in metaphorical,higher in literal,higher in literal,higher in literal,,,,higher in literal,,,,higher in metaphorical,higher in metaphorical,higher in literal,higher in literal,higher in literal,higher in literal,higher in literal,higher in literal,higher in literal,,higher in metaphorical,,,higher in metaphorical,,,,,,,,higher in literal,,,,higher in metaphorical,higher in metaphorical,higher in literal,higher in literal,higher in literal,higher in literal,higher in literal,higher in literal,higher in literal,,higher in metaphorical,higher in metaphorical,higher in metaphorical,higher in literal,higher in literal,higher in literal,higher in literal,,higher in metaphorical,higher in metaphorical,higher in literal,higher in literal,higher in literal,higher in metaphorical,higher in literal,higher in literal,higher in literal,higher in literal,higher in metaphorical,higher in literal,,higher in metaphorical,,higher in literal,higher in literal,higher in literal,higher in literal,higher in literal,higher in literal,higher in literal,higher in literal,higher in literal,,higher in metaphorical,,higher in literal,,,,higher in literal,higher in literal,higher in literal,higher in metaphorical,higher in metaphorical,higher in metaphorical,higher in metaphorical,higher in literal,,higher in literal,higher in metaphorical,higher in literal,higher in literal,higher in literal,higher in literal,higher in literal,higher in literal,higher in literal,higher in literal,higher in literal,higher in metaphorical,higher in metaphorical,higher in metaphorical,higher in literal,higher in literal,higher in literal,,,higher in literal,higher in literal,higher in literal,higher in literal,higher in metaphorical,higher in metaphorical,,higher in literal,,higher in literal,higher in literal,higher in literal,higher in literal,higher in metaphorical,higher in metaphorical,higher in literal,higher in literal,higher in literal,higher in literal,higher in literal,,,,,higher in literal,higher in literal,higher in literal,,
read page / devour page,1.800671578429859,higher in metaphorical,higher in literal,higher in metaphorical,higher in metaphorical,higher in metaphorical,higher in metaphorical,higher in metaphorical,higher in metaphorical,higher in metaphorical,higher in metaphorical,higher in metaphorical,higher in metaphorical,higher in literal,,higher in literal,higher in literal,higher in literal,higher in literal,higher in literal,higher in metaphorical,higher in literal,higher in literal,higher in literal,higher in metaphorical,higher in literal,higher in literal,higher in metaphorical,,higher in metaphorical,higher in metaphorical,,,higher in metaphorical,higher in literal,,,,higher in metaphorical,higher in metaphorical,higher in literal,higher in literal,,higher in literal,higher in literal,higher in literal,higher in literal,higher in literal,higher in metaphorical,higher in literal,higher in literal,higher in metaphorical,higher in literal,,higher in metaphorical,higher in metaphorical,,higher in metaphorical,higher in metaphorical,higher in literal,,higher in metaphorical,,higher in metaphorical,higher in metaphorical,higher in literal,higher in literal,higher in literal,,higher in literal,,higher in metaphorical,,higher in literal,,higher in metaphorical,higher in literal,higher in metaphorical,,higher in literal,higher in metaphorical,higher in metaphorical,higher in metaphorical,higher in literal,higher in literal,higher in literal,higher in metaphorical,higher in literal,higher in literal,higher in literal,higher in literal,higher in literal,higher in literal,higher in literal,higher in literal,higher in literal,higher in literal,higher in literal,higher in literal,higher in literal,higher in literal,higher in literal,higher in literal,,higher in literal,,higher in literal,higher in literal,higher in literal,higher in literal,higher in literal,higher in literal,higher in metaphorical,higher in metaphorical,higher in metaphorical,higher in literal,higher in metaphorical,higher in metaphorical,higher in metaphorical,,higher in metaphorical,higher in metaphorical,higher in metaphorical,higher in literal,higher in literal,higher in literal,higher in literal,higher in literal,higher in literal,higher in literal,higher in literal,higher in literal,higher in metaphorical,,,higher in literal,higher in literal,higher in literal,higher in literal,higher in literal,higher in literal,higher in literal,higher in literal,higher in literal,higher in literal,higher in literal,higher in literal,higher in literal,higher in literal,higher in literal,higher in literal,higher in literal,higher in literal,,higher in metaphorical,higher in literal,higher in literal,higher in literal,,,,,,,,,,,
read novel / devour novel,1.0863074875252203,higher in metaphorical,,higher in metaphorical,higher in metaphorical,higher in metaphorical,higher in metaphorical,higher in metaphorical,higher in metaphorical,higher in metaphorical,higher in metaphorical,higher in metaphorical,higher in metaphorical,higher in literal,higher in literal,,higher in literal,,higher in literal,higher in literal,higher in literal,,,higher in metaphorical,higher in metaphorical,higher in metaphorical,higher in metaphorical,higher in metaphorical,higher in literal,higher in literal,,higher in literal,higher in literal,higher in literal,higher in metaphorical,higher in metaphorical,higher in metaphorical,higher in metaphorical,higher in metaphorical,higher in metaphorical,higher in metaphorical,,,higher in metaphorical,,,higher in literal,higher in metaphorical,higher in metaphorical,higher in metaphorical,higher in metaphorical,higher in metaphorical,higher in literal,higher in literal,higher in literal,,higher in literal,higher in literal,,higher in metaphorical,higher in metaphorical,higher in metaphorical,higher in metaphorical,higher in metaphorical,higher in metaphorical,higher in metaphorical,higher in metaphorical,higher in literal,higher in metaphorical,higher in literal,higher in metaphorical,,higher in literal,,higher in literal,,higher in literal,higher in metaphorical,higher in literal,higher in literal,,,,higher in literal,higher in literal,higher in literal,higher in metaphorical,higher in literal,higher in literal,higher in literal,higher in literal,higher in literal,higher in literal,higher in metaphorical,higher in literal,higher in literal,higher in literal,higher in literal,higher in literal,higher in literal,higher in literal,higher in literal,higher in literal,higher in literal,,higher in metaphorical,higher in literal,higher in literal,,higher in literal,higher in literal,higher in literal,higher in metaphorical,higher in metaphorical,higher in metaphorical,higher in literal,higher in metaphorical,,higher in metaphorical,higher in literal,higher in metaphorical,higher in metaphorical,,,higher in literal,higher in literal,higher in literal,higher in literal,,,,,higher in literal,higher in literal,higher in literal,higher in literal,higher in metaphorical,,,,,higher in metaphorical,higher in metaphorical,higher in metaphorical,,,,higher in metaphorical,,higher in literal,higher in literal,higher in literal,higher in literal,higher in metaphorical,higher in metaphorical,,,,,,higher in metaphorical,higher in metaphorical,higher in metaphorical,higher in metaphorical,higher in literal,,,,
read information / devour information,1.1924185771422127,higher in metaphorical,,higher in metaphorical,higher in literal,higher in metaphorical,higher in metaphorical,higher in metaphorical,higher in metaphorical,higher in metaphorical,higher in metaphorical,higher in metaphorical,higher in metaphorical,,higher in metaphorical,higher in metaphorical,higher in literal,higher in metaphorical,,higher in metaphorical,,higher in literal,,higher in metaphorical,higher in metaphorical,higher in metaphorical,higher in metaphorical,higher in metaphorical,higher in metaphorical,higher in metaphorical,,higher in metaphorical,higher in metaphorical,,higher in metaphorical,higher in metaphorical,higher in metaphorical,higher in metaphorical,higher in metaphorical,higher in metaphorical,higher in metaphorical,,higher in metaphorical,higher in metaphorical,higher in metaphorical,higher in metaphorical,higher in metaphorical,higher in metaphorical,higher in metaphorical,higher in metaphorical,higher in metaphorical,higher in metaphorical,,higher in metaphorical,higher in metaphorical,,higher in metaphorical,higher in metaphorical,,higher in metaphorical,higher in metaphorical,higher in metaphorical,higher in metaphorical,higher in metaphorical,higher in metaphorical,higher in metaphorical,higher in metaphorical,,higher in metaphorical,,higher in metaphorical,higher in literal,higher in literal,higher in literal,higher in metaphorical,higher in metaphorical,,higher in metaphorical,higher in literal,higher in literal,higher in literal,higher in metaphorical,higher in metaphorical,higher in literal,higher in literal,higher in literal,higher in metaphorical,higher in metaphorical,higher in metaphorical,higher in metaphorical,higher in metaphorical,higher in metaphorical,higher in metaphorical,higher in metaphorical,,,,higher in metaphorical,higher in metaphorical,higher in metaphorical,higher in metaphorical,higher in metaphorical,,,higher in metaphorical,higher in metaphorical,,,,,,higher in literal,higher in metaphorical,higher in metaphorical,higher in metaphorical,higher in literal,,,higher in metaphorical,,higher in metaphorical,,,higher in metaphorical,higher in metaphorical,higher in metaphorical,higher in metaphorical,higher in metaphorical,higher in metaphorical,higher in metaphorical,,higher in literal,,higher in literal,higher in literal,,higher in metaphorical,higher in metaphorical,,,,higher in metaphorical,higher in metaphorical,higher in metaphorical,,,,higher in metaphorical,,higher in literal,higher in literal,higher in literal,higher in literal,higher in literal,,higher in metaphorical,higher in metaphorical,,,,higher in metaphorical,higher in metaphorical,higher in metaphorical,higher in metaphorical,,,,,
read chapter / devour chapter,1.410700644225935,higher in metaphorical,higher in literal,higher in metaphorical,higher in metaphorical,higher in metaphorical,higher in metaphorical,higher in metaphorical,higher in metaphorical,higher in metaphorical,higher in metaphorical,higher in metaphorical,higher in metaphorical,higher in metaphorical,higher in metaphorical,,higher in literal,,higher in metaphorical,higher in literal,higher in metaphorical,higher in literal,higher in literal,,,,,,higher in literal,higher in literal,higher in literal,higher in literal,higher in literal,higher in literal,higher in metaphorical,higher in metaphorical,higher in metaphorical,higher in metaphorical,higher in metaphorical,higher in metaphorical,higher in metaphorical,higher in literal,higher in literal,,,higher in metaphorical,higher in metaphorical,,,higher in metaphorical,higher in metaphorical,higher in metaphorical,higher in metaphorical,higher in literal,higher in literal,higher in literal,higher in literal,higher in literal,higher in literal,higher in metaphorical,higher in metaphorical,higher in metaphorical,higher in metaphorical,higher in metaphorical,higher in metaphorical,higher in metaphorical,higher in metaphorical,higher in literal,,,,higher in literal,higher in metaphorical,higher in metaphorical,higher in literal,higher in metaphorical,higher in literal,higher in metaphorical,higher in literal,higher in literal,higher in metaphorical,higher in literal,,higher in literal,higher in literal,higher in literal,higher in metaphorical,higher in literal,higher in literal,higher in literal,higher in literal,higher in literal,higher in literal,,higher in metaphorical,higher in metaphorical,higher in metaphorical,higher in literal,,higher in literal,higher in literal,,higher in metaphorical,higher in literal,higher in metaphorical,,higher in metaphorical,higher in metaphorical,,higher in metaphorical,,,higher in metaphorical,higher in metaphorical,higher in metaphorical,higher in literal,,higher in metaphorical,higher in metaphorical,higher in literal,higher in metaphorical,higher in metaphorical,higher in metaphorical,,,higher in literal,higher in literal,higher in literal,,higher in metaphorical,higher in metaphorical,higher in metaphorical,,higher in literal,higher in literal,higher in literal,higher in metaphorical,higher in metaphorical,higher in metaphorical,higher in metaphorical,higher in metaphorical,higher in metaphorical,higher in metaphorical,higher in metaphorical,higher in metaphorical,higher in metaphorical,higher in metaphorical,higher in metaphorical,,higher in literal,higher in literal,higher in literal,higher in literal,higher in metaphorical,higher in metaphorical,higher in literal,,,,,higher in metaphorical,,higher in metaphorical,,,,,,
read news / devour news,1.7535751085648872,higher in metaphorical,higher in literal,higher in metaphorical,higher in metaphorical,higher in metaphorical,higher in metaphorical,higher in metaphorical,higher in metaphorical,higher in metaphorical,higher in metaphorical,higher in metaphorical,higher in metaphorical,higher in literal,higher in metaphorical,,higher in literal,higher in metaphorical,higher in literal,higher in literal,higher in literal,higher in metaphorical,higher in metaphorical,higher in metaphorical,higher in metaphorical,higher in metaphorical,higher in metaphorical,higher in metaphorical,higher in literal,higher in literal,higher in literal,higher in literal,higher in literal,higher in literal,higher in literal,,higher in literal,higher in literal,,higher in literal,higher in metaphorical,higher in metaphorical,higher in metaphorical,higher in metaphorical,higher in literal,higher in metaphorical,,higher in metaphorical,higher in metaphorical,higher in metaphorical,higher in metaphorical,higher in metaphorical,higher in metaphorical,higher in literal,higher in literal,higher in literal,higher in literal,higher in literal,higher in literal,higher in literal,,higher in literal,higher in literal,,higher in literal,higher in metaphorical,higher in metaphorical,higher in literal,higher in metaphorical,higher in literal,higher in metaphorical,higher in literal,higher in metaphorical,higher in metaphorical,higher in literal,higher in literal,higher in literal,higher in metaphorical,,higher in metaphorical,higher in literal,,higher in metaphorical,higher in literal,higher in literal,higher in literal,higher in metaphorical,higher in literal,higher in literal,higher in literal,higher in literal,higher in literal,higher in literal,higher in metaphorical,higher in metaphorical,higher in metaphorical,higher in metaphorical,higher in literal,higher in literal,higher in literal,higher in literal,higher in literal,higher in literal,higher in literal,higher in metaphorical,higher in metaphorical,higher in metaphorical,higher in metaphorical,higher in literal,higher in literal,higher in literal,higher in literal,higher in metaphorical,higher in metaphorical,higher in metaphorical,higher in literal,,,higher in literal,,higher in metaphorical,higher in metaphorical,higher in metaphorical,higher in literal,higher in literal,higher in literal,higher in literal,higher in literal,higher in metaphorical,,higher in literal,higher in literal,,higher in literal,higher in literal,higher in literal,higher in metaphorical,higher in metaphorical,higher in metaphorical,higher in metaphorical,higher in metaphorical,,,higher in metaphorical,higher in metaphorical,higher in metaphorical,higher in metaphorical,,higher in literal,higher in literal,higher in literal,higher in literal,higher in literal,higher in metaphorical,higher in literal,,higher in literal,higher in literal,higher in metaphorical,higher in metaphorical,higher in metaphorical,,higher in metaphorical,,higher in literal,higher in metaphorical,higher in metaphorical,,
comprehend information / digest information,0.7047526395938254,,higher in literal,higher in metaphorical,,higher in metaphorical,,higher in metaphorical,,,higher in metaphorical,higher in metaphorical,,,,,higher in literal,,,,higher in metaphorical,,,higher in metaphorical,higher in metaphorical,higher in metaphorical,higher in metaphorical,higher in metaphorical,higher in literal,,,higher in literal,,,,higher in metaphorical,higher in metaphorical,,higher in metaphorical,higher in metaphorical,higher in metaphorical,,,,higher in literal,,higher in literal,higher in metaphorical,higher in metaphorical,higher in metaphorical,higher in metaphorical,higher in metaphorical,higher in literal,higher in literal,higher in literal,,higher in literal,,,,higher in metaphorical,higher in metaphorical,,higher in metaphorical,higher in metaphorical,higher in metaphorical,,higher in literal,higher in metaphorical,higher in literal,higher in metaphorical,,,higher in metaphorical,higher in metaphorical,higher in metaphorical,,higher in metaphorical,,,,higher in metaphorical,higher in metaphorical,higher in literal,higher in literal,higher in metaphorical,,,higher in literal,higher in metaphorical,,higher in literal,,higher in metaphorical,higher in literal,higher in literal,higher in literal,higher in metaphorical,,higher in metaphorical,,,higher in metaphorical,,higher in metaphorical,higher in metaphorical,higher in literal,higher in literal,higher in literal,,,,higher in metaphorical,higher in metaphorical,higher in metaphorical,higher in metaphorical,,,higher in metaphorical,,higher in metaphorical,higher in metaphorical,higher in literal,higher in literal,higher in literal,,,higher in metaphorical,higher in literal,higher in literal,higher in literal,higher in literal,higher in metaphorical,,higher in metaphorical,,higher in metaphorical,higher in metaphorical,higher in literal,higher in literal,higher in literal,,,higher in metaphorical,higher in literal,higher in literal,higher in literal,,,higher in literal,higher in literal,higher in literal,higher in literal,higher in metaphorical,higher in metaphorical,higher in literal,higher in literal,higher in literal,,,higher in metaphorical,,higher in metaphorical,,,,,,
comprehend meaning / digest meaning,1.1689021829204083,higher in metaphorical,higher in literal,higher in metaphorical,,higher in metaphorical,higher in metaphorical,higher in metaphorical,higher in metaphorical,higher in metaphorical,higher in metaphorical,,,higher in literal,higher in literal,higher in metaphorical,higher in literal,higher in metaphorical,higher in literal,higher in literal,higher in literal,higher in literal,higher in literal,higher in literal,higher in literal,,higher in literal,higher in literal,higher in literal,higher in literal,higher in literal,,,,higher in literal,,,higher in literal,,,higher in metaphorical,higher in literal,higher in literal,higher in metaphorical,higher in literal,higher in metaphorical,,,,,,,higher in literal,higher in literal,higher in literal,higher in literal,,,,,higher in metaphorical,higher in metaphorical,higher in literal,,,higher in metaphorical,higher in metaphorical,higher in literal,higher in metaphorical,,higher in metaphorical,,,higher in literal,higher in metaphorical,higher in metaphorical,,higher in literal,higher in literal,higher in literal,higher in literal,higher in metaphorical,higher in metaphorical,higher in literal,higher in literal,higher in literal,higher in metaphorical,higher in metaphorical,higher in literal,higher in metaphorical,higher in literal,higher in literal,higher in literal,,higher in literal,higher in literal,higher in literal,higher in metaphorical,higher in literal,higher in metaphorical,higher in literal,higher in literal,,higher in literal,higher in metaphorical,,higher in literal,higher in literal,higher in literal,,,,,,,higher in metaphorical,higher in literal,,,higher in metaphorical,higher in literal,higher in literal,higher in literal,higher in literal,higher in literal,higher in literal,,higher in literal,,,higher in metaphorical,higher in metaphorical,higher in literal,higher in literal,higher in metaphorical,higher in literal,higher in metaphorical,higher in metaphorical,higher in literal,higher in literal,higher in literal,higher in literal,,higher in metaphorical,higher in literal,higher in literal,higher in literal,higher in metaphorical,,higher in literal,higher in literal,higher in literal,higher in literal,,higher in metaphorical,higher in literal,higher in literal,higher in literal,,,higher in metaphorical,,higher in metaphorical,,,,,,
comprehend material / digest material,1.5096975365006688,higher in literal,,higher in literal,higher in metaphorical,,higher in literal,higher in literal,higher in literal,higher in literal,higher in literal,higher in literal,,,,higher in literal,higher in literal,higher in literal,higher in literal,higher in literal,higher in literal,,,,,,,,higher in metaphorical,,,,,,higher in metaphorical,higher in metaphorical,higher in metaphorical,,higher in metaphorical,higher in metaphorical,higher in literal,,higher in literal,higher in literal,higher in literal,higher in literal,higher in literal,,higher in metaphorical,,,higher in metaphorical,higher in literal,higher in metaphorical,higher in metaphorical,,,,,,higher in metaphorical,higher in metaphorical,higher in metaphorical,higher in metaphorical,higher in metaphorical,higher in literal,higher in literal,higher in literal,higher in literal,higher in literal,higher in literal,,higher in metaphorical,higher in metaphorical,higher in metaphorical,higher in metaphorical,higher in metaphorical,,higher in literal,higher in literal,,higher in metaphorical,higher in metaphorical,higher in metaphorical,higher in metaphorical,higher in metaphorical,higher in literal,higher in literal,higher in literal,higher in literal,higher in literal,higher in literal,higher in literal,,higher in literal,higher in literal,higher in literal,higher in literal,higher in literal,higher in literal,higher in literal,higher in literal,higher in literal,higher in literal,higher in literal,,higher in literal,higher in literal,higher in literal,higher in literal,higher in literal,higher in literal,higher in literal,,,,,,higher in literal,,higher in literal,,higher in metaphorical,higher in literal,higher in literal,higher in literal,higher in literal,higher in literal,higher in literal,higher in literal,higher in literal,higher in literal,higher in literal,higher in literal,,higher in literal,higher in literal,higher in literal,higher in literal,higher in literal,higher in literal,higher in literal,higher in literal,higher in literal,higher in literal,higher in literal,higher in literal,higher in literal,,higher in literal,higher in literal,higher in literal,higher in literal,,,higher in literal,higher in literal,higher in literal,higher in metaphorical,higher in metaphorical,higher in literal,,higher in literal,,,higher in metaphorical,,,
comprehend fact / digest fact,0.8303579986552236,higher in metaphorical,,higher in metaphorical,,higher in metaphorical,higher in metaphorical,higher in metaphorical,higher in metaphorical,higher in metaphorical,higher in metaphorical,higher in metaphorical,higher in metaphorical,higher in metaphorical,higher in metaphorical,higher in literal,higher in metaphorical,higher in literal,higher in metaphorical,,higher in metaphorical,higher in metaphorical,higher in metaphorical,,,,,,higher in literal,higher in literal,,,,,higher in literal,higher in literal,higher in literal,higher in literal,,higher in literal,higher in literal,higher in metaphorical,higher in metaphorical,higher in literal,higher in literal,higher in literal,,,,higher in literal,,,,higher in literal,higher in literal,higher in literal,higher in literal,,,higher in literal,higher in literal,higher in literal,higher in literal,,higher in literal,higher in literal,higher in literal,,higher in metaphorical,higher in literal,higher in metaphorical,higher in literal,higher in metaphorical,higher in metaphorical,higher in metaphorical,higher in literal,higher in metaphorical,,higher in literal,higher in literal,higher in literal,higher in metaphorical,higher in metaphorical,higher in literal,higher in literal,higher in literal,higher in metaphorical,higher in literal,,higher in literal,higher in metaphorical,higher in metaphorical,higher in metaphorical,higher in literal,,,,higher in literal,,higher in literal,higher in metaphorical,,,higher in metaphorical,higher in literal,higher in literal,,,higher in literal,higher in literal,,higher in literal,,,,higher in literal,higher in literal,higher in literal,higher in metaphorical,,,,higher in metaphorical,,,,,,,,higher in literal,higher in literal,,,higher in metaphorical,higher in metaphorical,higher in literal,higher in literal,,,,higher in literal,higher in literal,higher in literal,,,,higher in literal,,,,,,,,,,higher in literal,,,higher in literal,,higher in literal,,,,,,
comprehend text / digest text,1.70484755729798,higher in metaphorical,higher in metaphorical,higher in metaphorical,,higher in metaphorical,higher in metaphorical,higher in metaphorical,higher in metaphorical,higher in metaphorical,higher in metaphorical,higher in metaphorical,higher in metaphorical,higher in metaphorical,higher in metaphorical,higher in literal,higher in metaphorical,higher in literal,higher in metaphorical,higher in metaphorical,higher in metaphorical,higher in metaphorical,higher in metaphorical,higher in literal,higher in literal,higher in literal,higher in literal,higher in literal,higher in literal,higher in literal,higher in literal,higher in literal,higher in literal,higher in literal,higher in literal,higher in literal,higher in literal,higher in literal,higher in literal,higher in literal,higher in literal,higher in metaphorical,higher in metaphorical,higher in literal,higher in literal,higher in literal,higher in literal,higher in literal,higher in literal,higher in literal,higher in literal,higher in literal,,higher in literal,higher in literal,higher in literal,higher in literal,higher in literal,higher in literal,higher in literal,higher in literal,higher in literal,higher in literal,higher in literal,higher in literal,higher in literal,higher in literal,higher in metaphorical,higher in literal,higher in metaphorical,higher in literal,,higher in literal,higher in metaphorical,higher in literal,higher in literal,higher in literal,higher in metaphorical,higher in literal,higher in literal,,,,higher in literal,higher in literal,higher in literal,higher in metaphorical,higher in literal,higher in metaphorical,higher in literal,higher in metaphorical,higher in metaphorical,higher in metaphorical,higher in literal,,higher in metaphorical,,higher in literal,,higher in literal,higher in metaphorical,higher in metaphorical,higher in metaphorical,higher in metaphorical,,higher in literal,,higher in metaphorical,higher in metaphorical,,,,higher in metaphorical,higher in metaphorical,higher in metaphorical,higher in literal,,,higher in literal,higher in metaphorical,higher in metaphorical,higher in metaphorical,higher in metaphorical,,,higher in metaphorical,,higher in metaphorical,,,,,higher in literal,higher in literal,higher in literal,higher in metaphorical,,higher in literal,higher in literal,,higher in literal,higher in literal,higher in literal,,higher in literal,higher in literal,higher in literal,higher in literal,,higher in metaphorical,,higher in metaphorical,,higher in literal,higher in metaphorical,higher in metaphorical,higher in metaphorical,higher in metaphorical,,,higher in literal,,higher in literal,,higher in metaphorical,,,,
comprehend concept / digest concept,1.1784741193383002,higher in metaphorical,higher in metaphorical,higher in metaphorical,higher in literal,higher in metaphorical,higher in metaphorical,higher in metaphorical,higher in metaphorical,higher in metaphorical,higher in metaphorical,higher in metaphorical,higher in metaphorical,higher in metaphorical,higher in metaphorical,higher in literal,higher in metaphorical,higher in literal,higher in metaphorical,higher in metaphorical,higher in metaphorical,higher in metaphorical,higher in metaphorical,higher in literal,higher in literal,higher in literal,higher in literal,higher in literal,higher in literal,higher in literal,higher in literal,higher in literal,higher in literal,higher in literal,higher in literal,higher in literal,higher in literal,higher in literal,higher in literal,higher in literal,higher in literal,higher in metaphorical,higher in metaphorical,higher in literal,,higher in literal,,higher in literal,higher in literal,higher in literal,higher in literal,higher in literal,higher in metaphorical,higher in literal,higher in literal,higher in literal,higher in literal,higher in literal,higher in literal,higher in literal,higher in literal,higher in literal,higher in literal,higher in literal,higher in literal,higher in literal,higher in literal,higher in metaphorical,higher in literal,higher in metaphorical,higher in literal,,,higher in metaphorical,,,,higher in metaphorical,higher in metaphorical,,higher in metaphorical,higher in literal,higher in literal,higher in literal,higher in literal,higher in literal,higher in metaphorical,,higher in metaphorical,higher in literal,higher in metaphorical,higher in metaphorical,higher in metaphorical,higher in literal,higher in metaphorical,higher in metaphorical,higher in metaphorical,higher in literal,,higher in literal,,,higher in metaphorical,,,higher in literal,higher in metaphorical,higher in metaphorical,,higher in metaphorical,higher in metaphorical,higher in metaphorical,higher in metaphorical,higher in metaphorical,higher in metaphorical,higher in metaphorical,higher in metaphorical,higher in metaphorical,,higher in metaphorical,higher in metaphorical,higher in metaphorical,higher in metaphorical,higher in metaphorical,,higher in metaphorical,,higher in metaphorical,,,,,higher in metaphorical,higher in metaphorical,,higher in metaphorical,,,higher in metaphorical,higher in metaphorical,higher in metaphorical,higher in literal,higher in literal,,higher in metaphorical,higher in metaphorical,higher in metaphorical,higher in literal,,higher in metaphorical,higher in metaphorical,higher in metaphorical,,,higher in metaphorical,higher in metaphorical,higher in metaphorical,,higher in metaphorical,,higher in literal,,higher in literal,,,,,,
comprehend idea / digest idea,0.6624612049921783,higher in metaphorical,,higher in metaphorical,higher in literal,higher in metaphorical,higher in metaphorical,higher in metaphorical,higher in metaphorical,higher in metaphorical,higher in metaphorical,higher in metaphorical,higher in metaphorical,higher in metaphorical,,,,,higher in metaphorical,higher in metaphorical,higher in metaphorical,,higher in metaphorical,higher in literal,higher in literal,higher in literal,higher in literal,higher in literal,,,,,,higher in metaphorical,higher in literal,higher in literal,,higher in literal,,higher in literal,,,,,,,,higher in literal,higher in literal,higher in literal,higher in literal,higher in literal,higher in literal,,,,,,higher in metaphorical,higher in literal,,,higher in literal,,higher in literal,,higher in literal,,higher in literal,,higher in literal,,,,higher in metaphorical,higher in literal,higher in metaphorical,higher in metaphorical,higher in metaphorical,,higher in metaphorical,higher in metaphorical,higher in metaphorical,higher in literal,higher in literal,higher in literal,higher in metaphorical,,,,,higher in metaphorical,,higher in literal,higher in literal,,,,,,,,higher in metaphorical,,higher in metaphorical,higher in literal,higher in literal,,,higher in literal,,higher in literal,higher in metaphorical,higher in metaphorical,higher in metaphorical,higher in literal,higher in metaphorical,higher in metaphorical,higher in literal,,,,,,,higher in metaphorical,higher in metaphorical,,,,,,higher in metaphorical,,higher in metaphorical,,higher in metaphorical,higher in metaphorical,,,,higher in literal,higher in literal,higher in metaphorical,,,,higher in literal,,,,,,higher in literal,,,,,,,,,,,higher in metaphorical,,,,
comprehend word / digest word,0.7251343566401008,higher in metaphorical,higher in literal,higher in metaphorical,,higher in metaphorical,higher in metaphorical,higher in metaphorical,higher in metaphorical,higher in metaphorical,higher in metaphorical,higher in metaphorical,higher in metaphorical,higher in literal,higher in metaphorical,,,higher in metaphorical,higher in literal,,higher in literal,,,higher in metaphorical,higher in metaphorical,higher in metaphorical,higher in metaphorical,higher in metaphorical,higher in literal,higher in literal,higher in literal,higher in literal,higher in literal,higher in literal,higher in literal,,higher in literal,higher in literal,,higher in literal,,,,,,higher in metaphorical,,higher in metaphorical,higher in metaphorical,higher in metaphorical,higher in metaphorical,higher in metaphorical,,higher in literal,higher in literal,higher in literal,higher in literal,higher in literal,higher in literal,higher in literal,,higher in literal,higher in literal,,higher in literal,,,higher in literal,higher in metaphorical,higher in literal,higher in metaphorical,higher in literal,,,,higher in metaphorical,,higher in metaphorical,higher in literal,,higher in literal,higher in metaphorical,higher in metaphorical,higher in literal,higher in literal,higher in literal,higher in metaphorical,higher in metaphorical,higher in metaphorical,higher in metaphorical,higher in metaphorical,higher in metaphorical,higher in metaphorical,higher in metaphorical,higher in literal,higher in literal,,higher in metaphorical,,higher in metaphorical,higher in metaphorical,higher in metaphorical,higher in literal,higher in metaphorical,higher in metaphorical,,higher in literal,higher in literal,,,higher in literal,higher in metaphorical,higher in metaphorical,higher in metaphorical,higher in metaphorical,higher in literal,,higher in literal,higher in metaphorical,higher in metaphorical,higher in metaphorical,higher in metaphorical,higher in literal,,,higher in metaphorical,higher in metaphorical,higher in metaphorical,,,,,higher in literal,higher in literal,higher in metaphorical,higher in metaphorical,higher in metaphorical,higher in metaphorical,,,,,,higher in metaphorical,,,,,,,,,,,,,,higher in literal,,,,,,,,,,,
comprehend content / digest content,0.6110621499256577,higher in metaphorical,higher in literal,higher in metaphorical,,higher in metaphorical,higher in metaphorical,higher in metaphorical,higher in metaphorical,,higher in metaphorical,higher in metaphorical,higher in metaphorical,higher in literal,higher in literal,higher in literal,higher in literal,,higher in metaphorical,,higher in metaphorical,,,higher in metaphorical,,,higher in metaphorical,,,,,,higher in metaphorical,,higher in literal,,higher in literal,higher in literal,,,higher in literal,,,,,,,higher in metaphorical,,,higher in metaphorical,,higher in literal,,,higher in metaphorical,,higher in metaphorical,higher in metaphorical,higher in literal,,,higher in literal,,,,,,higher in metaphorical,,higher in metaphorical,higher in literal,,,higher in literal,higher in literal,,,higher in literal,higher in literal,,higher in metaphorical,higher in metaphorical,higher in literal,higher in literal,higher in literal,higher in metaphorical,,higher in metaphorical,,higher in metaphorical,higher in literal,higher in metaphorical,,higher in literal,higher in literal,higher in literal,,higher in metaphorical,,higher in metaphorical,higher in metaphorical,higher in metaphorical,higher in metaphorical,,,higher in literal,higher in literal,,higher in literal,,,higher in metaphorical,higher in metaphorical,higher in metaphorical,higher in literal,higher in metaphorical,higher in metaphorical,,,,higher in metaphorical,higher in metaphorical,,,,,,,,,,,,higher in metaphorical,higher in metaphorical,,,higher in literal,higher in literal,higher in literal,,,,higher in literal,higher in literal,higher in literal,,,higher in literal,higher in literal,higher in literal,higher in literal,higher in metaphorical,higher in literal,,,,,,,,,,higher in metaphorical,,,,
comprehend situation / digest situation,1.3217666249620927,higher in metaphorical,higher in literal,higher in metaphorical,,higher in metaphorical,higher in metaphorical,higher in metaphorical,higher in metaphorical,higher in metaphorical,higher in metaphorical,higher in metaphorical,higher in metaphorical,higher in metaphorical,higher in metaphorical,,,higher in metaphorical,higher in metaphorical,higher in metaphorical,higher in metaphorical,higher in literal,higher in literal,higher in literal,higher in literal,,higher in metaphorical,higher in metaphorical,,,,higher in metaphorical,higher in metaphorical,higher in metaphorical,higher in literal,higher in literal,higher in literal,higher in metaphorical,higher in metaphorical,higher in metaphorical,,higher in metaphorical,higher in metaphorical,,,higher in metaphorical,higher in metaphorical,,,,higher in metaphorical,higher in metaphorical,,,,,higher in metaphorical,higher in metaphorical,higher in metaphorical,higher in literal,higher in literal,higher in literal,higher in metaphorical,higher in metaphorical,higher in metaphorical,,higher in literal,,,,,higher in metaphorical,,higher in metaphorical,,,,,higher in metaphorical,higher in literal,higher in metaphorical,higher in metaphorical,higher in metaphorical,higher in literal,higher in literal,higher in literal,higher in metaphorical,higher in literal,higher in literal,higher in metaphorical,higher in metaphorical,higher in literal,higher in literal,higher in literal,higher in metaphorical,higher in metaphorical,,higher in literal,higher in literal,higher in metaphorical,higher in metaphorical,higher in literal,,higher in metaphorical,higher in metaphorical,higher in literal,higher in metaphorical,higher in metaphorical,,higher in literal,higher in metaphorical,higher in metaphorical,higher in metaphorical,higher in metaphorical,,higher in literal,higher in metaphorical,higher in metaphorical,higher in literal,higher in metaphorical,higher in metaphorical,,higher in literal,,higher in metaphorical,higher in literal,higher in literal,,higher in metaphorical,higher in metaphorical,higher in metaphorical,higher in metaphorical,higher in metaphorical,higher in metaphorical,,higher in metaphorical,higher in metaphorical,higher in metaphorical,higher in literal,higher in literal,higher in literal,higher in literal,higher in metaphorical,higher in metaphorical,higher in literal,higher in literal,higher in literal,higher in metaphorical,,,higher in literal,,,higher in metaphorical,higher in literal,,higher in metaphorical,higher in literal,,,higher in metaphorical,,higher in metaphorical,,higher in metaphorical,,,,
comprehend message / digest message,0.7827391960519705,higher in metaphorical,,higher in metaphorical,,higher in metaphorical,higher in metaphorical,higher in metaphorical,higher in metaphorical,higher in metaphorical,higher in metaphorical,higher in metaphorical,higher in metaphorical,higher in metaphorical,higher in metaphorical,,higher in metaphorical,,higher in literal,higher in metaphorical,higher in metaphorical,higher in metaphorical,higher in metaphorical,,higher in literal,,,,higher in literal,higher in literal,higher in literal,higher in literal,,,higher in literal,,,higher in literal,higher in literal,higher in literal,,higher in metaphorical,higher in metaphorical,,higher in literal,,,higher in literal,higher in literal,,,higher in literal,,higher in literal,higher in literal,higher in literal,higher in literal,,,higher in literal,,,higher in literal,higher in literal,higher in literal,,higher in literal,higher in metaphorical,,higher in metaphorical,higher in literal,higher in literal,higher in metaphorical,,higher in metaphorical,,higher in metaphorical,,higher in literal,,,higher in metaphorical,higher in metaphorical,higher in literal,higher in literal,higher in literal,higher in metaphorical,,,higher in metaphorical,higher in metaphorical,higher in metaphorical,,higher in literal,,,,,,higher in metaphorical,,,higher in literal,,higher in metaphorical,higher in literal,,,higher in metaphorical,higher in metaphorical,,,,,,higher in literal,,,,,,,,,,,,,,,,,higher in metaphorical,,higher in metaphorical,higher in metaphorical,higher in metaphorical,higher in metaphorical,higher in literal,,,,higher in literal,higher in metaphorical,higher in literal,,,higher in literal,,higher in metaphorical,higher in metaphorical,higher in metaphorical,,,,higher in metaphorical,,higher in metaphorical,higher in metaphorical,higher in metaphorical,,higher in metaphorical,,,,,,,
reject past / disown past,1.4531017398804784,higher in metaphorical,higher in metaphorical,higher in metaphorical,,higher in metaphorical,higher in metaphorical,higher in metaphorical,,higher in metaphorical,higher in metaphorical,higher in metaphorical,,higher in literal,,higher in metaphorical,higher in literal,higher in metaphorical,higher in literal,higher in literal,higher in literal,higher in literal,,higher in metaphorical,higher in metaphorical,higher in metaphorical,,,higher in metaphorical,higher in metaphorical,higher in metaphorical,higher in metaphorical,higher in metaphorical,higher in metaphorical,higher in literal,higher in literal,higher in literal,higher in literal,higher in literal,,higher in metaphorical,higher in literal,higher in metaphorical,higher in metaphorical,higher in metaphorical,higher in metaphorical,higher in metaphorical,higher in metaphorical,higher in metaphorical,higher in metaphorical,,,,higher in metaphorical,higher in metaphorical,higher in metaphorical,higher in metaphorical,higher in metaphorical,higher in metaphorical,higher in literal,higher in literal,higher in literal,higher in literal,,,higher in metaphorical,higher in metaphorical,higher in literal,,,,,higher in metaphorical,higher in metaphorical,higher in literal,higher in literal,higher in literal,higher in literal,higher in literal,higher in literal,,higher in metaphorical,higher in metaphorical,higher in literal,higher in literal,higher in literal,higher in metaphorical,higher in literal,higher in literal,higher in literal,higher in literal,higher in metaphorical,higher in literal,higher in metaphorical,higher in metaphorical,higher in metaphorical,,higher in literal,higher in literal,,higher in literal,higher in literal,higher in literal,higher in literal,higher in metaphorical,higher in metaphorical,higher in metaphorical,higher in metaphorical,higher in literal,higher in literal,,higher in literal,higher in literal,higher in literal,higher in literal,higher in metaphorical,,,higher in metaphorical,higher in metaphorical,higher in literal,higher in literal,higher in metaphorical,higher in metaphorical,higher in metaphorical,higher in literal,higher in literal,higher in literal,higher in metaphorical,higher in metaphorical,higher in literal,higher in literal,,,higher in metaphorical,higher in literal,higher in metaphorical,higher in metaphorical,higher in metaphorical,higher in metaphorical,,,,higher in metaphorical,higher in metaphorical,higher in metaphorical,higher in metaphorical,higher in metaphorical,,higher in literal,higher in literal,higher in literal,higher in literal,,higher in literal,,higher in metaphorical,higher in literal,,,higher in metaphorical,,higher in metaphorical,,higher in literal,,,,
reject idea / disown idea,1.1337419029343725,higher in metaphorical,,higher in metaphorical,,higher in metaphorical,higher in metaphorical,higher in metaphorical,higher in metaphorical,higher in metaphorical,higher in metaphorical,higher in metaphorical,higher in metaphorical,higher in literal,higher in metaphorical,higher in literal,,higher in literal,,,higher in metaphorical,,higher in metaphorical,higher in metaphorical,higher in metaphorical,,higher in metaphorical,higher in metaphorical,higher in literal,higher in literal,higher in literal,higher in literal,higher in literal,higher in literal,,higher in literal,higher in literal,higher in literal,higher in literal,higher in literal,higher in literal,,higher in metaphorical,higher in literal,higher in literal,higher in literal,higher in literal,higher in metaphorical,higher in metaphorical,,higher in metaphorical,higher in metaphorical,,higher in literal,higher in literal,higher in literal,higher in literal,higher in literal,higher in literal,,higher in literal,,higher in literal,higher in literal,higher in literal,higher in literal,higher in literal,higher in literal,higher in metaphorical,higher in literal,higher in metaphorical,higher in literal,higher in literal,higher in metaphorical,higher in literal,higher in literal,,higher in literal,higher in literal,,higher in literal,higher in literal,higher in literal,higher in literal,higher in literal,higher in literal,higher in metaphorical,higher in literal,,higher in literal,,higher in metaphorical,,higher in metaphorical,,,,higher in literal,higher in literal,higher in literal,,,higher in metaphorical,,higher in literal,higher in metaphorical,higher in literal,,higher in literal,higher in metaphorical,,higher in metaphorical,higher in literal,higher in literal,higher in literal,higher in literal,,higher in literal,higher in metaphorical,,,higher in literal,,higher in literal,higher in literal,,higher in literal,,higher in literal,,higher in literal,higher in literal,higher in literal,higher in literal,higher in metaphorical,,higher in literal,higher in literal,,,,higher in literal,higher in literal,higher in literal,,,,higher in literal,,higher in literal,higher in literal,higher in literal,higher in literal,,,,,higher in literal,,,higher in literal,,higher in literal,,,,,,
reject policy / disown policy,1.2636121590138447,higher in metaphorical,higher in literal,higher in metaphorical,higher in literal,higher in metaphorical,higher in metaphorical,higher in metaphorical,higher in metaphorical,higher in metaphorical,higher in metaphorical,higher in metaphorical,higher in metaphorical,higher in metaphorical,higher in metaphorical,,,higher in literal,higher in metaphorical,higher in metaphorical,higher in metaphorical,higher in literal,higher in literal,,higher in metaphorical,higher in literal,,higher in metaphorical,higher in literal,higher in literal,higher in literal,higher in metaphorical,higher in metaphorical,higher in metaphorical,higher in literal,higher in literal,higher in literal,higher in metaphorical,,,higher in literal,higher in literal,higher in literal,,higher in metaphorical,higher in literal,higher in metaphorical,,higher in metaphorical,higher in literal,,higher in metaphorical,higher in metaphorical,higher in literal,higher in literal,higher in literal,higher in metaphorical,higher in metaphorical,higher in metaphorical,higher in literal,higher in literal,higher in literal,higher in metaphorical,,,higher in literal,,higher in literal,higher in literal,higher in literal,higher in literal,higher in literal,higher in literal,,higher in literal,higher in literal,higher in literal,higher in literal,,,higher in literal,,,higher in literal,higher in literal,higher in literal,higher in metaphorical,higher in metaphorical,higher in metaphorical,,higher in metaphorical,,higher in metaphorical,,,higher in metaphorical,higher in metaphorical,higher in metaphorical,higher in metaphorical,,higher in metaphorical,higher in metaphorical,higher in metaphorical,higher in metaphorical,higher in literal,,,higher in metaphorical,higher in literal,,higher in literal,,higher in literal,higher in literal,higher in literal,higher in literal,higher in metaphorical,,,higher in literal,higher in literal,higher in literal,,higher in metaphorical,higher in metaphorical,higher in metaphorical,higher in metaphorical,higher in metaphorical,,higher in literal,higher in metaphorical,higher in metaphorical,higher in literal,higher in literal,,higher in metaphorical,higher in literal,higher in literal,higher in literal,higher in literal,higher in literal,,higher in metaphorical,higher in literal,higher in literal,higher in literal,higher in literal,,,,higher in literal,,higher in literal,,,higher in metaphorical,higher in literal,higher in literal,higher in literal,higher in literal,higher in literal,,higher in literal,,higher in metaphorical,higher in literal,higher in literal,,
reject responsibility / disown responsibility,1.0323225257918358,higher in metaphorical,,higher in metaphorical,higher in metaphorical,higher in metaphorical,higher in metaphorical,higher in metaphorical,higher in metaphorical,higher in metaphorical,higher in metaphorical,higher in metaphorical,higher in metaphorical,higher in literal,,higher in literal,higher in literal,higher in literal,,,,higher in literal,higher in literal,higher in literal,higher in literal,,,,higher in literal,higher in literal,higher in literal,higher in literal,higher in literal,higher in literal,,,higher in literal,higher in literal,higher in literal,,,,,higher in literal,higher in literal,higher in literal,higher in literal,,higher in literal,,,,higher in literal,higher in literal,higher in literal,higher in literal,higher in literal,higher in literal,higher in literal,higher in literal,higher in literal,higher in literal,higher in literal,,,higher in literal,,higher in literal,higher in literal,higher in literal,higher in literal,higher in metaphorical,higher in literal,higher in metaphorical,higher in literal,higher in literal,higher in literal,,higher in metaphorical,,,higher in metaphorical,,higher in literal,higher in literal,higher in literal,higher in metaphorical,higher in literal,higher in literal,higher in literal,higher in literal,higher in literal,,higher in literal,higher in literal,higher in literal,higher in literal,higher in literal,higher in literal,higher in literal,,,higher in metaphorical,higher in metaphorical,higher in literal,higher in literal,higher in literal,higher in literal,higher in literal,,higher in literal,higher in literal,higher in literal,higher in literal,higher in literal,higher in literal,,higher in literal,higher in metaphorical,,higher in literal,,higher in metaphorical,higher in literal,higher in literal,,higher in literal,,,,higher in literal,higher in literal,higher in literal,higher in literal,higher in literal,,higher in literal,higher in literal,,,,higher in metaphorical,,higher in literal,higher in literal,higher in literal,higher in literal,higher in metaphorical,,higher in literal,higher in literal,,,,higher in metaphorical,,higher in literal,higher in literal,,,,,,,,,,,
reduce price / drop price,0.8810997335801548,higher in literal,higher in literal,higher in literal,higher in metaphorical,higher in literal,higher in literal,higher in literal,higher in literal,,higher in literal,higher in literal,higher in literal,higher in literal,,higher in literal,higher in literal,higher in literal,higher in metaphorical,higher in literal,,higher in literal,higher in literal,higher in metaphorical,higher in metaphorical,,,higher in metaphorical,higher in metaphorical,higher in metaphorical,higher in metaphorical,,higher in metaphorical,higher in metaphorical,higher in metaphorical,higher in metaphorical,higher in metaphorical,,higher in metaphorical,higher in metaphorical,,higher in literal,higher in literal,higher in literal,higher in literal,higher in literal,higher in literal,higher in metaphorical,higher in metaphorical,higher in metaphorical,,higher in metaphorical,,,higher in metaphorical,higher in metaphorical,,higher in metaphorical,higher in metaphorical,higher in metaphorical,higher in metaphorical,higher in metaphorical,higher in metaphorical,higher in metaphorical,higher in metaphorical,,,higher in literal,,higher in literal,,higher in literal,higher in metaphorical,,,,,higher in literal,higher in metaphorical,higher in metaphorical,,higher in metaphorical,higher in metaphorical,,,,higher in literal,,,higher in literal,,higher in literal,,higher in metaphorical,,,,,,higher in literal,,higher in metaphorical,higher in metaphorical,higher in metaphorical,higher in literal,higher in metaphorical,,,higher in literal,,,,higher in literal,higher in literal,higher in literal,higher in metaphorical,higher in metaphorical,higher in metaphorical,higher in metaphorical,higher in literal,higher in literal,higher in literal,higher in metaphorical,higher in literal,higher in literal,higher in literal,higher in literal,higher in literal,higher in literal,higher in literal,higher in literal,higher in literal,higher in metaphorical,higher in metaphorical,higher in metaphorical,,higher in literal,higher in literal,,,,,,higher in literal,,,,,,higher in literal,higher in literal,higher in literal,higher in literal,higher in metaphorical,higher in metaphorical,higher in literal,higher in literal,higher in literal,,,,,,,,,,,
reduce cost / drop cost,0.7963871392628243,,higher in literal,,higher in metaphorical,,,,,,,,higher in metaphorical,higher in literal,higher in literal,higher in literal,higher in literal,higher in literal,,higher in literal,higher in literal,higher in literal,higher in literal,,,,,,higher in literal,higher in literal,higher in literal,higher in literal,higher in literal,higher in literal,,,,,higher in literal,higher in literal,higher in literal,higher in literal,higher in literal,higher in literal,higher in literal,higher in literal,higher in literal,,,,,,,higher in literal,higher in literal,higher in literal,higher in literal,higher in literal,higher in literal,,,,,,,higher in literal,higher in literal,higher in literal,,,,higher in literal,higher in literal,,higher in literal,higher in literal,higher in literal,higher in literal,higher in metaphorical,,,higher in literal,higher in literal,,,higher in literal,,higher in literal,,higher in literal,,higher in literal,higher in metaphorical,,higher in metaphorical,higher in metaphorical,higher in metaphorical,,higher in metaphorical,higher in literal,higher in metaphorical,higher in metaphorical,higher in metaphorical,higher in metaphorical,higher in literal,,,,higher in literal,,higher in metaphorical,higher in metaphorical,higher in literal,higher in literal,,higher in literal,higher in metaphorical,higher in metaphorical,,higher in metaphorical,higher in literal,higher in literal,higher in metaphorical,higher in literal,higher in literal,,,,higher in literal,higher in literal,higher in literal,higher in literal,higher in metaphorical,,,higher in metaphorical,higher in literal,higher in literal,higher in metaphorical,,,higher in literal,higher in literal,higher in literal,,,,higher in literal,,,,,,,,higher in literal,higher in literal,higher in literal,,,higher in literal,,higher in literal,,,,,,
reduce rate / drop rate,1.1236416549368446,higher in literal,higher in metaphorical,higher in literal,higher in metaphorical,higher in literal,higher in literal,higher in literal,higher in literal,,higher in literal,,higher in metaphorical,higher in literal,,higher in literal,higher in literal,higher in literal,higher in literal,higher in literal,higher in literal,higher in literal,higher in literal,higher in literal,higher in literal,higher in literal,higher in literal,higher in literal,higher in literal,higher in literal,higher in literal,higher in literal,higher in literal,higher in literal,higher in literal,higher in literal,higher in literal,higher in literal,higher in literal,higher in literal,higher in literal,higher in literal,higher in literal,higher in literal,higher in literal,higher in literal,higher in literal,higher in literal,higher in literal,higher in literal,higher in literal,higher in literal,higher in literal,higher in literal,higher in literal,higher in literal,higher in literal,higher in literal,higher in literal,higher in literal,higher in literal,higher in literal,higher in literal,higher in literal,higher in literal,higher in literal,higher in literal,,higher in literal,,higher in literal,higher in literal,,higher in literal,higher in literal,higher in literal,higher in literal,higher in literal,higher in metaphorical,higher in metaphorical,higher in literal,higher in literal,higher in literal,higher in metaphorical,higher in metaphorical,,,higher in literal,higher in literal,higher in literal,higher in literal,higher in literal,higher in literal,higher in literal,higher in literal,higher in literal,higher in literal,higher in literal,higher in literal,higher in literal,higher in literal,higher in literal,higher in literal,higher in literal,,higher in literal,higher in literal,higher in literal,,,,,higher in literal,higher in literal,,higher in metaphorical,,,higher in metaphorical,higher in literal,,,higher in metaphorical,higher in literal,higher in literal,higher in literal,higher in literal,higher in literal,,higher in metaphorical,higher in literal,higher in literal,,,,higher in literal,higher in literal,,higher in literal,higher in literal,higher in literal,higher in literal,,higher in literal,higher in literal,higher in literal,higher in literal,,,,,,,,higher in metaphorical,higher in literal,higher in metaphorical,,higher in literal,higher in literal,higher in literal,,higher in literal,,,higher in literal,higher in literal,,
reduce temperature / drop temperature,0.8438902213670227,,higher in metaphorical,higher in literal,,higher in literal,,higher in literal,,,,,,,,higher in literal,higher in literal,higher in literal,higher in metaphorical,,higher in metaphorical,higher in literal,higher in literal,,,higher in literal,higher in literal,higher in literal,higher in literal,higher in literal,higher in literal,higher in literal,higher in literal,higher in literal,,higher in literal,,,higher in literal,,higher in literal,higher in literal,higher in literal,higher in literal,,higher in literal,,,,,higher in literal,higher in literal,higher in metaphorical,higher in literal,higher in literal,higher in literal,higher in literal,higher in literal,higher in literal,,higher in literal,,,higher in literal,,higher in literal,,,higher in literal,higher in metaphorical,higher in literal,higher in literal,,,higher in literal,higher in literal,,higher in literal,,higher in metaphorical,higher in literal,higher in literal,higher in literal,higher in metaphorical,,,,,higher in metaphorical,higher in literal,,higher in literal,higher in metaphorical,,higher in metaphorical,higher in metaphorical,higher in metaphorical,,higher in metaphorical,higher in literal,higher in metaphorical,higher in metaphorical,higher in metaphorical,higher in metaphorical,higher in literal,,higher in metaphorical,higher in metaphorical,,higher in metaphorical,higher in metaphorical,higher in metaphorical,higher in literal,higher in literal,,higher in metaphorical,higher in literal,higher in literal,higher in metaphorical,higher in metaphorical,higher in metaphorical,higher in literal,higher in metaphorical,,,higher in metaphorical,higher in metaphorical,,higher in metaphorical,higher in metaphorical,,,,higher in metaphorical,higher in metaphorical,higher in metaphorical,higher in literal,higher in literal,higher in metaphorical,higher in metaphorical,higher in metaphorical,,,higher in literal,higher in metaphorical,higher in metaphorical,higher in metaphorical,,,higher in metaphorical,higher in metaphorical,higher in metaphorical,higher in metaphorical,,higher in metaphorical,,higher in metaphorical,,higher in literal,higher in literal,higher in literal,,higher in literal,,higher in metaphorical,,,,
forget trouble / drown trouble,1.342256255773514,higher in metaphorical,,higher in metaphorical,,higher in metaphorical,higher in metaphorical,higher in metaphorical,higher in metaphorical,higher in metaphorical,,higher in metaphorical,higher in metaphorical,higher in metaphorical,higher in metaphorical,,higher in metaphorical,,higher in metaphorical,higher in literal,higher in metaphorical,higher in metaphorical,higher in metaphorical,higher in literal,,higher in literal,higher in literal,,higher in literal,higher in literal,higher in literal,higher in literal,higher in literal,higher in literal,higher in metaphorical,higher in metaphorical,higher in metaphorical,higher in metaphorical,higher in metaphorical,higher in metaphorical,higher in metaphorical,higher in metaphorical,higher in metaphorical,,,,,higher in literal,higher in literal,higher in literal,higher in literal,higher in literal,,higher in literal,higher in literal,higher in literal,higher in literal,higher in literal,higher in literal,higher in metaphorical,higher in metaphorical,higher in metaphorical,higher in metaphorical,higher in metaphorical,higher in metaphorical,higher in metaphorical,higher in metaphorical,higher in metaphorical,higher in metaphorical,higher in metaphorical,higher in metaphorical,higher in literal,higher in literal,higher in literal,higher in literal,higher in metaphorical,higher in literal,,higher in literal,,higher in literal,higher in metaphorical,higher in metaphorical,higher in literal,higher in literal,higher in literal,higher in metaphorical,higher in metaphorical,higher in metaphorical,,,higher in metaphorical,higher in metaphorical,higher in literal,,,,,higher in metaphorical,,,higher in metaphorical,higher in metaphorical,,,higher in literal,,,higher in literal,,,,higher in literal,higher in literal,,higher in literal,higher in metaphorical,,higher in literal,higher in literal,higher in literal,higher in literal,higher in metaphorical,,,,,higher in literal,,,,,,higher in literal,higher in literal,,higher in metaphorical,,,,,higher in metaphorical,higher in metaphorical,,,,,higher in metaphorical,,higher in literal,higher in literal,higher in literal,higher in literal,higher in literal,higher in literal,higher in metaphorical,,higher in literal,,,higher in metaphorical,,higher in metaphorical,,,,,,
forget pain / drown pain,0.7324789553707648,higher in metaphorical,,higher in metaphorical,,,higher in metaphorical,higher in metaphorical,higher in metaphorical,higher in metaphorical,,,,higher in literal,,,higher in literal,,,higher in literal,,higher in literal,higher in literal,higher in literal,higher in literal,,higher in literal,higher in literal,higher in literal,higher in literal,higher in literal,higher in literal,higher in literal,higher in literal,higher in metaphorical,,,,,,,higher in literal,higher in literal,,,higher in literal,higher in literal,higher in literal,higher in literal,higher in literal,higher in literal,higher in literal,higher in literal,higher in literal,higher in literal,higher in literal,higher in literal,higher in literal,higher in literal,,,,,,,,higher in metaphorical,,higher in literal,higher in metaphorical,higher in literal,,higher in literal,higher in literal,higher in literal,higher in literal,higher in literal,,,higher in metaphorical,,higher in metaphorical,,higher in literal,higher in literal,higher in literal,higher in metaphorical,,,,higher in literal,higher in literal,,,higher in literal,higher in literal,higher in literal,,,,,,higher in metaphorical,,,,higher in literal,higher in literal,,higher in literal,,higher in literal,,higher in literal,higher in literal,higher in literal,,higher in literal,higher in metaphorical,higher in metaphorical,higher in literal,higher in literal,,higher in literal,higher in literal,,,,,,higher in metaphorical,higher in metaphorical,higher in metaphorical,higher in metaphorical,higher in literal,higher in literal,higher in literal,,,,,higher in metaphorical,,,,,,higher in metaphorical,,higher in literal,higher in literal,higher in literal,higher in literal,higher in literal,higher in metaphorical,higher in literal,,,,,,,,,,,,,
forget problem / drown problem,1.213473712821404,higher in metaphorical,higher in metaphorical,higher in metaphorical,,higher in metaphorical,higher in metaphorical,higher in metaphorical,,higher in metaphorical,higher in metaphorical,higher in metaphorical,higher in metaphorical,higher in metaphorical,higher in metaphorical,higher in metaphorical,higher in metaphorical,higher in metaphorical,higher in literal,higher in literal,higher in literal,higher in metaphorical,higher in metaphorical,higher in literal,higher in literal,higher in literal,higher in literal,higher in literal,higher in metaphorical,,,higher in metaphorical,higher in metaphorical,higher in metaphorical,higher in literal,higher in literal,higher in literal,higher in literal,higher in literal,higher in literal,higher in metaphorical,higher in metaphorical,higher in metaphorical,higher in metaphorical,higher in metaphorical,higher in metaphorical,,higher in literal,higher in literal,higher in literal,higher in literal,higher in literal,,higher in metaphorical,higher in metaphorical,higher in metaphorical,higher in metaphorical,higher in metaphorical,higher in metaphorical,higher in literal,higher in literal,higher in literal,higher in literal,higher in literal,higher in literal,higher in metaphorical,higher in literal,higher in metaphorical,higher in literal,higher in metaphorical,higher in literal,higher in metaphorical,higher in literal,higher in literal,,,,,,higher in literal,higher in literal,higher in metaphorical,higher in metaphorical,higher in literal,higher in literal,higher in literal,higher in metaphorical,higher in literal,higher in literal,,higher in literal,higher in metaphorical,higher in literal,higher in literal,,,,higher in literal,higher in literal,higher in metaphorical,higher in literal,higher in literal,higher in literal,higher in literal,higher in metaphorical,higher in literal,,,higher in literal,higher in literal,,higher in literal,,,,higher in metaphorical,,higher in literal,higher in literal,higher in metaphorical,,higher in literal,,higher in metaphorical,higher in metaphorical,higher in literal,higher in literal,,,higher in literal,higher in literal,higher in literal,,higher in metaphorical,higher in literal,higher in literal,higher in metaphorical,higher in metaphorical,,,,,higher in literal,higher in metaphorical,,,,higher in literal,,higher in literal,higher in literal,higher in literal,higher in literal,higher in literal,higher in literal,higher in metaphorical,,higher in literal,,,,,,,higher in literal,,,,
forget feeling / drown feeling,1.114542824056793,higher in metaphorical,,,higher in metaphorical,,higher in metaphorical,higher in metaphorical,higher in metaphorical,higher in metaphorical,,higher in metaphorical,higher in metaphorical,higher in metaphorical,,higher in metaphorical,higher in metaphorical,higher in metaphorical,higher in metaphorical,,higher in metaphorical,,,higher in literal,higher in literal,higher in literal,higher in literal,higher in literal,higher in literal,higher in literal,higher in literal,,higher in metaphorical,higher in metaphorical,higher in literal,higher in literal,higher in literal,higher in literal,,higher in literal,higher in metaphorical,higher in metaphorical,,higher in metaphorical,,higher in metaphorical,higher in metaphorical,higher in literal,higher in literal,higher in literal,higher in literal,higher in literal,higher in metaphorical,higher in literal,higher in literal,higher in literal,,higher in metaphorical,higher in metaphorical,higher in literal,higher in literal,higher in literal,higher in literal,,higher in literal,higher in metaphorical,higher in literal,higher in metaphorical,,higher in metaphorical,,higher in metaphorical,higher in metaphorical,higher in metaphorical,higher in metaphorical,higher in metaphorical,higher in literal,higher in metaphorical,higher in metaphorical,higher in metaphorical,,higher in literal,,higher in literal,higher in literal,higher in literal,higher in metaphorical,higher in metaphorical,,higher in metaphorical,higher in metaphorical,higher in metaphorical,,higher in literal,higher in metaphorical,higher in metaphorical,higher in metaphorical,higher in metaphorical,,higher in metaphorical,higher in metaphorical,,higher in metaphorical,,higher in metaphorical,higher in literal,higher in metaphorical,higher in metaphorical,,higher in metaphorical,higher in metaphorical,higher in metaphorical,higher in metaphorical,higher in metaphorical,higher in metaphorical,,higher in metaphorical,higher in literal,higher in metaphorical,,higher in metaphorical,higher in metaphorical,higher in literal,higher in metaphorical,higher in metaphorical,,,,higher in literal,higher in literal,higher in metaphorical,higher in metaphorical,higher in literal,higher in literal,higher in literal,,higher in metaphorical,higher in metaphorical,higher in metaphorical,higher in metaphorical,higher in metaphorical,higher in literal,higher in literal,higher in metaphorical,higher in metaphorical,higher in metaphorical,higher in metaphorical,higher in literal,higher in metaphorical,higher in literal,higher in literal,higher in literal,higher in literal,higher in metaphorical,higher in metaphorical,,higher in literal,,,,,,,,,,,,
decrease appetite / dull appetite,1.5036398518438594,higher in metaphorical,higher in metaphorical,higher in metaphorical,higher in metaphorical,higher in metaphorical,higher in metaphorical,higher in metaphorical,higher in metaphorical,higher in metaphorical,higher in metaphorical,higher in metaphorical,higher in metaphorical,higher in metaphorical,higher in metaphorical,higher in metaphorical,higher in metaphorical,higher in metaphorical,higher in literal,higher in literal,higher in metaphorical,higher in metaphorical,higher in metaphorical,higher in metaphorical,higher in metaphorical,,,,higher in metaphorical,higher in metaphorical,higher in metaphorical,higher in metaphorical,higher in metaphorical,higher in metaphorical,higher in literal,higher in literal,higher in literal,higher in literal,higher in literal,higher in literal,,higher in metaphorical,higher in metaphorical,higher in metaphorical,,higher in metaphorical,,higher in metaphorical,higher in metaphorical,,,,higher in literal,higher in metaphorical,higher in metaphorical,higher in metaphorical,higher in metaphorical,higher in metaphorical,higher in metaphorical,higher in literal,higher in literal,higher in literal,higher in literal,higher in literal,higher in literal,,higher in literal,,higher in metaphorical,higher in literal,higher in metaphorical,higher in metaphorical,higher in literal,,higher in literal,,higher in literal,higher in metaphorical,higher in metaphorical,higher in metaphorical,higher in metaphorical,higher in literal,,higher in literal,higher in literal,higher in literal,higher in metaphorical,higher in literal,higher in literal,higher in literal,higher in literal,higher in metaphorical,higher in literal,higher in metaphorical,higher in literal,higher in literal,higher in literal,higher in literal,higher in literal,higher in literal,higher in literal,higher in literal,higher in literal,higher in literal,higher in metaphorical,higher in metaphorical,higher in literal,higher in literal,higher in literal,,higher in metaphorical,,higher in metaphorical,higher in metaphorical,,higher in metaphorical,higher in metaphorical,higher in metaphorical,higher in metaphorical,higher in literal,,higher in metaphorical,higher in metaphorical,higher in metaphorical,,higher in literal,higher in literal,higher in literal,,,,,,higher in metaphorical,higher in literal,higher in literal,higher in metaphorical,higher in metaphorical,higher in literal,,,higher in literal,,higher in metaphorical,higher in literal,,,,,higher in literal,higher in literal,higher in literal,higher in literal,higher in metaphorical,,,,higher in literal,,,,,,,,,,,
decrease pain / dull pain,0.8397108433640613,,higher in literal,,,higher in metaphorical,,higher in metaphorical,,,,,,,,higher in metaphorical,higher in literal,,higher in metaphorical,,higher in metaphorical,higher in metaphorical,higher in metaphorical,higher in metaphorical,,,,,higher in metaphorical,higher in metaphorical,higher in metaphorical,higher in metaphorical,higher in metaphorical,higher in metaphorical,,,,,,,higher in metaphorical,higher in metaphorical,higher in metaphorical,higher in metaphorical,higher in literal,,higher in literal,higher in metaphorical,,,,,higher in literal,higher in metaphorical,higher in metaphorical,higher in metaphorical,higher in metaphorical,higher in metaphorical,higher in metaphorical,,,,,,,higher in metaphorical,higher in metaphorical,higher in metaphorical,higher in metaphorical,higher in metaphorical,higher in metaphorical,,higher in literal,,higher in literal,higher in literal,higher in literal,higher in metaphorical,,,higher in metaphorical,higher in metaphorical,higher in metaphorical,higher in literal,higher in literal,,,higher in metaphorical,,,higher in literal,higher in literal,,,,,higher in literal,higher in metaphorical,,,higher in literal,,higher in metaphorical,higher in literal,higher in metaphorical,,,,higher in literal,,,,higher in metaphorical,higher in metaphorical,,,higher in metaphorical,higher in metaphorical,higher in metaphorical,higher in metaphorical,,higher in metaphorical,higher in literal,higher in literal,higher in literal,,,,higher in metaphorical,,higher in literal,higher in literal,higher in metaphorical,higher in metaphorical,,higher in literal,higher in metaphorical,higher in metaphorical,,,,higher in metaphorical,,higher in metaphorical,,,,,,higher in literal,higher in literal,higher in literal,higher in literal,higher in metaphorical,,higher in metaphorical,,higher in literal,higher in metaphorical,higher in metaphorical,higher in metaphorical,,higher in metaphorical,,,higher in metaphorical,higher in metaphorical,,
decrease sense / dull sense,0.6528206880410844,,,,,,higher in literal,,higher in literal,,higher in literal,,higher in literal,higher in literal,higher in literal,,higher in metaphorical,,higher in metaphorical,,,higher in metaphorical,higher in metaphorical,,,,,,higher in metaphorical,higher in metaphorical,higher in metaphorical,higher in metaphorical,higher in metaphorical,higher in metaphorical,,,,,,,higher in metaphorical,higher in metaphorical,higher in metaphorical,,higher in literal,,higher in literal,,,,,,higher in literal,higher in metaphorical,,,higher in metaphorical,higher in metaphorical,higher in metaphorical,,,,,,,higher in metaphorical,,,,,,,,higher in metaphorical,,,,,higher in literal,higher in literal,,higher in metaphorical,higher in metaphorical,,,,,,higher in literal,,higher in literal,higher in metaphorical,,,higher in literal,higher in literal,higher in literal,,higher in literal,,higher in literal,higher in literal,higher in metaphorical,higher in literal,,,higher in literal,higher in literal,higher in literal,higher in literal,higher in literal,higher in literal,higher in metaphorical,higher in metaphorical,higher in metaphorical,,higher in literal,,higher in literal,higher in metaphorical,higher in metaphorical,higher in metaphorical,higher in literal,higher in literal,higher in literal,,,,,higher in literal,higher in literal,higher in literal,,higher in metaphorical,higher in literal,higher in literal,higher in metaphorical,,higher in literal,higher in literal,higher in literal,,,higher in metaphorical,higher in literal,higher in literal,higher in literal,,,higher in literal,higher in literal,higher in literal,higher in literal,,,,higher in literal,higher in literal,higher in metaphorical,higher in metaphorical,,higher in metaphorical,,,,higher in metaphorical,higher in metaphorical,,
decrease noise / dull noise,1.6247903465684619,higher in metaphorical,higher in literal,higher in metaphorical,higher in metaphorical,higher in metaphorical,higher in metaphorical,higher in metaphorical,higher in metaphorical,higher in metaphorical,higher in metaphorical,higher in metaphorical,higher in metaphorical,higher in metaphorical,higher in metaphorical,,higher in metaphorical,higher in metaphorical,higher in metaphorical,,higher in metaphorical,higher in metaphorical,higher in metaphorical,,,higher in metaphorical,higher in metaphorical,higher in metaphorical,higher in metaphorical,higher in metaphorical,higher in metaphorical,,higher in metaphorical,higher in metaphorical,,higher in metaphorical,higher in metaphorical,higher in metaphorical,higher in metaphorical,higher in metaphorical,,higher in metaphorical,higher in metaphorical,,,higher in metaphorical,higher in metaphorical,,,higher in metaphorical,higher in metaphorical,higher in metaphorical,higher in metaphorical,higher in metaphorical,higher in metaphorical,higher in metaphorical,,,higher in metaphorical,,higher in metaphorical,higher in metaphorical,higher in metaphorical,higher in metaphorical,higher in metaphorical,,higher in metaphorical,higher in literal,higher in metaphorical,higher in literal,higher in metaphorical,higher in metaphorical,,higher in metaphorical,higher in literal,higher in literal,higher in literal,higher in metaphorical,higher in metaphorical,higher in metaphorical,higher in metaphorical,higher in metaphorical,higher in metaphorical,higher in literal,higher in literal,higher in literal,higher in metaphorical,higher in literal,higher in metaphorical,higher in metaphorical,higher in metaphorical,higher in metaphorical,,higher in literal,higher in metaphorical,higher in metaphorical,higher in metaphorical,higher in literal,higher in metaphorical,higher in metaphorical,higher in metaphorical,,higher in metaphorical,higher in metaphorical,higher in metaphorical,higher in literal,higher in metaphorical,higher in metaphorical,,higher in metaphorical,,,higher in metaphorical,higher in metaphorical,,higher in metaphorical,higher in metaphorical,higher in metaphorical,higher in metaphorical,higher in metaphorical,higher in metaphorical,higher in metaphorical,higher in metaphorical,,higher in metaphorical,higher in literal,higher in literal,,higher in literal,higher in metaphorical,higher in metaphorical,higher in metaphorical,higher in metaphorical,higher in metaphorical,,higher in metaphorical,,higher in metaphorical,higher in metaphorical,higher in metaphorical,higher in metaphorical,higher in metaphorical,higher in metaphorical,higher in literal,higher in metaphorical,higher in metaphorical,higher in metaphorical,higher in metaphorical,,higher in literal,higher in literal,higher in literal,higher in literal,higher in metaphorical,,higher in literal,higher in metaphorical,,,higher in metaphorical,higher in metaphorical,,higher in metaphorical,,,,,,
decrease feeling / dull feeling,1.5134921395396828,higher in metaphorical,higher in literal,higher in metaphorical,higher in metaphorical,higher in metaphorical,higher in metaphorical,higher in metaphorical,higher in metaphorical,higher in metaphorical,higher in metaphorical,higher in metaphorical,higher in metaphorical,higher in metaphorical,higher in metaphorical,higher in literal,higher in metaphorical,higher in literal,higher in literal,higher in literal,higher in metaphorical,higher in metaphorical,higher in metaphorical,,,,,higher in metaphorical,higher in literal,higher in literal,higher in literal,higher in literal,higher in literal,higher in literal,higher in metaphorical,higher in metaphorical,higher in metaphorical,higher in metaphorical,higher in metaphorical,higher in metaphorical,,higher in metaphorical,higher in metaphorical,higher in literal,higher in literal,higher in literal,higher in literal,,,,,higher in metaphorical,higher in literal,higher in literal,higher in literal,higher in literal,higher in literal,higher in literal,higher in literal,higher in metaphorical,higher in metaphorical,higher in metaphorical,higher in metaphorical,higher in metaphorical,higher in metaphorical,,higher in literal,higher in literal,higher in metaphorical,higher in literal,,,higher in metaphorical,higher in metaphorical,higher in metaphorical,higher in metaphorical,higher in metaphorical,,higher in metaphorical,,higher in metaphorical,higher in metaphorical,higher in metaphorical,higher in literal,higher in literal,higher in literal,higher in metaphorical,higher in literal,higher in literal,higher in literal,higher in literal,higher in metaphorical,higher in literal,,higher in literal,higher in literal,higher in literal,higher in literal,higher in literal,higher in literal,higher in literal,higher in literal,higher in literal,higher in literal,,,higher in literal,higher in literal,higher in literal,higher in literal,,higher in literal,higher in literal,higher in literal,higher in literal,higher in metaphorical,higher in metaphorical,higher in metaphorical,higher in metaphorical,higher in metaphorical,,higher in metaphorical,,higher in literal,higher in literal,higher in literal,higher in literal,higher in literal,higher in literal,higher in literal,higher in literal,higher in literal,higher in metaphorical,higher in metaphorical,,higher in literal,higher in metaphorical,,higher in literal,higher in literal,higher in literal,,,higher in metaphorical,higher in literal,higher in literal,higher in literal,higher in literal,,higher in literal,higher in literal,higher in literal,higher in literal,higher in metaphorical,higher in literal,higher in literal,higher in literal,higher in literal,,,,,,,,,,,
make excuse / find excuse,0.6250362488555036,higher in literal,,higher in literal,higher in metaphorical,higher in literal,higher in literal,higher in literal,higher in literal,,higher in literal,higher in literal,higher in literal,higher in literal,higher in literal,,,,higher in metaphorical,,higher in metaphorical,,higher in metaphorical,higher in metaphorical,higher in metaphorical,,higher in metaphorical,higher in metaphorical,higher in metaphorical,higher in metaphorical,higher in metaphorical,higher in metaphorical,higher in metaphorical,higher in metaphorical,,,higher in metaphorical,,,,,,,,higher in metaphorical,,higher in metaphorical,higher in metaphorical,higher in metaphorical,,,higher in metaphorical,,higher in metaphorical,higher in metaphorical,higher in metaphorical,higher in metaphorical,higher in metaphorical,higher in metaphorical,,,,,,higher in metaphorical,,,,higher in metaphorical,,higher in metaphorical,higher in metaphorical,higher in metaphorical,higher in metaphorical,higher in metaphorical,,higher in metaphorical,higher in literal,higher in metaphorical,higher in metaphorical,higher in metaphorical,,higher in metaphorical,higher in metaphorical,higher in metaphorical,higher in metaphorical,,,higher in metaphorical,,higher in metaphorical,higher in metaphorical,,,,,,,higher in metaphorical,,higher in metaphorical,higher in metaphorical,higher in metaphorical,higher in metaphorical,,,,,higher in literal,,,,higher in literal,higher in literal,higher in literal,higher in metaphorical,higher in metaphorical,higher in metaphorical,higher in literal,,higher in literal,,higher in metaphorical,higher in metaphorical,higher in metaphorical,,,,,,higher in literal,higher in literal,higher in metaphorical,,higher in literal,higher in metaphorical,,,,,,,,,,,,,,,,,,higher in metaphorical,higher in metaphorical,,,,,,,,,higher in metaphorical,higher in metaphorical,,,,
make way / find way,0.7064737063531771,higher in literal,higher in metaphorical,higher in literal,,higher in literal,higher in literal,higher in literal,higher in literal,,,higher in literal,,,higher in metaphorical,higher in literal,higher in metaphorical,higher in literal,higher in metaphorical,higher in metaphorical,higher in metaphorical,higher in metaphorical,higher in metaphorical,higher in metaphorical,higher in metaphorical,,higher in metaphorical,higher in metaphorical,higher in metaphorical,,,,,,higher in metaphorical,,,,,,higher in literal,higher in metaphorical,higher in metaphorical,higher in literal,,higher in literal,,higher in metaphorical,,,,,higher in metaphorical,higher in metaphorical,,,,,,higher in metaphorical,higher in metaphorical,higher in metaphorical,,,,higher in literal,,,higher in metaphorical,,higher in metaphorical,higher in metaphorical,higher in literal,higher in literal,higher in literal,,higher in literal,higher in literal,,,,higher in literal,higher in literal,higher in metaphorical,higher in metaphorical,higher in metaphorical,,,higher in metaphorical,,higher in metaphorical,higher in metaphorical,higher in metaphorical,,higher in metaphorical,higher in metaphorical,higher in metaphorical,higher in metaphorical,higher in metaphorical,,higher in metaphorical,higher in metaphorical,higher in metaphorical,higher in metaphorical,higher in literal,,higher in metaphorical,higher in metaphorical,higher in literal,higher in metaphorical,higher in metaphorical,,higher in literal,higher in literal,higher in literal,higher in metaphorical,,higher in literal,higher in literal,higher in metaphorical,higher in literal,higher in literal,higher in metaphorical,higher in metaphorical,,higher in metaphorical,higher in metaphorical,higher in metaphorical,,,higher in literal,higher in literal,higher in literal,higher in literal,higher in literal,higher in metaphorical,higher in literal,higher in literal,,higher in metaphorical,higher in metaphorical,higher in metaphorical,,higher in literal,,higher in metaphorical,higher in metaphorical,,,,,,,higher in literal,higher in literal,higher in metaphorical,,higher in literal,,,higher in literal,,higher in literal,higher in metaphorical,,,,,
make connection / find connection,0.5881399537735899,higher in literal,higher in metaphorical,higher in literal,,higher in literal,higher in literal,higher in literal,higher in literal,,higher in literal,higher in literal,higher in literal,higher in metaphorical,higher in metaphorical,higher in literal,higher in metaphorical,higher in literal,higher in metaphorical,higher in metaphorical,higher in metaphorical,higher in metaphorical,higher in metaphorical,,,,,,higher in literal,higher in literal,higher in literal,higher in literal,higher in literal,higher in literal,,,,,,,higher in literal,higher in metaphorical,higher in metaphorical,higher in literal,higher in literal,higher in literal,higher in literal,,,,,,,higher in literal,higher in literal,higher in literal,higher in literal,higher in literal,higher in literal,,,,,higher in literal,higher in literal,higher in literal,,,higher in literal,,higher in literal,,,higher in literal,,,higher in literal,higher in metaphorical,higher in literal,higher in literal,,higher in literal,higher in literal,higher in metaphorical,higher in metaphorical,higher in metaphorical,,,higher in metaphorical,,higher in metaphorical,higher in metaphorical,higher in metaphorical,,,,,,,,,higher in metaphorical,higher in metaphorical,higher in metaphorical,higher in literal,,,,,higher in literal,higher in literal,higher in literal,higher in metaphorical,higher in metaphorical,higher in metaphorical,higher in literal,,,,higher in literal,,,higher in metaphorical,,,higher in metaphorical,higher in metaphorical,higher in metaphorical,,,higher in literal,,,higher in literal,,higher in metaphorical,higher in literal,higher in literal,,,,,,higher in literal,,,,,,higher in literal,,,,higher in literal,,,,higher in literal,,,higher in literal,,higher in literal,higher in literal,higher in metaphorical,,,,
suggest idea / float idea,1.563485624599701,,higher in metaphorical,higher in literal,,higher in literal,higher in literal,higher in literal,,,,,,,,higher in literal,higher in metaphorical,higher in literal,higher in metaphorical,,higher in metaphorical,higher in metaphorical,higher in metaphorical,higher in literal,higher in literal,higher in literal,higher in literal,higher in literal,higher in literal,higher in literal,higher in literal,higher in literal,higher in literal,higher in literal,higher in literal,higher in literal,higher in literal,higher in literal,higher in literal,higher in literal,higher in literal,,,higher in literal,higher in literal,higher in literal,higher in literal,higher in literal,higher in literal,higher in literal,higher in literal,higher in literal,,higher in literal,higher in literal,higher in literal,higher in literal,higher in literal,higher in literal,higher in literal,higher in literal,higher in literal,higher in literal,higher in literal,higher in literal,higher in literal,higher in literal,higher in metaphorical,higher in literal,higher in metaphorical,higher in literal,,higher in literal,higher in literal,higher in literal,higher in literal,higher in literal,higher in literal,higher in metaphorical,higher in metaphorical,,higher in literal,higher in literal,higher in metaphorical,higher in metaphorical,higher in metaphorical,,higher in literal,,higher in literal,,higher in metaphorical,higher in metaphorical,higher in literal,,,,higher in literal,,higher in literal,,higher in metaphorical,higher in metaphorical,,higher in literal,higher in literal,,,higher in literal,higher in metaphorical,higher in metaphorical,higher in metaphorical,higher in literal,higher in literal,higher in literal,higher in metaphorical,,higher in literal,higher in literal,,higher in literal,higher in literal,higher in metaphorical,higher in literal,higher in literal,,higher in metaphorical,,,,higher in literal,higher in literal,higher in literal,higher in literal,higher in metaphorical,higher in metaphorical,higher in literal,higher in literal,,,,higher in literal,higher in literal,higher in literal,,,,higher in literal,,,,,,higher in literal,,higher in metaphorical,,higher in literal,,,higher in literal,,higher in literal,,higher in metaphorical,,,,
suggest theory / float theory,1.3746326982566155,higher in metaphorical,higher in literal,higher in metaphorical,higher in metaphorical,higher in metaphorical,higher in metaphorical,higher in metaphorical,,,higher in metaphorical,higher in metaphorical,higher in metaphorical,,higher in metaphorical,higher in literal,higher in literal,higher in literal,higher in metaphorical,higher in metaphorical,higher in metaphorical,higher in literal,higher in literal,,,,,,,,,,,,higher in metaphorical,higher in metaphorical,higher in metaphorical,higher in metaphorical,higher in metaphorical,higher in metaphorical,higher in literal,higher in literal,higher in literal,higher in literal,higher in literal,higher in literal,higher in literal,,,higher in literal,,,,,,,,,,higher in metaphorical,higher in metaphorical,higher in metaphorical,higher in metaphorical,higher in metaphorical,higher in metaphorical,higher in literal,higher in literal,higher in literal,higher in metaphorical,higher in literal,higher in metaphorical,higher in literal,higher in metaphorical,higher in metaphorical,higher in metaphorical,higher in metaphorical,higher in metaphorical,higher in literal,higher in literal,higher in literal,higher in literal,higher in metaphorical,higher in metaphorical,higher in literal,higher in literal,,,higher in metaphorical,higher in metaphorical,higher in metaphorical,higher in metaphorical,higher in literal,higher in metaphorical,,,,,higher in metaphorical,higher in metaphorical,higher in metaphorical,higher in metaphorical,higher in metaphorical,higher in metaphorical,higher in metaphorical,higher in literal,,,,higher in literal,,,,higher in literal,higher in literal,higher in literal,higher in metaphorical,,,higher in metaphorical,higher in metaphorical,higher in literal,higher in literal,higher in metaphorical,higher in literal,higher in literal,higher in metaphorical,higher in metaphorical,higher in metaphorical,higher in literal,higher in literal,higher in literal,higher in literal,,higher in metaphorical,higher in metaphorical,higher in metaphorical,higher in literal,higher in literal,higher in metaphorical,,,higher in literal,higher in literal,higher in literal,higher in metaphorical,higher in metaphorical,,higher in literal,,higher in literal,higher in literal,higher in literal,higher in literal,higher in metaphorical,higher in metaphorical,higher in literal,higher in literal,higher in literal,higher in literal,higher in literal,higher in literal,,higher in literal,,higher in metaphorical,higher in literal,higher in literal,,
suggest concept / float concept,1.1655574287183885,higher in metaphorical,higher in literal,higher in metaphorical,,higher in metaphorical,higher in metaphorical,higher in metaphorical,higher in metaphorical,higher in metaphorical,higher in metaphorical,higher in metaphorical,higher in metaphorical,higher in metaphorical,higher in metaphorical,higher in literal,,higher in literal,higher in metaphorical,higher in metaphorical,higher in metaphorical,,,higher in literal,,higher in literal,higher in literal,,higher in literal,,,higher in literal,,,,,,,,,higher in literal,,,higher in literal,higher in literal,higher in literal,higher in literal,higher in literal,higher in literal,higher in literal,higher in literal,higher in literal,higher in literal,higher in literal,,,higher in literal,,,,,,,,,higher in literal,higher in literal,,higher in literal,higher in literal,higher in literal,higher in literal,,,,higher in metaphorical,higher in literal,higher in literal,higher in literal,higher in literal,,,,higher in literal,higher in literal,higher in literal,higher in metaphorical,higher in metaphorical,higher in metaphorical,higher in metaphorical,higher in metaphorical,,higher in metaphorical,,higher in literal,higher in literal,higher in literal,higher in metaphorical,higher in metaphorical,higher in metaphorical,higher in metaphorical,higher in metaphorical,higher in metaphorical,higher in metaphorical,higher in literal,,higher in literal,higher in literal,higher in literal,higher in literal,,higher in literal,higher in literal,higher in literal,higher in literal,higher in literal,higher in metaphorical,higher in metaphorical,higher in metaphorical,,higher in literal,higher in literal,,higher in literal,higher in literal,higher in metaphorical,higher in metaphorical,higher in metaphorical,higher in literal,higher in literal,higher in literal,higher in literal,higher in literal,higher in literal,higher in metaphorical,higher in metaphorical,higher in literal,higher in literal,higher in literal,higher in literal,,higher in literal,higher in literal,higher in literal,higher in literal,higher in literal,,higher in literal,,higher in literal,higher in literal,higher in literal,higher in literal,higher in metaphorical,,higher in literal,higher in literal,higher in literal,higher in literal,higher in literal,higher in literal,higher in literal,higher in literal,,higher in metaphorical,,,higher in literal,
saturate market / flood market,1.126732254671023,higher in literal,higher in literal,higher in literal,higher in metaphorical,higher in literal,higher in literal,higher in literal,higher in literal,higher in literal,higher in literal,higher in literal,higher in literal,,higher in literal,higher in literal,,higher in literal,higher in metaphorical,higher in literal,,,higher in literal,higher in literal,higher in literal,higher in literal,higher in literal,higher in literal,,higher in metaphorical,higher in metaphorical,higher in metaphorical,higher in metaphorical,higher in metaphorical,higher in literal,,,higher in literal,,higher in literal,higher in literal,,,higher in literal,higher in literal,higher in literal,higher in literal,higher in literal,higher in literal,higher in literal,higher in literal,higher in literal,higher in metaphorical,,higher in metaphorical,higher in metaphorical,higher in metaphorical,higher in metaphorical,higher in metaphorical,,,,higher in literal,,,higher in literal,higher in literal,,higher in literal,,higher in literal,higher in literal,higher in metaphorical,higher in metaphorical,higher in literal,,higher in literal,higher in literal,higher in metaphorical,,higher in metaphorical,,,higher in metaphorical,higher in metaphorical,higher in metaphorical,higher in literal,higher in literal,,higher in literal,,,higher in metaphorical,higher in literal,higher in metaphorical,higher in metaphorical,higher in metaphorical,higher in literal,higher in metaphorical,higher in literal,higher in metaphorical,higher in metaphorical,higher in metaphorical,higher in metaphorical,higher in literal,higher in literal,higher in metaphorical,higher in metaphorical,,higher in metaphorical,higher in metaphorical,higher in metaphorical,higher in literal,higher in literal,higher in literal,,higher in metaphorical,higher in metaphorical,higher in metaphorical,,higher in literal,higher in literal,higher in metaphorical,higher in literal,higher in literal,higher in literal,,higher in literal,higher in literal,higher in literal,higher in literal,higher in literal,higher in metaphorical,higher in metaphorical,higher in metaphorical,higher in metaphorical,higher in literal,higher in literal,,,,higher in literal,higher in literal,higher in literal,,,,higher in literal,,,,,,higher in metaphorical,,higher in literal,higher in literal,higher in literal,,,higher in literal,,higher in literal,,,,,,
practice profession / follow profession,1.3218264831093645,higher in literal,higher in literal,higher in literal,,higher in literal,higher in literal,higher in literal,,higher in literal,higher in literal,higher in literal,higher in literal,higher in literal,,,higher in literal,,higher in metaphorical,higher in metaphorical,higher in metaphorical,higher in literal,higher in literal,higher in metaphorical,higher in metaphorical,higher in metaphorical,higher in metaphorical,higher in metaphorical,,,,higher in literal,higher in literal,,higher in metaphorical,higher in metaphorical,higher in metaphorical,higher in metaphorical,higher in metaphorical,higher in metaphorical,higher in metaphorical,higher in literal,higher in literal,,,,,higher in metaphorical,higher in metaphorical,higher in metaphorical,higher in metaphorical,higher in metaphorical,higher in metaphorical,,,,higher in literal,higher in literal,,higher in metaphorical,higher in metaphorical,higher in metaphorical,higher in metaphorical,higher in metaphorical,higher in metaphorical,higher in metaphorical,higher in metaphorical,higher in literal,higher in metaphorical,higher in literal,higher in metaphorical,,,,,,higher in literal,,,higher in literal,higher in metaphorical,higher in metaphorical,higher in metaphorical,,higher in metaphorical,,higher in literal,higher in metaphorical,higher in metaphorical,higher in metaphorical,higher in metaphorical,higher in literal,higher in metaphorical,higher in metaphorical,higher in metaphorical,,,higher in metaphorical,higher in metaphorical,higher in metaphorical,higher in metaphorical,higher in metaphorical,higher in metaphorical,higher in metaphorical,higher in metaphorical,higher in metaphorical,higher in metaphorical,higher in metaphorical,higher in literal,higher in metaphorical,,higher in metaphorical,,,,higher in literal,higher in metaphorical,higher in metaphorical,higher in metaphorical,higher in literal,higher in literal,higher in metaphorical,higher in literal,,,higher in metaphorical,higher in metaphorical,higher in metaphorical,,higher in metaphorical,higher in literal,higher in literal,,higher in literal,higher in literal,higher in metaphorical,,higher in metaphorical,,,,higher in metaphorical,higher in metaphorical,,,,,higher in metaphorical,,higher in literal,higher in literal,higher in literal,higher in literal,higher in metaphorical,higher in metaphorical,,higher in metaphorical,higher in literal,higher in literal,,higher in metaphorical,,higher in metaphorical,,higher in metaphorical,,,,
practice religion / follow religion,1.1998191639092286,higher in literal,higher in literal,higher in literal,higher in metaphorical,higher in literal,higher in literal,higher in literal,higher in literal,higher in literal,higher in literal,higher in literal,,higher in literal,,higher in literal,higher in literal,,,,higher in metaphorical,higher in literal,higher in literal,higher in literal,higher in literal,,higher in literal,,higher in literal,higher in literal,higher in literal,higher in literal,higher in literal,higher in literal,higher in metaphorical,higher in metaphorical,higher in metaphorical,higher in metaphorical,higher in metaphorical,higher in metaphorical,higher in metaphorical,higher in literal,higher in literal,higher in literal,higher in literal,,,,,,,,,higher in literal,higher in literal,higher in literal,higher in literal,,higher in literal,higher in metaphorical,higher in metaphorical,higher in metaphorical,higher in metaphorical,higher in metaphorical,higher in metaphorical,higher in metaphorical,higher in metaphorical,higher in literal,higher in literal,higher in literal,higher in literal,higher in metaphorical,,higher in metaphorical,higher in literal,higher in literal,,higher in literal,higher in metaphorical,higher in literal,higher in metaphorical,higher in metaphorical,higher in metaphorical,,higher in metaphorical,higher in metaphorical,higher in literal,,higher in metaphorical,higher in metaphorical,higher in metaphorical,higher in literal,higher in metaphorical,,,,,higher in metaphorical,higher in metaphorical,higher in metaphorical,higher in metaphorical,higher in metaphorical,higher in metaphorical,higher in metaphorical,,,,,higher in literal,higher in metaphorical,higher in metaphorical,higher in metaphorical,higher in literal,higher in literal,higher in literal,higher in literal,higher in metaphorical,higher in metaphorical,higher in metaphorical,higher in literal,higher in literal,higher in metaphorical,,higher in literal,,,,higher in metaphorical,,,higher in literal,higher in literal,,higher in literal,higher in metaphorical,higher in metaphorical,higher in literal,,,,,higher in metaphorical,higher in metaphorical,higher in literal,,,,higher in metaphorical,,higher in literal,higher in literal,higher in literal,higher in literal,higher in metaphorical,higher in metaphorical,higher in literal,,higher in literal,higher in literal,,higher in metaphorical,,higher in metaphorical,,,,,,
practice activity / follow activity,0.5969051176477176,,,,higher in literal,,,,,,,,,higher in literal,higher in literal,,,,,higher in metaphorical,,,,higher in metaphorical,higher in metaphorical,higher in metaphorical,higher in metaphorical,higher in metaphorical,,higher in literal,higher in literal,,higher in literal,higher in literal,,higher in literal,higher in literal,,higher in literal,higher in literal,higher in literal,,higher in literal,,,,higher in metaphorical,higher in metaphorical,higher in metaphorical,higher in metaphorical,higher in metaphorical,higher in metaphorical,higher in metaphorical,,higher in literal,higher in literal,,higher in literal,higher in literal,,higher in literal,higher in literal,,higher in literal,higher in literal,higher in literal,higher in literal,,higher in metaphorical,,higher in metaphorical,higher in metaphorical,,,higher in metaphorical,,higher in metaphorical,higher in literal,higher in literal,,higher in metaphorical,,higher in literal,,,higher in literal,,,higher in metaphorical,higher in metaphorical,higher in metaphorical,,higher in metaphorical,higher in metaphorical,higher in metaphorical,higher in metaphorical,higher in metaphorical,,higher in metaphorical,higher in metaphorical,higher in metaphorical,higher in metaphorical,higher in metaphorical,higher in metaphorical,,higher in metaphorical,higher in metaphorical,higher in metaphorical,higher in metaphorical,higher in literal,higher in literal,,,higher in literal,,,higher in literal,,higher in literal,higher in literal,higher in literal,,higher in literal,,higher in metaphorical,higher in metaphorical,higher in metaphorical,higher in metaphorical,higher in metaphorical,higher in metaphorical,higher in metaphorical,higher in metaphorical,,higher in literal,higher in metaphorical,higher in metaphorical,higher in literal,,,,,,,higher in literal,,,,,,higher in metaphorical,higher in metaphorical,higher in metaphorical,higher in metaphorical,,higher in literal,higher in metaphorical,higher in metaphorical,higher in metaphorical,,,higher in literal,,higher in literal,,,,,,
practise profession / follow profession,0.8902256809086763,,higher in literal,,,,,,,,,higher in literal,higher in literal,higher in literal,higher in literal,higher in metaphorical,higher in literal,higher in metaphorical,higher in literal,,higher in literal,,,higher in metaphorical,higher in metaphorical,higher in metaphorical,higher in metaphorical,higher in metaphorical,higher in metaphorical,higher in metaphorical,higher in metaphorical,higher in metaphorical,higher in metaphorical,higher in metaphorical,,,,,,,higher in metaphorical,,higher in literal,higher in metaphorical,higher in metaphorical,higher in metaphorical,higher in metaphorical,higher in metaphorical,higher in metaphorical,higher in metaphorical,higher in metaphorical,higher in metaphorical,,higher in metaphorical,higher in metaphorical,higher in metaphorical,higher in metaphorical,higher in metaphorical,higher in metaphorical,,,,,,,higher in metaphorical,,,higher in metaphorical,,higher in metaphorical,higher in metaphorical,higher in metaphorical,,higher in metaphorical,,higher in metaphorical,higher in metaphorical,higher in metaphorical,higher in metaphorical,higher in metaphorical,,higher in metaphorical,,,,,higher in metaphorical,,higher in metaphorical,,higher in literal,,higher in metaphorical,,,,higher in metaphorical,,higher in metaphorical,higher in metaphorical,,higher in literal,,higher in metaphorical,higher in metaphorical,,,higher in metaphorical,higher in literal,higher in literal,higher in literal,higher in metaphorical,,,higher in metaphorical,higher in metaphorical,higher in metaphorical,higher in literal,,,higher in metaphorical,higher in literal,higher in metaphorical,higher in metaphorical,,,,higher in metaphorical,higher in metaphorical,higher in metaphorical,higher in metaphorical,higher in metaphorical,higher in metaphorical,higher in metaphorical,,higher in metaphorical,higher in metaphorical,,,,,,higher in metaphorical,,,,,,higher in metaphorical,higher in metaphorical,higher in metaphorical,higher in metaphorical,higher in metaphorical,higher in literal,,higher in metaphorical,higher in metaphorical,,,higher in metaphorical,,higher in metaphorical,,,,,,
practise religion / follow religion,0.7988568197278447,higher in metaphorical,higher in metaphorical,higher in metaphorical,,higher in metaphorical,higher in metaphorical,higher in metaphorical,higher in metaphorical,,higher in metaphorical,higher in metaphorical,higher in metaphorical,,,higher in metaphorical,,higher in metaphorical,,,,higher in literal,higher in literal,,,,,,higher in literal,higher in literal,higher in literal,higher in literal,higher in literal,higher in literal,higher in literal,higher in literal,higher in literal,higher in literal,higher in literal,higher in literal,higher in literal,higher in literal,higher in literal,higher in metaphorical,higher in metaphorical,higher in metaphorical,higher in metaphorical,,,,,,,higher in literal,higher in literal,higher in literal,higher in literal,higher in literal,higher in literal,higher in literal,higher in literal,higher in literal,higher in literal,higher in literal,higher in literal,higher in literal,higher in literal,higher in literal,,higher in literal,,,higher in literal,,higher in literal,,higher in literal,higher in literal,higher in literal,,higher in literal,higher in literal,higher in literal,,,,,,,,,,higher in literal,,,,,,,,,higher in literal,,higher in literal,higher in literal,,,,,,,,higher in literal,higher in literal,higher in literal,,higher in literal,higher in literal,,higher in literal,higher in literal,higher in literal,higher in metaphorical,higher in metaphorical,higher in metaphorical,,,,higher in literal,,,,higher in literal,higher in literal,,higher in literal,higher in literal,higher in literal,,,,higher in literal,higher in literal,higher in literal,,,,higher in literal,,higher in metaphorical,higher in metaphorical,higher in metaphorical,higher in metaphorical,higher in literal,,higher in literal,,,higher in literal,higher in literal,higher in literal,,higher in literal,,,higher in literal,higher in literal,,
practise activity / follow activity,0.7753949393982928,higher in metaphorical,higher in metaphorical,higher in metaphorical,,higher in metaphorical,higher in metaphorical,higher in metaphorical,higher in metaphorical,,higher in metaphorical,higher in metaphorical,higher in metaphorical,,,higher in metaphorical,,higher in metaphorical,,,,higher in literal,higher in literal,,,,,,higher in literal,,,,,,higher in literal,higher in literal,higher in literal,higher in literal,higher in literal,higher in literal,higher in literal,higher in literal,higher in literal,higher in metaphorical,higher in metaphorical,higher in metaphorical,higher in metaphorical,,,,,,,,,,,,,higher in literal,higher in literal,higher in literal,higher in literal,higher in literal,higher in literal,higher in literal,higher in literal,higher in literal,,higher in literal,higher in literal,higher in literal,higher in literal,,higher in literal,,higher in literal,,higher in literal,,higher in literal,higher in literal,higher in literal,,,,,,,,,,higher in literal,,,,,,,,,higher in literal,,higher in literal,,,,,higher in metaphorical,,,,,,,,higher in literal,higher in literal,higher in literal,,,,higher in metaphorical,higher in metaphorical,higher in metaphorical,,,,higher in literal,,higher in metaphorical,higher in metaphorical,higher in literal,,,higher in literal,higher in literal,,,,,higher in literal,,higher in literal,,,,,,higher in metaphorical,higher in metaphorical,higher in metaphorical,higher in metaphorical,higher in literal,higher in literal,higher in literal,,higher in metaphorical,higher in literal,higher in literal,,higher in literal,,higher in literal,,higher in literal,higher in literal,,
pose question / frame question,0.8602398473455454,higher in literal,higher in literal,higher in literal,,higher in literal,higher in literal,higher in literal,higher in literal,,higher in literal,higher in literal,higher in literal,higher in metaphorical,,higher in metaphorical,,higher in metaphorical,higher in metaphorical,,higher in metaphorical,higher in metaphorical,higher in metaphorical,higher in literal,higher in literal,higher in literal,higher in literal,higher in literal,higher in metaphorical,higher in metaphorical,higher in metaphorical,higher in metaphorical,higher in metaphorical,higher in metaphorical,,,,,,,higher in metaphorical,higher in metaphorical,higher in metaphorical,higher in metaphorical,,higher in metaphorical,higher in metaphorical,higher in literal,higher in literal,higher in literal,higher in literal,higher in literal,,,,,higher in metaphorical,higher in metaphorical,higher in metaphorical,,,,,,,higher in metaphorical,higher in metaphorical,higher in metaphorical,,higher in metaphorical,,,,higher in metaphorical,,,higher in literal,,higher in metaphorical,higher in metaphorical,,,,higher in metaphorical,higher in metaphorical,,,higher in metaphorical,higher in metaphorical,higher in metaphorical,higher in metaphorical,higher in metaphorical,higher in metaphorical,higher in literal,,,,higher in metaphorical,higher in metaphorical,higher in metaphorical,higher in metaphorical,higher in metaphorical,higher in metaphorical,higher in metaphorical,higher in metaphorical,higher in literal,,,higher in metaphorical,higher in metaphorical,higher in metaphorical,higher in metaphorical,higher in metaphorical,higher in metaphorical,,higher in metaphorical,,,,higher in metaphorical,higher in metaphorical,higher in metaphorical,higher in literal,higher in metaphorical,higher in metaphorical,higher in metaphorical,higher in metaphorical,,higher in metaphorical,higher in metaphorical,higher in metaphorical,higher in metaphorical,higher in metaphorical,higher in metaphorical,,higher in metaphorical,higher in metaphorical,higher in metaphorical,,,,higher in metaphorical,higher in metaphorical,higher in metaphorical,,,,higher in metaphorical,,higher in metaphorical,higher in metaphorical,higher in metaphorical,higher in metaphorical,higher in metaphorical,,higher in metaphorical,higher in metaphorical,higher in metaphorical,higher in metaphorical,higher in metaphorical,higher in metaphorical,,higher in metaphorical,,,higher in metaphorical,higher in metaphorical,,
pose problem / frame problem,0.6538929743113391,higher in literal,,higher in literal,,higher in literal,higher in literal,higher in literal,,,higher in literal,higher in literal,higher in literal,higher in literal,higher in literal,,,higher in metaphorical,,,,,,higher in literal,higher in literal,higher in literal,higher in literal,higher in literal,,,,,,,higher in metaphorical,higher in metaphorical,higher in metaphorical,higher in metaphorical,higher in metaphorical,higher in metaphorical,higher in metaphorical,,,,higher in metaphorical,higher in metaphorical,higher in metaphorical,higher in literal,higher in literal,higher in literal,higher in literal,higher in literal,,,,,,,,,higher in metaphorical,,higher in metaphorical,higher in metaphorical,higher in metaphorical,higher in metaphorical,higher in metaphorical,higher in metaphorical,,higher in metaphorical,,,higher in metaphorical,higher in metaphorical,,,,higher in metaphorical,,,,higher in metaphorical,higher in metaphorical,higher in metaphorical,higher in metaphorical,,,,,higher in metaphorical,higher in metaphorical,,,higher in literal,,,,higher in metaphorical,higher in metaphorical,higher in metaphorical,higher in metaphorical,,,,higher in metaphorical,higher in literal,,,higher in metaphorical,higher in metaphorical,higher in metaphorical,higher in metaphorical,higher in metaphorical,higher in metaphorical,higher in metaphorical,higher in metaphorical,,,,higher in metaphorical,higher in metaphorical,higher in metaphorical,higher in literal,higher in metaphorical,higher in metaphorical,,,,higher in metaphorical,higher in metaphorical,higher in metaphorical,higher in metaphorical,higher in metaphorical,higher in metaphorical,,,higher in metaphorical,higher in metaphorical,,,,higher in metaphorical,higher in metaphorical,higher in metaphorical,,,,higher in metaphorical,,higher in metaphorical,higher in metaphorical,higher in metaphorical,higher in metaphorical,higher in metaphorical,higher in literal,higher in metaphorical,higher in metaphorical,higher in metaphorical,,,higher in metaphorical,higher in literal,higher in metaphorical,,,,,,
pose challenge / frame challenge,0.7470433826330617,higher in metaphorical,,higher in metaphorical,higher in literal,higher in metaphorical,higher in metaphorical,higher in metaphorical,higher in metaphorical,higher in metaphorical,higher in metaphorical,higher in metaphorical,higher in metaphorical,higher in literal,higher in literal,,,,higher in literal,,higher in literal,,,higher in metaphorical,higher in metaphorical,higher in metaphorical,higher in metaphorical,higher in metaphorical,higher in literal,higher in literal,higher in literal,higher in literal,higher in literal,higher in literal,higher in literal,higher in literal,higher in literal,higher in literal,higher in literal,higher in literal,,,,,,,,higher in metaphorical,higher in metaphorical,higher in metaphorical,higher in metaphorical,higher in metaphorical,,higher in literal,higher in literal,higher in literal,higher in literal,higher in literal,higher in literal,higher in literal,,,higher in literal,higher in literal,higher in literal,,,higher in literal,higher in metaphorical,higher in literal,,,higher in literal,higher in metaphorical,higher in metaphorical,higher in metaphorical,,higher in metaphorical,higher in literal,higher in literal,,,,higher in literal,higher in literal,higher in literal,higher in metaphorical,higher in literal,higher in literal,higher in literal,,,higher in literal,higher in metaphorical,,,,higher in literal,higher in literal,higher in literal,,higher in literal,higher in literal,,,higher in metaphorical,,,higher in metaphorical,,,,,,,higher in literal,higher in literal,higher in literal,,higher in literal,,higher in metaphorical,,,,higher in literal,higher in literal,,higher in metaphorical,higher in metaphorical,,higher in metaphorical,higher in literal,higher in literal,higher in metaphorical,,,,,,,,,,,,,,,higher in metaphorical,,higher in metaphorical,,,higher in metaphorical,higher in metaphorical,higher in metaphorical,,,,,,,,,,,,
pose issue / frame issue,0.5547178371662748,,,,higher in literal,,,higher in literal,higher in literal,,,,,higher in metaphorical,higher in metaphorical,higher in literal,,higher in literal,higher in metaphorical,,higher in metaphorical,,,,,,,,,,,,,,higher in literal,higher in literal,higher in literal,higher in literal,higher in literal,higher in literal,higher in literal,,,higher in literal,higher in literal,higher in literal,higher in literal,,,,,,,,,,,,,higher in literal,higher in literal,higher in literal,higher in literal,higher in literal,higher in literal,higher in literal,higher in literal,,,higher in literal,,higher in literal,higher in metaphorical,higher in metaphorical,higher in metaphorical,,higher in metaphorical,higher in literal,higher in literal,,higher in literal,higher in literal,higher in literal,,,higher in metaphorical,,,,higher in literal,,,,,higher in literal,higher in literal,,,,higher in literal,,,higher in metaphorical,,,,higher in literal,higher in literal,,,,,higher in literal,,,higher in metaphorical,higher in metaphorical,,higher in literal,,,,,,higher in literal,,,,higher in literal,higher in literal,,,,higher in metaphorical,higher in metaphorical,,,,higher in literal,,,higher in literal,higher in literal,,higher in literal,higher in literal,,higher in literal,,,,,,higher in metaphorical,,higher in literal,higher in literal,,,,higher in literal,higher in literal,higher in literal,,,,,,
pose debate / frame debate,0.6034594924516411,,,,,,,,,,higher in metaphorical,higher in metaphorical,higher in metaphorical,higher in metaphorical,,higher in literal,,higher in literal,higher in metaphorical,,higher in metaphorical,,,higher in literal,higher in literal,higher in literal,higher in literal,higher in literal,higher in literal,higher in literal,higher in literal,higher in literal,higher in literal,higher in literal,,higher in literal,higher in literal,,higher in literal,higher in literal,higher in literal,,,higher in literal,higher in literal,higher in literal,higher in literal,higher in literal,higher in literal,higher in literal,higher in literal,higher in literal,,higher in literal,higher in literal,higher in literal,higher in literal,higher in literal,higher in literal,,higher in literal,higher in literal,higher in literal,higher in literal,higher in literal,higher in literal,higher in literal,,higher in literal,,higher in literal,higher in literal,,higher in metaphorical,,higher in metaphorical,,higher in literal,higher in literal,higher in literal,higher in literal,higher in literal,higher in literal,,higher in literal,,,,,higher in literal,,,higher in metaphorical,higher in literal,higher in literal,,,,,higher in literal,,higher in metaphorical,higher in metaphorical,,higher in literal,,higher in literal,,higher in literal,higher in metaphorical,higher in metaphorical,higher in metaphorical,higher in literal,,,,higher in literal,,,,,,,higher in literal,higher in literal,higher in metaphorical,higher in metaphorical,,,,higher in literal,higher in literal,,,higher in metaphorical,higher in metaphorical,higher in literal,higher in literal,higher in literal,,,higher in literal,higher in literal,higher in literal,higher in literal,,,higher in literal,,,,,,,,,,higher in literal,,,higher in literal,higher in literal,higher in literal,,,,,,
pose concern / frame concern,1.1679899049320168,higher in metaphorical,higher in literal,higher in metaphorical,higher in literal,higher in metaphorical,higher in metaphorical,higher in metaphorical,higher in metaphorical,higher in metaphorical,higher in metaphorical,,,higher in metaphorical,,higher in literal,higher in metaphorical,higher in literal,higher in metaphorical,higher in metaphorical,higher in metaphorical,higher in metaphorical,higher in metaphorical,higher in literal,higher in literal,higher in literal,higher in literal,higher in literal,,,,,,,higher in metaphorical,higher in metaphorical,higher in metaphorical,higher in metaphorical,higher in metaphorical,higher in metaphorical,higher in metaphorical,higher in metaphorical,higher in metaphorical,higher in literal,higher in literal,higher in literal,higher in literal,higher in literal,higher in literal,higher in literal,higher in literal,higher in literal,higher in literal,,,,,,,higher in metaphorical,higher in metaphorical,higher in metaphorical,higher in metaphorical,higher in metaphorical,higher in metaphorical,higher in metaphorical,higher in metaphorical,higher in metaphorical,higher in literal,higher in metaphorical,higher in literal,higher in literal,higher in metaphorical,higher in metaphorical,higher in metaphorical,higher in metaphorical,,higher in literal,higher in literal,higher in literal,higher in literal,,,higher in literal,higher in literal,higher in literal,higher in metaphorical,higher in metaphorical,higher in metaphorical,higher in metaphorical,higher in metaphorical,higher in metaphorical,higher in metaphorical,higher in literal,,,higher in literal,higher in metaphorical,higher in metaphorical,higher in metaphorical,higher in metaphorical,higher in metaphorical,higher in metaphorical,higher in metaphorical,,higher in literal,,,higher in literal,higher in metaphorical,,higher in metaphorical,higher in literal,higher in literal,higher in literal,higher in literal,higher in metaphorical,,,,higher in literal,higher in literal,higher in literal,higher in literal,higher in literal,higher in metaphorical,higher in metaphorical,higher in metaphorical,higher in metaphorical,,higher in literal,higher in literal,,higher in literal,higher in metaphorical,higher in metaphorical,higher in metaphorical,,higher in literal,higher in literal,higher in literal,higher in metaphorical,higher in metaphorical,higher in metaphorical,higher in literal,higher in literal,higher in literal,higher in metaphorical,,higher in literal,higher in literal,higher in literal,,higher in literal,higher in literal,higher in metaphorical,higher in metaphorical,higher in literal,higher in metaphorical,higher in metaphorical,,higher in metaphorical,,higher in metaphorical,higher in metaphorical,higher in metaphorical,higher in metaphorical,,
pose argument / frame argument,0.8827965369282386,,higher in metaphorical,,higher in metaphorical,,,,higher in literal,,,,higher in metaphorical,higher in metaphorical,higher in metaphorical,higher in literal,,higher in literal,,higher in literal,higher in metaphorical,,,,higher in metaphorical,higher in metaphorical,higher in metaphorical,higher in metaphorical,higher in literal,,,higher in literal,,,higher in literal,higher in literal,higher in literal,higher in literal,higher in literal,higher in literal,higher in literal,,,higher in literal,higher in literal,higher in literal,higher in literal,,higher in metaphorical,higher in metaphorical,higher in metaphorical,higher in metaphorical,higher in literal,higher in literal,,,higher in literal,,,higher in literal,higher in literal,higher in literal,higher in literal,higher in literal,higher in literal,higher in literal,higher in literal,higher in literal,,higher in literal,,higher in literal,,higher in metaphorical,higher in metaphorical,higher in metaphorical,,higher in metaphorical,,higher in metaphorical,,higher in literal,,,,higher in metaphorical,,higher in literal,higher in literal,higher in literal,higher in literal,higher in metaphorical,higher in literal,,higher in literal,higher in literal,higher in literal,higher in literal,higher in literal,higher in literal,higher in literal,higher in literal,,higher in literal,higher in literal,,higher in literal,higher in literal,,,,,higher in metaphorical,higher in metaphorical,higher in metaphorical,higher in metaphorical,higher in metaphorical,higher in metaphorical,,,higher in metaphorical,higher in metaphorical,higher in metaphorical,higher in literal,higher in literal,higher in literal,higher in literal,higher in literal,higher in literal,higher in literal,higher in literal,higher in literal,,higher in metaphorical,higher in literal,higher in literal,higher in literal,higher in literal,higher in literal,higher in literal,higher in literal,higher in literal,higher in literal,higher in literal,higher in literal,higher in literal,higher in literal,higher in literal,,,,,,higher in metaphorical,,higher in literal,higher in literal,,,,higher in literal,,higher in literal,,,,,,
pose idea / frame idea,0.5135302005676637,higher in metaphorical,higher in literal,higher in metaphorical,higher in metaphorical,higher in metaphorical,higher in metaphorical,higher in metaphorical,higher in metaphorical,,higher in metaphorical,higher in metaphorical,,,,higher in metaphorical,,,,,,higher in metaphorical,higher in metaphorical,higher in literal,higher in literal,,higher in literal,higher in literal,higher in metaphorical,higher in metaphorical,,,higher in metaphorical,,,,,,,,,higher in metaphorical,higher in metaphorical,higher in metaphorical,higher in metaphorical,,higher in metaphorical,higher in literal,higher in literal,,higher in literal,higher in literal,,higher in metaphorical,higher in metaphorical,,,,,,,,,,,,,higher in metaphorical,,higher in metaphorical,,,,,higher in metaphorical,higher in metaphorical,higher in metaphorical,,,higher in metaphorical,higher in literal,higher in literal,higher in literal,higher in literal,higher in literal,,,higher in metaphorical,higher in metaphorical,higher in metaphorical,higher in metaphorical,,higher in metaphorical,,higher in metaphorical,higher in metaphorical,,higher in metaphorical,higher in metaphorical,higher in metaphorical,higher in metaphorical,higher in metaphorical,,higher in metaphorical,,,higher in metaphorical,higher in metaphorical,higher in literal,higher in literal,,,,,,higher in metaphorical,,,higher in metaphorical,,,,,higher in metaphorical,higher in metaphorical,,,,,,higher in literal,,,,,higher in metaphorical,,,higher in metaphorical,higher in metaphorical,,,,,higher in metaphorical,higher in metaphorical,,,,,,,,,higher in metaphorical,higher in metaphorical,,higher in literal,,,,,,,,,,,
pose hypothesis / frame hypothesis,1.1915845933245959,higher in literal,higher in literal,higher in literal,higher in literal,higher in literal,higher in literal,,,higher in literal,higher in literal,higher in literal,higher in literal,,higher in literal,higher in metaphorical,higher in metaphorical,,,higher in metaphorical,higher in literal,higher in metaphorical,higher in metaphorical,higher in metaphorical,higher in metaphorical,,,,higher in metaphorical,higher in metaphorical,higher in metaphorical,higher in metaphorical,higher in metaphorical,higher in metaphorical,higher in metaphorical,higher in metaphorical,higher in metaphorical,higher in metaphorical,higher in metaphorical,higher in metaphorical,higher in metaphorical,higher in metaphorical,higher in metaphorical,higher in metaphorical,,,,higher in metaphorical,higher in metaphorical,,,,higher in literal,higher in metaphorical,higher in metaphorical,higher in metaphorical,higher in metaphorical,higher in metaphorical,higher in metaphorical,higher in metaphorical,higher in metaphorical,higher in metaphorical,higher in metaphorical,higher in metaphorical,higher in metaphorical,higher in metaphorical,higher in metaphorical,higher in metaphorical,higher in metaphorical,higher in metaphorical,higher in metaphorical,,higher in metaphorical,higher in metaphorical,higher in metaphorical,,higher in metaphorical,higher in metaphorical,higher in metaphorical,,higher in metaphorical,higher in metaphorical,higher in metaphorical,,higher in metaphorical,,,higher in metaphorical,higher in metaphorical,higher in metaphorical,higher in metaphorical,higher in metaphorical,higher in metaphorical,,higher in literal,higher in literal,higher in literal,higher in metaphorical,higher in metaphorical,higher in metaphorical,higher in metaphorical,higher in metaphorical,higher in metaphorical,higher in metaphorical,higher in metaphorical,,higher in literal,higher in literal,higher in metaphorical,higher in literal,higher in literal,higher in literal,higher in metaphorical,higher in metaphorical,,higher in metaphorical,higher in metaphorical,higher in metaphorical,,higher in metaphorical,higher in metaphorical,higher in metaphorical,higher in literal,,,higher in metaphorical,higher in metaphorical,higher in metaphorical,higher in metaphorical,higher in metaphorical,higher in metaphorical,higher in metaphorical,higher in metaphorical,higher in metaphorical,higher in metaphorical,higher in metaphorical,higher in metaphorical,higher in metaphorical,higher in literal,higher in literal,higher in literal,higher in metaphorical,higher in metaphorical,higher in metaphorical,higher in literal,higher in literal,higher in literal,higher in metaphorical,higher in literal,higher in metaphorical,,,,higher in metaphorical,higher in metaphorical,higher in metaphorical,higher in metaphorical,higher in metaphorical,higher in metaphorical,higher in metaphorical,higher in metaphorical,higher in metaphorical,higher in metaphorical,higher in metaphorical,higher in literal,higher in metaphorical,higher in metaphorical,,
stimulate debate / fuel debate,0.625483513996385,higher in metaphorical,higher in metaphorical,higher in metaphorical,higher in literal,higher in metaphorical,higher in metaphorical,higher in metaphorical,higher in metaphorical,,higher in metaphorical,higher in metaphorical,higher in metaphorical,,,higher in literal,,,,higher in metaphorical,,,,higher in literal,higher in literal,higher in literal,higher in literal,higher in literal,higher in literal,higher in literal,,,,,higher in literal,higher in literal,higher in literal,,higher in literal,higher in literal,higher in literal,,,higher in literal,,,higher in metaphorical,higher in literal,higher in literal,higher in literal,higher in literal,higher in literal,,higher in literal,higher in literal,higher in literal,,,,higher in literal,higher in literal,higher in literal,,higher in literal,higher in literal,higher in literal,higher in literal,,higher in literal,,higher in literal,higher in literal,higher in literal,,,higher in literal,,,higher in literal,higher in literal,higher in literal,higher in literal,higher in literal,,,,,,higher in metaphorical,,higher in metaphorical,,higher in metaphorical,higher in literal,,,,,higher in metaphorical,,higher in metaphorical,higher in metaphorical,higher in metaphorical,higher in metaphorical,higher in literal,higher in literal,,,,higher in metaphorical,higher in metaphorical,higher in metaphorical,,,,higher in literal,,,higher in literal,,higher in literal,,higher in metaphorical,,higher in metaphorical,higher in metaphorical,higher in metaphorical,higher in metaphorical,,,,,higher in literal,higher in literal,,higher in metaphorical,higher in literal,higher in literal,,,,higher in literal,higher in literal,higher in literal,,,,higher in literal,,higher in metaphorical,higher in metaphorical,higher in metaphorical,higher in metaphorical,higher in literal,higher in literal,,,,,,higher in literal,,higher in literal,,,,,,
stimulate growth / fuel growth,0.9662690519214296,,higher in metaphorical,,higher in literal,,,,,,,,,,,,,,higher in metaphorical,higher in metaphorical,higher in metaphorical,,,higher in literal,higher in literal,higher in literal,higher in literal,higher in literal,higher in literal,higher in literal,higher in literal,higher in literal,higher in literal,higher in literal,,,,,,,higher in literal,,,,higher in metaphorical,,higher in metaphorical,higher in literal,higher in literal,higher in literal,higher in literal,higher in literal,higher in metaphorical,higher in literal,higher in literal,higher in literal,higher in literal,higher in literal,higher in literal,,,,,,,higher in literal,,higher in metaphorical,higher in literal,higher in metaphorical,higher in literal,higher in literal,higher in literal,higher in literal,higher in literal,higher in metaphorical,higher in literal,,higher in literal,higher in literal,higher in literal,higher in literal,higher in literal,,,,,,higher in metaphorical,,higher in metaphorical,,higher in metaphorical,higher in literal,higher in metaphorical,higher in metaphorical,higher in metaphorical,,higher in metaphorical,,higher in metaphorical,higher in metaphorical,higher in metaphorical,higher in metaphorical,higher in literal,higher in literal,higher in metaphorical,higher in metaphorical,higher in metaphorical,higher in metaphorical,higher in metaphorical,higher in metaphorical,,higher in metaphorical,higher in metaphorical,higher in literal,higher in literal,higher in literal,higher in literal,,,higher in literal,higher in metaphorical,higher in metaphorical,higher in metaphorical,higher in metaphorical,higher in metaphorical,higher in metaphorical,,higher in metaphorical,higher in metaphorical,higher in metaphorical,higher in literal,higher in literal,higher in literal,higher in metaphorical,higher in literal,higher in literal,higher in metaphorical,higher in metaphorical,higher in metaphorical,,higher in metaphorical,higher in literal,higher in metaphorical,higher in metaphorical,higher in metaphorical,,,higher in metaphorical,higher in metaphorical,higher in metaphorical,higher in metaphorical,higher in literal,,higher in metaphorical,higher in metaphorical,higher in metaphorical,,,higher in literal,higher in literal,higher in literal,,,,,,
stimulate economy / fuel economy,0.6867385898802959,,higher in literal,,higher in metaphorical,,,,,,,,,,,,higher in literal,,higher in metaphorical,,higher in metaphorical,higher in literal,higher in literal,higher in literal,higher in literal,higher in literal,higher in literal,higher in literal,higher in literal,,,,,,higher in metaphorical,higher in metaphorical,higher in metaphorical,higher in metaphorical,higher in metaphorical,higher in metaphorical,higher in literal,higher in literal,higher in literal,,,,higher in metaphorical,higher in literal,higher in literal,higher in literal,higher in literal,higher in literal,,higher in literal,,,,,,higher in metaphorical,higher in metaphorical,higher in metaphorical,higher in metaphorical,higher in metaphorical,higher in metaphorical,higher in literal,,,higher in literal,higher in metaphorical,higher in literal,,,,,higher in literal,,,higher in literal,,higher in literal,,,,,,,,,,higher in metaphorical,higher in literal,,higher in literal,,higher in literal,higher in literal,,higher in metaphorical,,higher in metaphorical,higher in metaphorical,higher in metaphorical,higher in metaphorical,,higher in literal,,higher in literal,higher in metaphorical,higher in metaphorical,higher in metaphorical,higher in metaphorical,,,,,higher in literal,higher in literal,,higher in metaphorical,higher in metaphorical,,,,,,,,higher in literal,,higher in metaphorical,higher in metaphorical,,higher in metaphorical,,higher in metaphorical,higher in literal,,higher in literal,higher in literal,higher in literal,,higher in metaphorical,higher in literal,higher in literal,higher in literal,higher in literal,higher in metaphorical,,higher in metaphorical,,higher in metaphorical,,,,higher in literal,,higher in metaphorical,higher in literal,higher in literal,,higher in literal,,,,higher in literal,higher in literal,,
stimulate interest / fuel interest,0.8724762609856694,,,higher in metaphorical,higher in literal,higher in metaphorical,,,higher in metaphorical,,higher in metaphorical,,,,higher in literal,,,,higher in metaphorical,higher in metaphorical,higher in metaphorical,,higher in literal,higher in literal,higher in literal,higher in literal,higher in literal,higher in literal,higher in literal,higher in literal,higher in literal,higher in literal,higher in literal,higher in literal,higher in literal,,higher in literal,higher in literal,,higher in literal,higher in literal,,higher in literal,,,,higher in metaphorical,higher in literal,higher in literal,higher in literal,higher in literal,higher in literal,,higher in literal,higher in literal,higher in literal,higher in literal,higher in literal,higher in literal,higher in literal,,higher in literal,higher in literal,,higher in literal,higher in literal,,,higher in literal,,higher in literal,higher in literal,higher in literal,higher in literal,higher in literal,,higher in literal,,higher in literal,higher in literal,higher in literal,,,,higher in literal,,,higher in metaphorical,higher in metaphorical,higher in metaphorical,higher in metaphorical,higher in literal,higher in metaphorical,higher in literal,,,,higher in metaphorical,higher in metaphorical,higher in metaphorical,higher in metaphorical,higher in metaphorical,higher in metaphorical,higher in metaphorical,higher in literal,higher in literal,,,,higher in metaphorical,,higher in metaphorical,,higher in metaphorical,higher in metaphorical,higher in literal,higher in literal,higher in literal,,,,higher in literal,,,higher in metaphorical,higher in metaphorical,higher in metaphorical,higher in metaphorical,,,,,higher in literal,higher in literal,higher in literal,higher in metaphorical,higher in literal,higher in literal,,,,,,higher in literal,,,,,,,,,,higher in literal,,,,,,higher in literal,higher in literal,higher in literal,higher in literal,,higher in metaphorical,,,,
stimulate discussion / fuel discussion,1.4048651260357834,higher in literal,higher in metaphorical,higher in literal,higher in metaphorical,higher in literal,higher in literal,higher in literal,higher in literal,higher in literal,higher in literal,higher in literal,higher in literal,higher in literal,higher in literal,higher in literal,,higher in literal,higher in literal,higher in literal,higher in literal,,higher in literal,higher in literal,higher in literal,higher in literal,higher in literal,higher in literal,higher in literal,higher in literal,higher in literal,higher in literal,higher in literal,higher in literal,,higher in literal,,higher in literal,higher in literal,higher in literal,higher in literal,higher in metaphorical,higher in literal,higher in literal,higher in literal,higher in literal,higher in literal,higher in literal,higher in literal,higher in literal,higher in literal,higher in literal,,higher in literal,higher in literal,higher in literal,higher in literal,higher in literal,higher in literal,higher in literal,higher in literal,higher in literal,higher in literal,higher in literal,higher in literal,higher in literal,higher in literal,,higher in literal,,higher in literal,higher in literal,higher in literal,higher in literal,higher in metaphorical,higher in metaphorical,higher in metaphorical,higher in literal,higher in literal,higher in literal,higher in literal,higher in literal,higher in literal,higher in metaphorical,higher in metaphorical,higher in metaphorical,higher in literal,higher in literal,higher in literal,higher in literal,higher in literal,higher in literal,higher in literal,,,,,higher in literal,higher in literal,higher in literal,higher in literal,higher in literal,higher in literal,higher in literal,higher in literal,,,,higher in metaphorical,,higher in metaphorical,,higher in literal,higher in literal,,,higher in literal,higher in literal,higher in literal,higher in metaphorical,higher in literal,higher in literal,higher in metaphorical,higher in literal,higher in literal,higher in literal,higher in literal,higher in literal,higher in literal,higher in literal,,higher in metaphorical,,higher in literal,higher in metaphorical,higher in literal,higher in literal,higher in literal,,,,higher in literal,higher in literal,higher in literal,higher in metaphorical,higher in metaphorical,higher in metaphorical,higher in literal,,higher in metaphorical,higher in metaphorical,higher in metaphorical,higher in metaphorical,higher in literal,higher in literal,,higher in literal,higher in metaphorical,,,higher in literal,,higher in literal,,,,,,
stimulate demand / fuel demand,0.8711862313262179,,,,higher in literal,,,,,,,,,,,,,,higher in metaphorical,higher in metaphorical,higher in metaphorical,,,higher in literal,higher in literal,higher in literal,higher in literal,higher in literal,higher in literal,higher in literal,higher in literal,higher in literal,higher in literal,higher in literal,higher in literal,higher in literal,higher in literal,higher in literal,higher in literal,higher in literal,higher in literal,,,,,,higher in metaphorical,higher in literal,higher in literal,higher in literal,higher in literal,higher in literal,,higher in literal,higher in literal,higher in literal,higher in literal,higher in literal,higher in literal,higher in literal,higher in literal,higher in literal,higher in literal,higher in literal,higher in literal,higher in literal,higher in literal,,higher in literal,,higher in literal,higher in literal,higher in literal,,higher in literal,,higher in literal,,higher in metaphorical,higher in literal,higher in literal,higher in literal,higher in literal,,,,,higher in metaphorical,higher in metaphorical,higher in metaphorical,higher in metaphorical,,higher in metaphorical,higher in literal,,,,higher in metaphorical,higher in metaphorical,higher in metaphorical,higher in metaphorical,higher in metaphorical,higher in metaphorical,higher in metaphorical,higher in literal,higher in literal,,,higher in metaphorical,,,,,higher in metaphorical,higher in metaphorical,higher in literal,higher in literal,higher in literal,,,,,,,higher in metaphorical,higher in metaphorical,higher in metaphorical,higher in metaphorical,higher in literal,,higher in metaphorical,higher in metaphorical,higher in literal,higher in literal,higher in literal,higher in metaphorical,higher in literal,higher in literal,,,,higher in literal,,higher in literal,,,,,,,,,,higher in literal,,higher in literal,,higher in metaphorical,higher in literal,higher in literal,higher in literal,higher in literal,higher in literal,,higher in metaphorical,,,,
stimulate activity / fuel activity,1.3123795810278998,,higher in metaphorical,,,,,,higher in metaphorical,,,,,higher in metaphorical,higher in metaphorical,higher in literal,,higher in literal,higher in metaphorical,,higher in metaphorical,higher in literal,higher in literal,,,higher in literal,,,higher in literal,higher in literal,higher in literal,higher in literal,higher in literal,higher in literal,higher in literal,higher in literal,higher in literal,higher in literal,higher in literal,higher in literal,higher in literal,higher in literal,higher in literal,higher in literal,higher in literal,,,higher in literal,higher in literal,higher in literal,higher in literal,higher in literal,,higher in literal,higher in literal,higher in literal,higher in literal,higher in literal,higher in literal,higher in literal,higher in literal,higher in literal,higher in literal,higher in literal,higher in literal,higher in literal,higher in literal,higher in literal,,higher in literal,higher in literal,higher in metaphorical,higher in literal,,higher in literal,higher in metaphorical,higher in literal,higher in metaphorical,higher in literal,,higher in literal,higher in literal,higher in literal,higher in metaphorical,higher in metaphorical,,,higher in literal,,higher in literal,,higher in metaphorical,,higher in literal,,,,higher in literal,higher in literal,higher in literal,higher in literal,higher in literal,,higher in literal,higher in literal,higher in literal,,,,higher in metaphorical,higher in metaphorical,higher in metaphorical,higher in metaphorical,higher in metaphorical,higher in metaphorical,higher in literal,higher in literal,higher in literal,higher in literal,higher in literal,,,higher in metaphorical,,,,higher in literal,higher in literal,higher in literal,higher in literal,,,higher in literal,,higher in literal,,higher in literal,higher in literal,,,,higher in literal,higher in literal,higher in literal,higher in literal,higher in literal,higher in literal,higher in literal,higher in metaphorical,higher in metaphorical,higher in metaphorical,higher in metaphorical,higher in metaphorical,higher in literal,,higher in literal,,,higher in literal,higher in literal,higher in literal,higher in literal,higher in literal,higher in literal,higher in literal,higher in literal,higher in literal,higher in literal,
stimulate imagination / fuel imagination,0.6007380971227041,,,,,,higher in literal,,higher in literal,,,,,,,,higher in literal,,higher in literal,higher in literal,higher in literal,higher in literal,higher in literal,,,,,,,,,,,,,,,higher in literal,,higher in literal,,higher in literal,higher in literal,,,,,,,,,,higher in literal,,,,,,,higher in literal,,,higher in literal,higher in literal,higher in literal,,,higher in literal,,higher in literal,,higher in literal,higher in literal,,higher in literal,higher in literal,higher in literal,higher in metaphorical,higher in literal,higher in literal,higher in literal,higher in metaphorical,higher in metaphorical,,,,,higher in literal,higher in literal,higher in literal,higher in literal,higher in literal,higher in literal,,higher in literal,higher in literal,higher in literal,higher in literal,higher in literal,,higher in literal,higher in literal,higher in literal,higher in literal,,,higher in literal,higher in literal,,,higher in literal,,higher in metaphorical,higher in metaphorical,higher in metaphorical,higher in literal,,,higher in literal,,higher in metaphorical,higher in metaphorical,,,,higher in literal,higher in literal,higher in literal,higher in literal,higher in literal,,,higher in metaphorical,,higher in literal,higher in literal,,,,,,,higher in literal,higher in metaphorical,,,,,,,,,,higher in literal,higher in literal,higher in literal,higher in literal,,,,,higher in literal,,,,,,,
stimulate creativity / fuel creativity,1.0096905839756978,,,,higher in metaphorical,,higher in literal,,,higher in literal,,,,higher in metaphorical,higher in metaphorical,,,,higher in literal,higher in literal,higher in metaphorical,higher in metaphorical,higher in metaphorical,higher in metaphorical,higher in metaphorical,higher in metaphorical,higher in metaphorical,higher in metaphorical,higher in literal,higher in literal,higher in literal,higher in literal,higher in literal,higher in literal,higher in metaphorical,higher in metaphorical,higher in metaphorical,,higher in metaphorical,higher in metaphorical,higher in metaphorical,higher in metaphorical,higher in metaphorical,,higher in literal,,higher in literal,higher in metaphorical,higher in metaphorical,higher in metaphorical,higher in metaphorical,higher in metaphorical,,higher in literal,higher in literal,higher in literal,higher in literal,higher in literal,higher in literal,higher in metaphorical,higher in metaphorical,higher in metaphorical,,higher in metaphorical,higher in metaphorical,higher in metaphorical,higher in metaphorical,,higher in metaphorical,,higher in metaphorical,higher in literal,higher in literal,higher in metaphorical,,,,higher in metaphorical,higher in literal,higher in literal,higher in literal,higher in metaphorical,higher in metaphorical,,,,,,higher in literal,higher in literal,higher in literal,,higher in literal,higher in metaphorical,,,,,higher in literal,,higher in literal,higher in literal,higher in literal,higher in literal,higher in metaphorical,higher in metaphorical,,,higher in literal,higher in literal,higher in literal,higher in literal,higher in metaphorical,higher in metaphorical,higher in metaphorical,higher in literal,higher in metaphorical,higher in metaphorical,higher in literal,higher in metaphorical,higher in metaphorical,,,higher in literal,higher in literal,higher in literal,higher in literal,higher in literal,,higher in literal,higher in literal,higher in literal,,,higher in literal,higher in literal,higher in metaphorical,higher in metaphorical,,,,higher in metaphorical,,higher in metaphorical,,,,,,higher in literal,higher in literal,higher in literal,higher in literal,,higher in literal,higher in metaphorical,higher in literal,higher in literal,higher in metaphorical,higher in metaphorical,higher in metaphorical,,higher in metaphorical,,,higher in metaphorical,higher in metaphorical,,
stimulate conversation / fuel conversation,0.7380542606994005,higher in metaphorical,higher in literal,higher in metaphorical,higher in metaphorical,higher in metaphorical,higher in metaphorical,higher in metaphorical,higher in metaphorical,higher in metaphorical,higher in metaphorical,higher in metaphorical,higher in metaphorical,,,higher in metaphorical,higher in metaphorical,higher in metaphorical,,higher in literal,higher in literal,higher in metaphorical,higher in metaphorical,higher in metaphorical,higher in metaphorical,higher in metaphorical,higher in metaphorical,higher in metaphorical,,,,,,,,higher in metaphorical,higher in metaphorical,higher in metaphorical,higher in metaphorical,higher in metaphorical,higher in metaphorical,higher in metaphorical,higher in metaphorical,higher in metaphorical,,higher in metaphorical,,higher in metaphorical,higher in metaphorical,higher in metaphorical,higher in metaphorical,higher in metaphorical,,,,,,,,,higher in metaphorical,higher in metaphorical,,,,higher in metaphorical,higher in metaphorical,higher in literal,higher in metaphorical,higher in literal,higher in metaphorical,,higher in literal,,higher in metaphorical,,,,higher in metaphorical,higher in metaphorical,higher in metaphorical,higher in metaphorical,higher in metaphorical,higher in literal,higher in literal,higher in literal,higher in metaphorical,,higher in literal,,higher in literal,higher in metaphorical,higher in literal,higher in metaphorical,,,,,higher in literal,,higher in literal,higher in literal,higher in literal,higher in literal,,higher in metaphorical,,,higher in literal,,,,higher in literal,higher in literal,higher in literal,,higher in metaphorical,higher in metaphorical,higher in metaphorical,,higher in literal,,higher in metaphorical,higher in metaphorical,,higher in literal,higher in literal,higher in literal,,,higher in literal,higher in literal,higher in metaphorical,,,higher in literal,higher in metaphorical,,,,,higher in metaphorical,,higher in metaphorical,,,,,,higher in literal,higher in literal,higher in literal,higher in literal,,higher in metaphorical,,,higher in literal,,,higher in metaphorical,,higher in metaphorical,,,,,,
understand meaning / grasp meaning,1.012993718364163,higher in metaphorical,higher in literal,higher in metaphorical,higher in metaphorical,higher in metaphorical,higher in metaphorical,higher in metaphorical,,,higher in metaphorical,higher in metaphorical,higher in metaphorical,higher in literal,higher in literal,,higher in literal,,higher in metaphorical,,higher in metaphorical,,higher in literal,higher in metaphorical,higher in metaphorical,higher in metaphorical,,higher in metaphorical,higher in metaphorical,higher in metaphorical,higher in metaphorical,higher in metaphorical,higher in metaphorical,higher in metaphorical,,higher in metaphorical,higher in metaphorical,,higher in metaphorical,higher in metaphorical,higher in metaphorical,,,,,,,higher in metaphorical,higher in metaphorical,higher in metaphorical,higher in metaphorical,higher in metaphorical,higher in literal,higher in metaphorical,higher in metaphorical,higher in metaphorical,higher in metaphorical,higher in metaphorical,higher in metaphorical,,higher in metaphorical,higher in metaphorical,,higher in metaphorical,higher in metaphorical,higher in metaphorical,higher in metaphorical,higher in literal,higher in metaphorical,higher in literal,higher in metaphorical,higher in metaphorical,higher in metaphorical,higher in metaphorical,higher in metaphorical,higher in metaphorical,,higher in literal,higher in metaphorical,higher in metaphorical,higher in metaphorical,higher in metaphorical,higher in metaphorical,higher in literal,higher in literal,,,higher in metaphorical,higher in metaphorical,higher in metaphorical,higher in metaphorical,higher in literal,higher in metaphorical,higher in metaphorical,higher in literal,higher in literal,higher in literal,higher in metaphorical,higher in metaphorical,higher in metaphorical,higher in metaphorical,higher in metaphorical,higher in metaphorical,higher in metaphorical,higher in metaphorical,higher in metaphorical,higher in literal,higher in literal,,higher in literal,higher in literal,higher in literal,higher in literal,higher in literal,higher in literal,higher in metaphorical,higher in metaphorical,higher in metaphorical,higher in metaphorical,,,,higher in literal,higher in literal,,,,,higher in literal,higher in literal,,higher in metaphorical,higher in metaphorical,higher in metaphorical,higher in metaphorical,higher in metaphorical,higher in metaphorical,higher in metaphorical,higher in literal,higher in literal,higher in literal,,higher in metaphorical,higher in metaphorical,higher in literal,higher in literal,higher in literal,higher in metaphorical,,higher in literal,,,,higher in metaphorical,higher in metaphorical,higher in literal,higher in literal,,,,higher in metaphorical,,higher in metaphorical,,,,,,
understand concept / grasp concept,0.8142322628571311,,higher in literal,,higher in metaphorical,higher in metaphorical,,higher in metaphorical,,,higher in metaphorical,higher in metaphorical,higher in metaphorical,,,higher in metaphorical,,higher in metaphorical,higher in literal,higher in literal,,,,higher in metaphorical,higher in metaphorical,higher in metaphorical,,higher in metaphorical,higher in metaphorical,higher in metaphorical,higher in metaphorical,higher in metaphorical,higher in metaphorical,higher in metaphorical,,higher in metaphorical,higher in metaphorical,,higher in metaphorical,higher in metaphorical,higher in metaphorical,higher in metaphorical,higher in metaphorical,higher in metaphorical,,higher in metaphorical,,higher in metaphorical,higher in metaphorical,higher in metaphorical,,higher in metaphorical,higher in literal,higher in metaphorical,higher in metaphorical,higher in metaphorical,higher in metaphorical,higher in metaphorical,higher in metaphorical,,higher in metaphorical,higher in metaphorical,,higher in metaphorical,higher in metaphorical,higher in metaphorical,higher in metaphorical,higher in literal,higher in metaphorical,higher in literal,higher in metaphorical,higher in metaphorical,higher in metaphorical,,higher in metaphorical,higher in metaphorical,,,higher in metaphorical,,higher in metaphorical,higher in metaphorical,higher in metaphorical,higher in literal,higher in literal,,,,higher in literal,higher in metaphorical,,,higher in literal,higher in metaphorical,higher in literal,higher in literal,higher in literal,,,higher in metaphorical,,higher in literal,higher in literal,,higher in metaphorical,higher in metaphorical,higher in literal,higher in literal,higher in literal,higher in literal,higher in literal,higher in literal,,higher in literal,higher in literal,higher in metaphorical,higher in metaphorical,higher in metaphorical,higher in metaphorical,,,,higher in literal,,,higher in literal,higher in literal,higher in literal,,higher in literal,higher in literal,higher in literal,higher in metaphorical,higher in metaphorical,higher in literal,,higher in metaphorical,higher in metaphorical,,,,,,higher in metaphorical,,,,,,higher in literal,higher in literal,higher in literal,higher in literal,higher in metaphorical,higher in metaphorical,higher in literal,higher in literal,higher in literal,higher in metaphorical,higher in metaphorical,higher in metaphorical,,higher in metaphorical,,,,,,
understand issue / grasp issue,0.764337984314883,higher in metaphorical,higher in literal,higher in metaphorical,higher in metaphorical,higher in metaphorical,higher in metaphorical,higher in metaphorical,,,higher in metaphorical,higher in metaphorical,higher in metaphorical,,,,higher in literal,higher in metaphorical,,higher in literal,,higher in literal,higher in literal,higher in metaphorical,higher in metaphorical,,higher in metaphorical,higher in metaphorical,higher in metaphorical,higher in metaphorical,higher in metaphorical,higher in metaphorical,higher in metaphorical,higher in metaphorical,,higher in metaphorical,higher in metaphorical,,higher in metaphorical,higher in metaphorical,higher in metaphorical,,,higher in metaphorical,,higher in metaphorical,,higher in metaphorical,higher in metaphorical,higher in metaphorical,higher in metaphorical,higher in metaphorical,higher in metaphorical,higher in metaphorical,higher in metaphorical,higher in metaphorical,higher in metaphorical,higher in metaphorical,higher in metaphorical,,higher in metaphorical,higher in metaphorical,,higher in metaphorical,higher in metaphorical,higher in metaphorical,,higher in literal,higher in metaphorical,higher in literal,higher in metaphorical,higher in metaphorical,higher in metaphorical,higher in metaphorical,higher in metaphorical,higher in metaphorical,higher in metaphorical,higher in literal,higher in metaphorical,higher in metaphorical,higher in metaphorical,higher in metaphorical,higher in metaphorical,higher in literal,higher in literal,,,higher in literal,higher in literal,,,higher in literal,higher in literal,higher in metaphorical,,,,higher in literal,higher in literal,,,higher in literal,,,higher in metaphorical,,,higher in metaphorical,,higher in literal,higher in literal,higher in literal,,higher in literal,higher in literal,higher in metaphorical,higher in metaphorical,higher in metaphorical,,,,,,,,higher in literal,higher in literal,higher in literal,,higher in literal,higher in metaphorical,higher in metaphorical,higher in metaphorical,higher in metaphorical,higher in metaphorical,higher in literal,higher in metaphorical,higher in metaphorical,,,,,,higher in metaphorical,,,,,,,,,,higher in metaphorical,higher in metaphorical,higher in literal,higher in literal,,,,higher in metaphorical,,higher in metaphorical,,,,,,
understand point / grasp point,1.1116681184153203,higher in metaphorical,higher in literal,higher in metaphorical,higher in metaphorical,higher in metaphorical,higher in metaphorical,higher in metaphorical,,,higher in metaphorical,higher in metaphorical,higher in metaphorical,,,higher in metaphorical,,higher in metaphorical,,higher in literal,,,,higher in metaphorical,higher in metaphorical,higher in metaphorical,higher in metaphorical,higher in metaphorical,higher in metaphorical,higher in metaphorical,higher in metaphorical,higher in metaphorical,higher in metaphorical,higher in metaphorical,higher in metaphorical,higher in metaphorical,higher in metaphorical,higher in metaphorical,higher in metaphorical,higher in metaphorical,higher in metaphorical,,,higher in metaphorical,,higher in metaphorical,,higher in metaphorical,higher in metaphorical,higher in metaphorical,higher in metaphorical,higher in metaphorical,,higher in metaphorical,higher in metaphorical,higher in metaphorical,higher in metaphorical,higher in metaphorical,higher in metaphorical,higher in metaphorical,higher in metaphorical,higher in metaphorical,higher in metaphorical,higher in metaphorical,higher in metaphorical,higher in metaphorical,higher in metaphorical,higher in literal,higher in metaphorical,higher in literal,higher in metaphorical,,higher in metaphorical,,higher in metaphorical,higher in metaphorical,higher in metaphorical,higher in literal,higher in metaphorical,higher in metaphorical,higher in metaphorical,higher in metaphorical,higher in metaphorical,higher in literal,higher in literal,,,,,higher in metaphorical,,,,higher in metaphorical,,,,,,higher in metaphorical,higher in metaphorical,,,,higher in metaphorical,higher in metaphorical,,,,higher in literal,higher in literal,higher in literal,higher in literal,higher in literal,higher in literal,higher in metaphorical,higher in metaphorical,higher in metaphorical,higher in metaphorical,,higher in literal,higher in literal,higher in literal,,,higher in literal,higher in literal,higher in literal,higher in literal,higher in literal,,,higher in metaphorical,higher in metaphorical,higher in metaphorical,,higher in metaphorical,higher in metaphorical,,,,higher in metaphorical,higher in metaphorical,higher in metaphorical,,,,higher in metaphorical,,higher in literal,higher in literal,higher in literal,higher in literal,higher in metaphorical,higher in metaphorical,higher in literal,higher in literal,higher in literal,,,higher in metaphorical,,higher in metaphorical,,,,,,
understand problem / grasp problem,0.9441318473692691,higher in metaphorical,higher in literal,higher in metaphorical,higher in metaphorical,higher in metaphorical,higher in metaphorical,higher in metaphorical,higher in metaphorical,,higher in metaphorical,higher in metaphorical,higher in metaphorical,higher in metaphorical,higher in metaphorical,,,,higher in metaphorical,higher in literal,higher in metaphorical,,,higher in metaphorical,higher in metaphorical,higher in metaphorical,higher in metaphorical,higher in metaphorical,higher in metaphorical,higher in metaphorical,higher in metaphorical,higher in metaphorical,higher in metaphorical,higher in metaphorical,higher in metaphorical,higher in metaphorical,higher in metaphorical,,higher in metaphorical,higher in metaphorical,higher in metaphorical,,,,,,,higher in metaphorical,higher in metaphorical,higher in metaphorical,higher in metaphorical,higher in metaphorical,higher in literal,higher in metaphorical,higher in metaphorical,higher in metaphorical,higher in metaphorical,higher in metaphorical,higher in metaphorical,,higher in metaphorical,higher in metaphorical,,higher in metaphorical,higher in metaphorical,higher in metaphorical,higher in metaphorical,higher in literal,higher in metaphorical,higher in literal,higher in metaphorical,,,,,higher in metaphorical,,,higher in literal,higher in literal,higher in metaphorical,higher in metaphorical,higher in metaphorical,higher in literal,higher in literal,higher in literal,higher in metaphorical,,,,,,,higher in metaphorical,higher in literal,higher in literal,higher in literal,,,,,,,,higher in metaphorical,higher in metaphorical,higher in literal,higher in literal,higher in literal,higher in literal,,higher in literal,,,higher in literal,higher in metaphorical,higher in metaphorical,higher in metaphorical,,higher in literal,higher in literal,,higher in literal,,,higher in literal,higher in literal,higher in literal,higher in literal,higher in literal,higher in literal,higher in literal,,,higher in metaphorical,,higher in metaphorical,higher in metaphorical,higher in literal,higher in literal,higher in literal,higher in metaphorical,,higher in metaphorical,higher in literal,higher in literal,higher in literal,higher in metaphorical,,higher in literal,higher in literal,higher in literal,higher in literal,higher in metaphorical,higher in metaphorical,higher in literal,higher in literal,higher in literal,,,higher in metaphorical,,higher in metaphorical,,,,,,
understand situation / grasp situation,0.974078984143828,higher in metaphorical,higher in literal,higher in metaphorical,higher in metaphorical,higher in metaphorical,higher in metaphorical,higher in metaphorical,higher in metaphorical,,higher in metaphorical,higher in metaphorical,higher in metaphorical,higher in metaphorical,higher in metaphorical,,higher in literal,,higher in metaphorical,higher in literal,higher in metaphorical,higher in metaphorical,higher in metaphorical,higher in metaphorical,higher in metaphorical,higher in metaphorical,higher in metaphorical,higher in metaphorical,higher in metaphorical,higher in metaphorical,higher in metaphorical,higher in metaphorical,higher in metaphorical,higher in metaphorical,,higher in metaphorical,higher in metaphorical,,higher in metaphorical,higher in metaphorical,higher in metaphorical,higher in metaphorical,higher in metaphorical,,higher in literal,,higher in literal,higher in metaphorical,higher in metaphorical,higher in metaphorical,higher in metaphorical,higher in metaphorical,higher in literal,higher in metaphorical,higher in metaphorical,higher in metaphorical,higher in metaphorical,higher in metaphorical,higher in metaphorical,,higher in metaphorical,higher in metaphorical,,higher in metaphorical,higher in metaphorical,higher in metaphorical,higher in metaphorical,higher in literal,higher in metaphorical,higher in literal,higher in metaphorical,higher in literal,higher in metaphorical,higher in metaphorical,higher in literal,,higher in literal,,,,higher in metaphorical,higher in metaphorical,higher in metaphorical,higher in literal,higher in literal,higher in literal,,,,,,,,higher in metaphorical,higher in literal,higher in literal,higher in literal,,,,,,higher in metaphorical,,higher in metaphorical,higher in metaphorical,higher in literal,higher in literal,higher in literal,,,,,,higher in literal,higher in metaphorical,higher in metaphorical,higher in metaphorical,higher in metaphorical,higher in metaphorical,higher in metaphorical,higher in metaphorical,higher in literal,higher in literal,higher in literal,higher in literal,higher in literal,higher in literal,,higher in literal,higher in literal,,higher in metaphorical,higher in metaphorical,higher in metaphorical,,higher in metaphorical,higher in metaphorical,higher in literal,higher in literal,higher in literal,,,higher in metaphorical,higher in literal,higher in literal,higher in literal,,,higher in literal,higher in literal,higher in literal,higher in literal,higher in metaphorical,higher in metaphorical,higher in literal,higher in literal,higher in literal,higher in metaphorical,higher in metaphorical,higher in metaphorical,,higher in metaphorical,,,higher in metaphorical,higher in metaphorical,,
understand reason / grasp reason,1.3906668223961378,higher in metaphorical,higher in literal,higher in metaphorical,higher in metaphorical,higher in metaphorical,higher in metaphorical,higher in metaphorical,higher in metaphorical,higher in metaphorical,higher in metaphorical,higher in metaphorical,higher in metaphorical,higher in metaphorical,higher in metaphorical,higher in metaphorical,higher in metaphorical,higher in metaphorical,higher in metaphorical,,higher in metaphorical,,,higher in metaphorical,higher in metaphorical,higher in metaphorical,higher in metaphorical,higher in metaphorical,higher in metaphorical,higher in metaphorical,higher in metaphorical,higher in metaphorical,higher in metaphorical,higher in metaphorical,higher in metaphorical,higher in metaphorical,higher in metaphorical,higher in metaphorical,higher in metaphorical,higher in metaphorical,,,,higher in metaphorical,higher in metaphorical,higher in metaphorical,higher in metaphorical,higher in metaphorical,higher in metaphorical,higher in metaphorical,higher in metaphorical,higher in metaphorical,higher in metaphorical,higher in metaphorical,higher in metaphorical,higher in metaphorical,higher in metaphorical,higher in metaphorical,higher in metaphorical,higher in metaphorical,higher in metaphorical,higher in metaphorical,higher in metaphorical,higher in metaphorical,higher in metaphorical,,higher in metaphorical,higher in literal,higher in metaphorical,higher in literal,higher in metaphorical,higher in metaphorical,higher in metaphorical,higher in literal,higher in metaphorical,,higher in metaphorical,higher in literal,higher in metaphorical,higher in metaphorical,higher in metaphorical,higher in metaphorical,higher in metaphorical,higher in literal,higher in literal,higher in literal,higher in metaphorical,,higher in metaphorical,higher in metaphorical,higher in metaphorical,higher in metaphorical,higher in metaphorical,,higher in metaphorical,higher in metaphorical,higher in metaphorical,,higher in metaphorical,higher in metaphorical,higher in metaphorical,higher in metaphorical,higher in metaphorical,higher in metaphorical,,,higher in metaphorical,higher in metaphorical,higher in literal,,,,higher in literal,higher in literal,higher in literal,higher in metaphorical,higher in metaphorical,higher in metaphorical,,higher in metaphorical,higher in literal,higher in literal,higher in metaphorical,higher in metaphorical,higher in metaphorical,higher in literal,higher in literal,,higher in literal,higher in literal,higher in literal,higher in literal,higher in metaphorical,higher in metaphorical,higher in metaphorical,higher in metaphorical,,,,,,higher in metaphorical,higher in metaphorical,,,,,higher in metaphorical,,,,,,higher in metaphorical,,higher in literal,higher in literal,higher in literal,,,higher in metaphorical,,higher in metaphorical,,higher in metaphorical,,,,
understand language / grasp language,1.2684077008839183,higher in metaphorical,higher in literal,higher in metaphorical,higher in metaphorical,higher in metaphorical,higher in metaphorical,higher in metaphorical,,,higher in metaphorical,higher in metaphorical,,higher in literal,,,higher in literal,higher in metaphorical,higher in metaphorical,higher in metaphorical,higher in metaphorical,higher in literal,higher in literal,higher in metaphorical,higher in metaphorical,higher in metaphorical,higher in metaphorical,higher in metaphorical,higher in metaphorical,higher in metaphorical,higher in metaphorical,higher in metaphorical,higher in metaphorical,higher in metaphorical,higher in metaphorical,higher in metaphorical,higher in metaphorical,higher in metaphorical,higher in metaphorical,higher in metaphorical,higher in metaphorical,higher in literal,,higher in metaphorical,higher in metaphorical,higher in metaphorical,higher in metaphorical,higher in metaphorical,higher in metaphorical,higher in metaphorical,higher in metaphorical,higher in metaphorical,higher in metaphorical,higher in metaphorical,higher in metaphorical,higher in metaphorical,higher in metaphorical,higher in metaphorical,higher in metaphorical,higher in metaphorical,higher in metaphorical,higher in metaphorical,higher in metaphorical,higher in metaphorical,higher in metaphorical,higher in metaphorical,higher in metaphorical,,higher in metaphorical,,higher in metaphorical,higher in metaphorical,higher in metaphorical,higher in literal,,,,higher in literal,,higher in literal,higher in metaphorical,higher in metaphorical,higher in metaphorical,higher in literal,higher in literal,higher in literal,higher in metaphorical,higher in metaphorical,higher in metaphorical,higher in metaphorical,higher in metaphorical,higher in literal,higher in metaphorical,higher in metaphorical,higher in metaphorical,higher in metaphorical,higher in metaphorical,higher in metaphorical,higher in metaphorical,higher in metaphorical,higher in metaphorical,higher in metaphorical,higher in metaphorical,higher in metaphorical,higher in metaphorical,higher in metaphorical,higher in metaphorical,higher in metaphorical,,higher in literal,higher in literal,higher in literal,higher in literal,higher in literal,higher in literal,,higher in metaphorical,higher in metaphorical,higher in metaphorical,higher in literal,higher in literal,higher in literal,,higher in metaphorical,higher in metaphorical,,higher in metaphorical,higher in metaphorical,,,higher in metaphorical,higher in metaphorical,,,higher in metaphorical,higher in metaphorical,higher in metaphorical,higher in metaphorical,higher in metaphorical,higher in metaphorical,higher in metaphorical,,higher in metaphorical,higher in metaphorical,higher in metaphorical,higher in metaphorical,higher in metaphorical,higher in metaphorical,,,,,,,higher in metaphorical,higher in literal,,higher in metaphorical,,,higher in metaphorical,,higher in metaphorical,,higher in metaphorical,,,,
understand idea / grasp idea,1.018372249317002,higher in literal,higher in literal,,,,higher in literal,,higher in literal,,,higher in literal,higher in literal,,,higher in metaphorical,,higher in metaphorical,higher in metaphorical,,,,,higher in metaphorical,higher in metaphorical,higher in metaphorical,higher in metaphorical,higher in metaphorical,higher in metaphorical,higher in metaphorical,higher in metaphorical,higher in metaphorical,higher in metaphorical,higher in metaphorical,higher in metaphorical,higher in metaphorical,higher in metaphorical,higher in metaphorical,higher in metaphorical,higher in metaphorical,higher in metaphorical,,,higher in metaphorical,higher in metaphorical,higher in metaphorical,higher in metaphorical,higher in metaphorical,higher in metaphorical,higher in metaphorical,higher in metaphorical,higher in metaphorical,,higher in metaphorical,higher in metaphorical,higher in metaphorical,higher in metaphorical,higher in metaphorical,higher in metaphorical,higher in metaphorical,higher in metaphorical,higher in metaphorical,higher in metaphorical,higher in metaphorical,higher in metaphorical,higher in metaphorical,higher in metaphorical,higher in literal,higher in metaphorical,higher in literal,higher in metaphorical,,higher in metaphorical,higher in metaphorical,higher in metaphorical,,higher in metaphorical,higher in literal,higher in metaphorical,higher in metaphorical,higher in metaphorical,higher in metaphorical,higher in metaphorical,,,,,higher in metaphorical,higher in metaphorical,higher in metaphorical,higher in metaphorical,,higher in metaphorical,higher in metaphorical,higher in metaphorical,higher in metaphorical,,higher in metaphorical,higher in metaphorical,higher in metaphorical,higher in metaphorical,higher in metaphorical,higher in metaphorical,higher in metaphorical,higher in metaphorical,higher in metaphorical,,,,higher in literal,higher in literal,higher in literal,higher in literal,higher in literal,higher in literal,higher in metaphorical,higher in metaphorical,higher in metaphorical,higher in metaphorical,,higher in literal,higher in literal,higher in literal,higher in metaphorical,higher in metaphorical,,higher in metaphorical,,,,higher in metaphorical,,higher in metaphorical,higher in metaphorical,higher in metaphorical,higher in metaphorical,higher in metaphorical,higher in metaphorical,higher in metaphorical,higher in metaphorical,,higher in metaphorical,higher in metaphorical,higher in metaphorical,,,,higher in metaphorical,,,,,,higher in metaphorical,higher in metaphorical,,,,,,higher in metaphorical,,higher in metaphorical,,,,,,
understand risk / grasp risk,1.2145440860887948,higher in metaphorical,higher in metaphorical,higher in metaphorical,higher in metaphorical,higher in metaphorical,higher in metaphorical,higher in metaphorical,higher in metaphorical,higher in metaphorical,higher in metaphorical,higher in metaphorical,higher in metaphorical,higher in metaphorical,higher in metaphorical,,higher in metaphorical,,higher in metaphorical,higher in metaphorical,higher in metaphorical,,higher in metaphorical,higher in metaphorical,higher in metaphorical,,higher in metaphorical,higher in metaphorical,higher in metaphorical,higher in metaphorical,higher in metaphorical,higher in metaphorical,higher in metaphorical,higher in metaphorical,higher in metaphorical,,higher in metaphorical,higher in metaphorical,higher in metaphorical,higher in metaphorical,higher in literal,,higher in metaphorical,,higher in metaphorical,,higher in metaphorical,higher in metaphorical,higher in metaphorical,,higher in metaphorical,higher in metaphorical,,higher in metaphorical,higher in metaphorical,higher in metaphorical,higher in metaphorical,higher in metaphorical,higher in metaphorical,,,higher in metaphorical,higher in metaphorical,higher in metaphorical,higher in metaphorical,higher in literal,higher in literal,higher in literal,higher in metaphorical,higher in literal,higher in metaphorical,,higher in literal,higher in metaphorical,,higher in literal,higher in metaphorical,,higher in literal,higher in literal,higher in literal,higher in metaphorical,,higher in literal,higher in literal,higher in literal,higher in metaphorical,,higher in metaphorical,,higher in metaphorical,higher in metaphorical,higher in metaphorical,,,,,,higher in metaphorical,,higher in metaphorical,higher in metaphorical,higher in metaphorical,higher in metaphorical,higher in literal,,,,higher in literal,higher in metaphorical,higher in metaphorical,higher in metaphorical,,,,higher in literal,higher in literal,higher in literal,,higher in metaphorical,higher in metaphorical,higher in metaphorical,higher in metaphorical,higher in metaphorical,higher in metaphorical,higher in metaphorical,higher in metaphorical,,higher in literal,higher in literal,,,higher in literal,,higher in literal,higher in metaphorical,higher in literal,higher in literal,,,higher in metaphorical,higher in literal,higher in literal,higher in literal,,,higher in metaphorical,higher in literal,,,,,,,higher in literal,higher in literal,higher in literal,higher in literal,higher in literal,higher in literal,higher in literal,,higher in literal,,,,,,
understand question / grasp question,0.7775108845783886,higher in metaphorical,higher in literal,higher in metaphorical,,higher in metaphorical,higher in metaphorical,higher in metaphorical,higher in metaphorical,higher in metaphorical,higher in metaphorical,higher in metaphorical,higher in metaphorical,higher in metaphorical,higher in metaphorical,higher in literal,higher in metaphorical,,higher in literal,,higher in literal,higher in metaphorical,higher in metaphorical,,,,,,higher in metaphorical,higher in metaphorical,higher in metaphorical,higher in metaphorical,higher in metaphorical,higher in metaphorical,higher in literal,,,higher in literal,higher in literal,,,higher in metaphorical,higher in metaphorical,higher in literal,higher in literal,,,,,,,,higher in literal,higher in metaphorical,higher in metaphorical,higher in metaphorical,higher in metaphorical,higher in metaphorical,higher in metaphorical,higher in literal,,higher in literal,higher in literal,higher in literal,higher in literal,higher in literal,,,,,,higher in metaphorical,,higher in metaphorical,higher in metaphorical,,higher in metaphorical,higher in metaphorical,,higher in literal,higher in metaphorical,higher in metaphorical,higher in metaphorical,higher in literal,higher in literal,higher in literal,higher in metaphorical,higher in literal,,higher in literal,,higher in metaphorical,,,higher in literal,higher in literal,higher in literal,higher in literal,higher in literal,higher in literal,,higher in literal,higher in literal,,,,higher in literal,higher in literal,higher in literal,higher in metaphorical,higher in metaphorical,higher in metaphorical,higher in metaphorical,,,,higher in metaphorical,,,higher in literal,,higher in metaphorical,,,,higher in literal,higher in literal,higher in literal,,,higher in literal,,higher in metaphorical,,higher in metaphorical,,,,higher in literal,higher in literal,higher in literal,,higher in metaphorical,,higher in literal,higher in literal,higher in literal,,,higher in literal,higher in literal,higher in literal,higher in literal,higher in literal,higher in metaphorical,,higher in metaphorical,higher in literal,,,,,,,higher in literal,,,,
manage job / juggle job,0.7143953039217683,higher in metaphorical,,higher in metaphorical,higher in metaphorical,higher in metaphorical,higher in metaphorical,higher in metaphorical,higher in metaphorical,,higher in metaphorical,higher in metaphorical,higher in metaphorical,,,,,higher in metaphorical,,higher in literal,,,,higher in literal,,,higher in literal,,higher in literal,higher in literal,higher in literal,,,,higher in literal,higher in literal,higher in literal,higher in literal,higher in literal,higher in literal,,,,,higher in metaphorical,higher in metaphorical,higher in metaphorical,higher in literal,,,higher in literal,,higher in metaphorical,higher in literal,higher in literal,higher in literal,,,,higher in literal,higher in literal,higher in literal,higher in literal,higher in literal,higher in literal,,higher in metaphorical,higher in metaphorical,,higher in metaphorical,,higher in metaphorical,higher in literal,,higher in literal,higher in literal,higher in literal,higher in metaphorical,higher in metaphorical,,,,,higher in literal,higher in literal,higher in literal,,,,,higher in metaphorical,,,,higher in metaphorical,higher in metaphorical,higher in metaphorical,,,,higher in metaphorical,,,higher in metaphorical,higher in metaphorical,,higher in metaphorical,higher in metaphorical,higher in metaphorical,higher in metaphorical,higher in metaphorical,higher in metaphorical,,,,higher in literal,,,higher in metaphorical,higher in literal,higher in metaphorical,higher in metaphorical,higher in metaphorical,higher in metaphorical,higher in metaphorical,higher in literal,higher in literal,higher in literal,higher in metaphorical,higher in metaphorical,higher in metaphorical,higher in metaphorical,,higher in literal,higher in literal,,,higher in metaphorical,higher in metaphorical,higher in metaphorical,higher in metaphorical,higher in metaphorical,higher in metaphorical,,higher in metaphorical,higher in metaphorical,higher in metaphorical,higher in metaphorical,,,,,,higher in metaphorical,higher in metaphorical,higher in metaphorical,higher in metaphorical,higher in metaphorical,,,,,,,,,,,
manage project / juggle project,1.935264018915746,higher in metaphorical,higher in metaphorical,higher in metaphorical,higher in metaphorical,higher in metaphorical,higher in metaphorical,higher in metaphorical,higher in metaphorical,higher in metaphorical,higher in metaphorical,higher in metaphorical,higher in metaphorical,,,higher in literal,higher in metaphorical,higher in literal,higher in literal,higher in literal,higher in literal,higher in metaphorical,higher in metaphorical,higher in literal,higher in literal,higher in literal,higher in literal,higher in literal,higher in literal,higher in literal,higher in literal,higher in literal,higher in literal,higher in literal,higher in literal,higher in literal,higher in literal,higher in literal,higher in literal,higher in literal,higher in literal,higher in metaphorical,higher in metaphorical,higher in literal,,higher in literal,,higher in literal,higher in literal,higher in literal,higher in literal,higher in literal,higher in metaphorical,higher in literal,higher in literal,higher in literal,higher in literal,higher in literal,higher in literal,higher in literal,higher in literal,higher in literal,higher in literal,higher in literal,higher in literal,higher in literal,higher in literal,higher in metaphorical,higher in literal,higher in metaphorical,higher in literal,,higher in literal,,higher in literal,higher in literal,higher in literal,higher in metaphorical,higher in literal,,higher in literal,higher in literal,higher in literal,higher in literal,higher in literal,higher in literal,higher in metaphorical,higher in literal,higher in literal,higher in literal,higher in literal,higher in metaphorical,higher in literal,higher in literal,higher in metaphorical,higher in metaphorical,higher in metaphorical,higher in literal,higher in literal,higher in literal,higher in literal,higher in literal,higher in literal,higher in literal,higher in literal,higher in literal,higher in metaphorical,higher in metaphorical,higher in metaphorical,higher in metaphorical,higher in metaphorical,higher in metaphorical,higher in metaphorical,higher in metaphorical,higher in metaphorical,higher in literal,higher in literal,higher in literal,higher in metaphorical,higher in literal,higher in metaphorical,higher in metaphorical,higher in metaphorical,,higher in metaphorical,higher in literal,higher in literal,higher in literal,,higher in metaphorical,,,,higher in literal,higher in literal,higher in literal,higher in literal,higher in literal,higher in metaphorical,higher in metaphorical,higher in metaphorical,higher in literal,higher in literal,higher in literal,higher in metaphorical,higher in metaphorical,higher in metaphorical,higher in literal,,higher in metaphorical,,higher in metaphorical,,higher in literal,higher in literal,higher in metaphorical,higher in metaphorical,higher in metaphorical,,,higher in literal,,higher in literal,,higher in literal,,,,
manage work / juggle work,0.9400066143273446,higher in metaphorical,higher in metaphorical,higher in metaphorical,higher in metaphorical,higher in metaphorical,higher in metaphorical,higher in metaphorical,higher in metaphorical,,higher in metaphorical,higher in metaphorical,higher in metaphorical,higher in literal,higher in literal,,higher in literal,,,,,,higher in literal,higher in literal,higher in literal,higher in literal,higher in literal,higher in literal,higher in literal,higher in literal,higher in literal,higher in literal,higher in literal,higher in literal,higher in literal,higher in literal,higher in literal,higher in literal,higher in literal,higher in literal,higher in literal,,higher in literal,,higher in metaphorical,,higher in metaphorical,higher in literal,higher in literal,higher in literal,higher in literal,higher in literal,,higher in literal,higher in literal,higher in literal,higher in literal,higher in literal,higher in literal,higher in literal,higher in literal,higher in literal,higher in literal,higher in literal,higher in literal,higher in literal,higher in metaphorical,higher in metaphorical,higher in literal,higher in metaphorical,higher in literal,,higher in literal,higher in metaphorical,higher in literal,higher in literal,higher in literal,higher in metaphorical,,higher in literal,,,higher in literal,,higher in literal,higher in literal,,higher in literal,higher in metaphorical,,higher in metaphorical,higher in literal,,higher in literal,,,,,higher in metaphorical,,higher in metaphorical,,,,,higher in literal,,,higher in metaphorical,higher in metaphorical,higher in metaphorical,higher in metaphorical,higher in metaphorical,higher in metaphorical,higher in metaphorical,higher in literal,,,higher in metaphorical,,higher in metaphorical,higher in metaphorical,higher in metaphorical,higher in metaphorical,higher in metaphorical,,,,higher in metaphorical,higher in metaphorical,higher in metaphorical,higher in metaphorical,,,higher in literal,,higher in literal,,,,,,higher in metaphorical,higher in literal,,,,higher in metaphorical,,higher in metaphorical,,higher in metaphorical,,,,higher in metaphorical,higher in metaphorical,higher in metaphorical,,,higher in literal,,,,,,,,
manage life / juggle life,1.14388302088957,higher in metaphorical,higher in metaphorical,higher in metaphorical,,higher in metaphorical,higher in metaphorical,higher in metaphorical,higher in metaphorical,,higher in metaphorical,higher in metaphorical,higher in metaphorical,,,,,,,,,higher in literal,higher in literal,higher in literal,higher in literal,higher in literal,higher in literal,higher in literal,higher in literal,higher in literal,higher in literal,higher in literal,higher in literal,higher in literal,higher in literal,higher in literal,higher in literal,higher in literal,higher in literal,higher in literal,higher in literal,higher in literal,higher in literal,,higher in metaphorical,,higher in metaphorical,higher in literal,higher in literal,higher in literal,higher in literal,higher in literal,higher in metaphorical,higher in literal,higher in literal,higher in literal,higher in literal,higher in literal,higher in literal,higher in literal,higher in literal,higher in literal,higher in literal,higher in literal,higher in literal,higher in literal,,higher in metaphorical,higher in literal,higher in metaphorical,higher in literal,,higher in literal,,higher in literal,higher in literal,higher in literal,higher in metaphorical,higher in literal,higher in literal,higher in literal,,higher in literal,higher in literal,higher in literal,higher in literal,higher in metaphorical,higher in literal,,higher in literal,higher in metaphorical,,,higher in literal,higher in metaphorical,higher in metaphorical,higher in metaphorical,higher in literal,,,higher in metaphorical,,,,,higher in literal,higher in metaphorical,higher in metaphorical,higher in metaphorical,higher in metaphorical,higher in metaphorical,higher in metaphorical,higher in metaphorical,higher in metaphorical,higher in metaphorical,higher in literal,higher in literal,higher in literal,higher in metaphorical,higher in literal,higher in metaphorical,higher in metaphorical,higher in metaphorical,higher in metaphorical,higher in metaphorical,,,,higher in metaphorical,higher in metaphorical,higher in metaphorical,higher in metaphorical,higher in literal,higher in literal,higher in literal,,higher in literal,,,,,,higher in metaphorical,higher in literal,,,,higher in metaphorical,,higher in metaphorical,higher in metaphorical,higher in metaphorical,higher in metaphorical,higher in literal,,higher in metaphorical,higher in metaphorical,higher in metaphorical,higher in literal,higher in literal,higher in literal,,higher in literal,,,higher in literal,higher in literal,,
manage career / juggle career,1.2713671008102843,higher in metaphorical,higher in metaphorical,higher in metaphorical,higher in metaphorical,higher in metaphorical,higher in metaphorical,higher in metaphorical,higher in metaphorical,higher in metaphorical,higher in metaphorical,higher in metaphorical,higher in metaphorical,,,higher in literal,,,higher in literal,higher in literal,higher in literal,,,higher in literal,higher in literal,higher in literal,higher in literal,higher in literal,higher in literal,higher in literal,higher in literal,higher in literal,higher in literal,higher in literal,higher in literal,higher in literal,higher in literal,higher in literal,higher in literal,higher in literal,higher in literal,,higher in literal,higher in literal,,,,higher in literal,higher in literal,higher in literal,higher in literal,higher in literal,higher in metaphorical,higher in literal,higher in literal,higher in literal,higher in literal,higher in literal,higher in literal,higher in literal,higher in literal,higher in literal,higher in literal,higher in literal,higher in literal,higher in literal,,higher in metaphorical,higher in literal,higher in metaphorical,higher in literal,higher in literal,higher in literal,higher in metaphorical,higher in literal,higher in literal,higher in literal,higher in metaphorical,higher in literal,,higher in literal,,higher in literal,higher in literal,higher in literal,higher in literal,higher in metaphorical,higher in literal,higher in literal,higher in literal,higher in literal,,higher in literal,higher in literal,higher in metaphorical,higher in metaphorical,higher in metaphorical,higher in literal,higher in literal,higher in literal,higher in literal,higher in literal,higher in literal,higher in literal,,higher in literal,higher in metaphorical,higher in metaphorical,higher in metaphorical,higher in metaphorical,higher in metaphorical,higher in metaphorical,higher in metaphorical,higher in metaphorical,higher in metaphorical,higher in literal,higher in literal,higher in literal,higher in metaphorical,higher in literal,higher in metaphorical,higher in metaphorical,higher in metaphorical,,,higher in literal,higher in literal,higher in literal,higher in metaphorical,higher in metaphorical,higher in metaphorical,higher in metaphorical,higher in literal,higher in literal,higher in literal,higher in literal,higher in literal,,,,,,,higher in literal,,,,,,higher in metaphorical,,higher in metaphorical,,,,higher in metaphorical,higher in metaphorical,higher in metaphorical,,,higher in literal,,higher in literal,,,,,,
manage school / juggle school,1.3393314524232411,higher in metaphorical,higher in metaphorical,higher in metaphorical,higher in literal,higher in metaphorical,higher in metaphorical,higher in metaphorical,higher in metaphorical,higher in metaphorical,higher in metaphorical,higher in metaphorical,higher in metaphorical,higher in metaphorical,higher in metaphorical,,,higher in metaphorical,higher in metaphorical,higher in metaphorical,,,,higher in literal,higher in literal,higher in literal,higher in literal,higher in literal,higher in literal,higher in literal,higher in literal,higher in literal,higher in literal,higher in literal,higher in literal,higher in literal,higher in literal,higher in literal,higher in literal,higher in literal,,,,,higher in metaphorical,higher in metaphorical,higher in metaphorical,higher in literal,higher in literal,higher in literal,higher in literal,higher in literal,higher in metaphorical,higher in literal,higher in literal,higher in literal,higher in literal,higher in literal,higher in literal,higher in literal,higher in literal,higher in literal,higher in literal,higher in literal,higher in literal,,higher in metaphorical,higher in metaphorical,higher in literal,higher in metaphorical,higher in literal,higher in literal,higher in literal,higher in literal,higher in literal,higher in literal,higher in literal,higher in metaphorical,higher in metaphorical,,higher in literal,,higher in literal,higher in literal,higher in literal,higher in literal,higher in metaphorical,,,,higher in metaphorical,,,higher in literal,higher in metaphorical,higher in metaphorical,higher in metaphorical,,,,,,higher in metaphorical,higher in literal,higher in metaphorical,higher in literal,higher in metaphorical,higher in metaphorical,higher in metaphorical,higher in metaphorical,higher in metaphorical,higher in metaphorical,higher in metaphorical,higher in metaphorical,higher in metaphorical,higher in literal,higher in literal,higher in literal,higher in metaphorical,,higher in metaphorical,higher in metaphorical,higher in metaphorical,higher in metaphorical,higher in metaphorical,,,,higher in metaphorical,higher in metaphorical,higher in metaphorical,higher in metaphorical,,,higher in literal,,,higher in metaphorical,,,,higher in metaphorical,higher in metaphorical,,,,,higher in metaphorical,,higher in metaphorical,higher in metaphorical,higher in metaphorical,higher in metaphorical,higher in literal,,higher in metaphorical,higher in metaphorical,higher in metaphorical,,,higher in metaphorical,,higher in metaphorical,,,,,,
cancel proposal / kill proposal,0.9684992356720029,higher in metaphorical,higher in metaphorical,higher in metaphorical,,higher in metaphorical,higher in metaphorical,higher in metaphorical,higher in metaphorical,higher in metaphorical,higher in metaphorical,higher in metaphorical,higher in metaphorical,higher in literal,higher in literal,higher in literal,,higher in literal,higher in metaphorical,,higher in literal,,,higher in literal,higher in literal,higher in literal,higher in literal,higher in literal,higher in literal,higher in literal,higher in literal,higher in literal,higher in literal,higher in literal,higher in literal,higher in literal,higher in literal,higher in literal,higher in literal,higher in literal,higher in literal,,higher in literal,higher in literal,higher in literal,higher in literal,higher in literal,higher in literal,higher in literal,higher in literal,higher in literal,higher in literal,,higher in literal,higher in literal,higher in literal,higher in literal,higher in literal,higher in literal,higher in literal,higher in literal,higher in literal,higher in literal,higher in literal,higher in literal,higher in literal,higher in literal,,higher in literal,,higher in literal,,higher in literal,higher in literal,higher in literal,higher in literal,,higher in literal,,,higher in literal,higher in literal,higher in literal,higher in literal,higher in literal,higher in literal,higher in metaphorical,higher in literal,higher in literal,higher in literal,higher in literal,,higher in literal,higher in literal,,,,higher in literal,higher in literal,higher in literal,higher in literal,higher in literal,higher in metaphorical,higher in literal,higher in literal,higher in literal,,,,,,,higher in literal,higher in literal,higher in literal,higher in literal,higher in literal,higher in literal,,higher in literal,higher in literal,higher in literal,higher in metaphorical,higher in literal,higher in literal,,higher in literal,,,,,higher in literal,higher in literal,higher in literal,higher in metaphorical,higher in literal,higher in literal,higher in literal,,,,higher in literal,higher in literal,higher in literal,,,,higher in literal,,,,,,higher in literal,,,,,,,higher in literal,,higher in literal,,,,,,
cancel project / kill project,0.6535904414190438,higher in metaphorical,,higher in metaphorical,higher in metaphorical,higher in metaphorical,higher in metaphorical,higher in metaphorical,higher in metaphorical,,higher in metaphorical,higher in metaphorical,higher in metaphorical,,,,,,higher in literal,higher in literal,higher in literal,,,higher in literal,higher in literal,,higher in literal,higher in literal,higher in literal,,,higher in literal,,,,,,,,,,,,,higher in literal,,higher in literal,higher in literal,higher in literal,,higher in literal,higher in literal,,higher in literal,,,higher in literal,,,,,,,,,,higher in literal,,higher in literal,,higher in literal,,,,,,,higher in literal,,,higher in metaphorical,,,higher in literal,higher in literal,higher in literal,,higher in literal,higher in literal,higher in literal,higher in literal,,higher in literal,,,,,higher in literal,higher in literal,higher in literal,higher in literal,higher in literal,higher in literal,higher in literal,,,,,higher in literal,higher in literal,higher in literal,higher in literal,higher in literal,higher in literal,higher in literal,,higher in metaphorical,higher in metaphorical,higher in metaphorical,higher in literal,higher in literal,higher in literal,higher in metaphorical,higher in literal,higher in literal,higher in literal,higher in literal,higher in literal,,,higher in literal,higher in literal,,,higher in metaphorical,higher in literal,,,,,,,higher in literal,,,,,higher in literal,,higher in literal,higher in literal,higher in literal,higher in literal,higher in metaphorical,higher in metaphorical,,,higher in literal,,,,,,higher in metaphorical,,,,,
cancel bill / kill bill,1.535814309494377,,higher in metaphorical,,,,higher in metaphorical,,higher in metaphorical,,,higher in metaphorical,higher in metaphorical,higher in metaphorical,higher in metaphorical,higher in literal,higher in metaphorical,higher in literal,higher in metaphorical,higher in metaphorical,higher in metaphorical,,higher in metaphorical,higher in literal,higher in literal,higher in literal,higher in literal,higher in literal,higher in literal,higher in literal,higher in literal,higher in literal,higher in literal,higher in literal,higher in literal,higher in literal,higher in literal,higher in literal,higher in literal,higher in literal,higher in literal,,,higher in literal,higher in literal,higher in literal,higher in literal,higher in literal,higher in literal,higher in literal,higher in literal,higher in literal,higher in literal,higher in literal,higher in literal,higher in literal,higher in literal,higher in literal,higher in literal,higher in literal,higher in literal,higher in literal,higher in literal,higher in literal,higher in literal,higher in literal,higher in literal,higher in metaphorical,higher in literal,higher in metaphorical,higher in literal,higher in literal,higher in literal,higher in literal,,higher in metaphorical,,,higher in literal,higher in literal,higher in literal,,higher in literal,,,,,higher in literal,higher in metaphorical,higher in literal,higher in metaphorical,higher in metaphorical,higher in metaphorical,higher in literal,higher in literal,,higher in literal,higher in literal,,higher in literal,,higher in metaphorical,higher in metaphorical,higher in metaphorical,higher in literal,higher in literal,higher in literal,higher in literal,higher in metaphorical,higher in metaphorical,higher in metaphorical,higher in metaphorical,higher in literal,,,higher in literal,higher in literal,higher in literal,,,higher in literal,higher in literal,higher in metaphorical,higher in literal,higher in literal,,,,higher in metaphorical,higher in metaphorical,,,higher in literal,higher in literal,higher in metaphorical,higher in metaphorical,higher in literal,higher in literal,higher in literal,,higher in literal,higher in literal,higher in literal,higher in literal,higher in literal,higher in literal,higher in literal,higher in literal,,higher in metaphorical,higher in metaphorical,higher in metaphorical,higher in metaphorical,higher in literal,,higher in metaphorical,higher in metaphorical,higher in metaphorical,,,higher in literal,higher in literal,higher in literal,higher in literal,higher in metaphorical,,,,
cancel process / kill process,1.014904159427387,,higher in literal,,higher in metaphorical,,,higher in metaphorical,,,,,,,higher in literal,higher in metaphorical,,higher in metaphorical,,higher in literal,,higher in literal,higher in literal,,,,higher in metaphorical,,higher in metaphorical,higher in metaphorical,higher in metaphorical,higher in metaphorical,higher in metaphorical,higher in metaphorical,higher in metaphorical,higher in metaphorical,higher in metaphorical,higher in metaphorical,higher in metaphorical,higher in metaphorical,higher in metaphorical,higher in literal,higher in literal,higher in metaphorical,higher in metaphorical,higher in metaphorical,higher in metaphorical,,,,higher in metaphorical,,,higher in metaphorical,higher in metaphorical,higher in metaphorical,higher in metaphorical,higher in metaphorical,higher in metaphorical,higher in metaphorical,higher in metaphorical,higher in metaphorical,higher in metaphorical,higher in metaphorical,higher in metaphorical,higher in metaphorical,higher in literal,higher in literal,higher in metaphorical,higher in literal,higher in metaphorical,higher in metaphorical,higher in metaphorical,,higher in metaphorical,higher in metaphorical,higher in metaphorical,higher in literal,higher in metaphorical,higher in metaphorical,higher in metaphorical,higher in metaphorical,higher in metaphorical,higher in literal,higher in literal,higher in literal,,higher in metaphorical,,higher in metaphorical,,,,,,,,higher in metaphorical,,higher in metaphorical,,,,,higher in metaphorical,,,,higher in metaphorical,higher in literal,higher in literal,higher in literal,higher in literal,higher in literal,higher in literal,higher in metaphorical,higher in metaphorical,higher in metaphorical,higher in metaphorical,,higher in metaphorical,higher in metaphorical,higher in literal,higher in metaphorical,higher in metaphorical,higher in literal,higher in literal,higher in literal,higher in literal,,higher in metaphorical,higher in metaphorical,higher in metaphorical,higher in metaphorical,higher in metaphorical,,higher in metaphorical,higher in metaphorical,,,,higher in literal,,higher in metaphorical,,,,,,,,,,higher in metaphorical,higher in metaphorical,higher in literal,,higher in metaphorical,higher in literal,higher in literal,higher in metaphorical,higher in literal,higher in metaphorical,higher in literal,,higher in literal,higher in literal,,
cancel agreement / kill agreement,1.0568367007541288,higher in metaphorical,,higher in metaphorical,higher in metaphorical,higher in metaphorical,higher in metaphorical,higher in metaphorical,higher in metaphorical,higher in metaphorical,higher in metaphorical,higher in metaphorical,higher in metaphorical,higher in literal,higher in literal,,higher in literal,,higher in literal,higher in literal,higher in literal,higher in literal,higher in literal,,higher in metaphorical,,,,higher in literal,,,higher in literal,higher in literal,higher in literal,higher in literal,higher in literal,higher in literal,,,,,higher in literal,higher in literal,,,higher in literal,higher in literal,higher in metaphorical,higher in metaphorical,,,,,higher in literal,,,higher in literal,higher in literal,higher in literal,,,,,,,,higher in literal,higher in literal,,higher in literal,,,higher in metaphorical,,higher in metaphorical,higher in metaphorical,higher in metaphorical,higher in literal,higher in metaphorical,higher in metaphorical,higher in metaphorical,higher in metaphorical,higher in metaphorical,higher in literal,higher in literal,higher in literal,higher in metaphorical,higher in literal,higher in literal,higher in literal,higher in literal,higher in literal,higher in literal,higher in metaphorical,,,,higher in literal,higher in literal,higher in literal,,higher in literal,higher in literal,,,higher in metaphorical,,,higher in literal,higher in literal,higher in literal,higher in literal,higher in literal,higher in literal,higher in literal,higher in metaphorical,higher in metaphorical,higher in metaphorical,,higher in metaphorical,higher in literal,higher in literal,higher in metaphorical,,higher in literal,higher in literal,higher in literal,higher in literal,higher in literal,,higher in metaphorical,,higher in metaphorical,higher in metaphorical,higher in metaphorical,higher in literal,,,higher in metaphorical,,higher in metaphorical,higher in literal,higher in literal,,higher in metaphorical,higher in metaphorical,higher in metaphorical,higher in literal,,higher in literal,higher in literal,higher in literal,higher in literal,higher in metaphorical,,higher in literal,,higher in literal,higher in literal,higher in literal,,,,,higher in literal,higher in literal,higher in literal,,
cancel deal / kill deal,0.9755254402617688,higher in metaphorical,,higher in metaphorical,higher in metaphorical,higher in metaphorical,higher in metaphorical,higher in metaphorical,higher in metaphorical,,higher in metaphorical,higher in metaphorical,higher in metaphorical,higher in literal,,,,higher in literal,,higher in literal,,higher in metaphorical,higher in metaphorical,higher in metaphorical,higher in metaphorical,higher in metaphorical,higher in metaphorical,higher in metaphorical,,,,,,,,higher in literal,higher in literal,,higher in literal,higher in literal,higher in metaphorical,higher in metaphorical,higher in metaphorical,,higher in literal,higher in literal,higher in literal,higher in metaphorical,higher in metaphorical,higher in metaphorical,higher in metaphorical,higher in metaphorical,higher in literal,,,,,,,,higher in literal,higher in literal,,higher in literal,higher in literal,higher in metaphorical,,higher in metaphorical,,higher in metaphorical,higher in metaphorical,,higher in metaphorical,,higher in metaphorical,higher in metaphorical,higher in metaphorical,higher in literal,higher in metaphorical,higher in metaphorical,higher in metaphorical,higher in literal,higher in literal,higher in literal,higher in literal,,,higher in literal,higher in literal,higher in literal,higher in literal,,higher in literal,higher in metaphorical,,higher in literal,higher in literal,,higher in literal,higher in literal,higher in literal,higher in literal,,higher in literal,,higher in metaphorical,,higher in literal,higher in literal,higher in literal,higher in literal,higher in literal,higher in literal,higher in literal,higher in literal,higher in metaphorical,higher in metaphorical,higher in metaphorical,higher in metaphorical,,higher in literal,higher in literal,higher in literal,higher in literal,higher in literal,higher in literal,higher in literal,higher in literal,higher in metaphorical,,higher in literal,higher in literal,,,higher in metaphorical,higher in literal,higher in metaphorical,,,,,,higher in literal,higher in metaphorical,,,,higher in literal,,higher in literal,higher in literal,higher in literal,higher in literal,higher in metaphorical,higher in metaphorical,higher in metaphorical,,higher in literal,higher in metaphorical,higher in metaphorical,higher in literal,,higher in literal,higher in literal,,higher in metaphorical,higher in metaphorical,,
disclose report / leak report,0.7918361621380937,,,higher in metaphorical,higher in literal,,higher in metaphorical,higher in metaphorical,higher in metaphorical,,higher in metaphorical,,,higher in metaphorical,,,higher in metaphorical,higher in literal,higher in metaphorical,higher in metaphorical,higher in metaphorical,,,higher in literal,higher in literal,higher in literal,higher in literal,higher in literal,,,,,,,,higher in literal,higher in literal,,higher in literal,higher in literal,higher in literal,higher in metaphorical,,,,higher in literal,,higher in literal,higher in literal,higher in literal,higher in literal,higher in literal,,,,,,,,,higher in literal,higher in literal,,higher in literal,higher in literal,higher in literal,higher in literal,higher in metaphorical,higher in literal,higher in metaphorical,higher in literal,,higher in metaphorical,,higher in metaphorical,higher in metaphorical,higher in metaphorical,higher in literal,higher in literal,higher in literal,,higher in literal,higher in literal,,higher in literal,,,higher in metaphorical,higher in metaphorical,higher in metaphorical,higher in metaphorical,higher in metaphorical,higher in metaphorical,higher in literal,higher in literal,,,higher in metaphorical,higher in metaphorical,,higher in metaphorical,higher in metaphorical,higher in metaphorical,higher in metaphorical,higher in literal,higher in literal,higher in literal,,,higher in literal,higher in literal,higher in literal,higher in literal,higher in literal,higher in literal,higher in metaphorical,,higher in metaphorical,higher in metaphorical,higher in literal,higher in literal,higher in literal,higher in literal,higher in metaphorical,,higher in metaphorical,higher in metaphorical,higher in metaphorical,,,,,higher in metaphorical,,higher in metaphorical,higher in metaphorical,,higher in literal,,,,,higher in literal,higher in literal,,,,higher in literal,,,,,,,higher in metaphorical,higher in metaphorical,,,,,higher in literal,,higher in literal,,,,,,
disclose information / leak information,0.7251724585422303,,,,higher in metaphorical,,,higher in literal,,,,higher in literal,,,,higher in literal,,higher in literal,,,,,,,,higher in literal,higher in literal,,higher in literal,higher in literal,higher in literal,higher in literal,higher in literal,higher in literal,higher in metaphorical,higher in metaphorical,higher in metaphorical,higher in metaphorical,higher in metaphorical,higher in metaphorical,higher in literal,,,higher in literal,higher in literal,higher in literal,higher in literal,,,higher in literal,higher in literal,,,higher in literal,higher in literal,higher in literal,higher in literal,higher in literal,higher in literal,higher in metaphorical,higher in metaphorical,higher in metaphorical,higher in metaphorical,higher in metaphorical,higher in metaphorical,higher in literal,,higher in literal,higher in literal,higher in literal,higher in literal,higher in metaphorical,higher in metaphorical,,higher in metaphorical,higher in metaphorical,higher in metaphorical,higher in literal,higher in metaphorical,higher in metaphorical,higher in metaphorical,higher in metaphorical,higher in metaphorical,,higher in metaphorical,higher in metaphorical,,higher in literal,,higher in literal,higher in metaphorical,,higher in metaphorical,higher in literal,,,,higher in literal,,higher in literal,higher in metaphorical,higher in metaphorical,,higher in metaphorical,higher in literal,higher in literal,,,,,,,higher in literal,higher in literal,higher in literal,higher in metaphorical,,,higher in metaphorical,higher in literal,higher in literal,higher in literal,higher in metaphorical,higher in literal,higher in literal,higher in literal,higher in literal,,higher in literal,higher in literal,higher in literal,higher in literal,,,,higher in metaphorical,higher in literal,higher in literal,,,,,,higher in literal,,,,,,,,,,higher in metaphorical,higher in metaphorical,higher in literal,higher in literal,,,,higher in literal,,higher in literal,,,,,,
disclose document / leak document,0.9848592083044077,higher in literal,higher in metaphorical,higher in literal,higher in metaphorical,higher in literal,higher in literal,higher in literal,higher in literal,higher in literal,higher in literal,higher in literal,higher in literal,higher in metaphorical,higher in literal,higher in literal,higher in metaphorical,higher in literal,higher in literal,higher in metaphorical,higher in literal,higher in metaphorical,higher in metaphorical,higher in literal,higher in literal,higher in literal,higher in literal,higher in literal,,,,,,,,,,,,,,,higher in literal,higher in literal,higher in literal,higher in literal,higher in literal,higher in literal,higher in literal,higher in literal,higher in literal,higher in literal,higher in metaphorical,,,,,,,,,,,,,,,higher in metaphorical,higher in literal,higher in metaphorical,higher in literal,,,,higher in literal,higher in literal,,higher in literal,higher in literal,higher in literal,,,,higher in metaphorical,higher in metaphorical,higher in metaphorical,higher in literal,,higher in metaphorical,higher in metaphorical,higher in metaphorical,higher in metaphorical,higher in metaphorical,higher in literal,higher in metaphorical,higher in metaphorical,higher in metaphorical,higher in literal,,higher in metaphorical,higher in metaphorical,higher in metaphorical,higher in literal,higher in metaphorical,,higher in literal,higher in metaphorical,higher in metaphorical,higher in metaphorical,higher in literal,higher in literal,higher in literal,higher in literal,higher in literal,higher in literal,higher in literal,higher in literal,,higher in literal,higher in literal,higher in literal,higher in literal,higher in metaphorical,higher in literal,higher in literal,higher in metaphorical,,higher in metaphorical,higher in metaphorical,higher in metaphorical,higher in metaphorical,higher in metaphorical,higher in literal,higher in literal,higher in literal,higher in metaphorical,,,higher in metaphorical,higher in metaphorical,higher in metaphorical,higher in metaphorical,higher in metaphorical,,higher in metaphorical,higher in metaphorical,higher in metaphorical,higher in metaphorical,,higher in metaphorical,higher in metaphorical,higher in metaphorical,higher in metaphorical,higher in literal,higher in metaphorical,higher in metaphorical,higher in metaphorical,higher in metaphorical,,,,,,higher in literal,,,,,
disclose story / leak story,0.522904447174235,higher in metaphorical,,higher in metaphorical,higher in literal,higher in metaphorical,higher in metaphorical,higher in metaphorical,higher in metaphorical,,higher in metaphorical,higher in metaphorical,,higher in literal,,higher in literal,,higher in literal,,higher in metaphorical,,,,,,,,,,,,,,,,higher in metaphorical,higher in metaphorical,,higher in metaphorical,higher in metaphorical,,,,higher in literal,higher in literal,higher in literal,higher in literal,,,,,,,,,,,,,,higher in metaphorical,higher in metaphorical,,higher in metaphorical,higher in metaphorical,,,higher in metaphorical,,higher in metaphorical,,higher in literal,,higher in literal,higher in metaphorical,,higher in metaphorical,higher in literal,higher in literal,higher in literal,higher in literal,higher in metaphorical,higher in metaphorical,higher in literal,higher in literal,,,,,,,,higher in metaphorical,,,,,,,,,higher in metaphorical,higher in metaphorical,higher in metaphorical,,,,,,,,,higher in literal,higher in literal,higher in literal,,higher in literal,higher in literal,,,higher in literal,higher in literal,higher in literal,higher in literal,higher in literal,higher in metaphorical,higher in metaphorical,higher in metaphorical,,,,,,higher in literal,higher in metaphorical,higher in metaphorical,,,higher in metaphorical,,,,,,higher in metaphorical,,,higher in metaphorical,,higher in literal,higher in literal,higher in literal,higher in literal,higher in literal,,,,,,,,,,,,,,,
organise production / mount production,0.8821278002182881,higher in literal,higher in metaphorical,higher in literal,higher in literal,higher in literal,higher in literal,higher in literal,higher in literal,higher in literal,higher in literal,higher in literal,,higher in literal,higher in literal,higher in literal,higher in literal,higher in literal,,higher in metaphorical,higher in literal,,,,higher in literal,,higher in literal,higher in literal,,,,higher in metaphorical,,,higher in literal,higher in literal,higher in literal,higher in literal,higher in literal,higher in literal,higher in literal,higher in literal,,higher in literal,,higher in literal,,,higher in literal,,higher in literal,higher in literal,higher in metaphorical,,,,higher in metaphorical,,,higher in literal,higher in literal,higher in literal,higher in literal,higher in literal,higher in literal,higher in literal,,higher in metaphorical,higher in literal,higher in metaphorical,,,higher in literal,higher in metaphorical,higher in literal,,higher in literal,,higher in literal,higher in literal,higher in literal,higher in literal,higher in literal,higher in metaphorical,higher in metaphorical,higher in metaphorical,higher in literal,,higher in metaphorical,,higher in metaphorical,higher in literal,higher in metaphorical,,higher in metaphorical,higher in metaphorical,higher in metaphorical,higher in metaphorical,higher in metaphorical,higher in metaphorical,higher in metaphorical,higher in metaphorical,higher in metaphorical,higher in metaphorical,higher in literal,,higher in metaphorical,higher in metaphorical,higher in metaphorical,higher in metaphorical,higher in metaphorical,higher in metaphorical,,,,higher in literal,higher in literal,higher in literal,higher in metaphorical,higher in metaphorical,,,,,,higher in metaphorical,higher in metaphorical,higher in metaphorical,higher in metaphorical,higher in metaphorical,higher in metaphorical,higher in metaphorical,higher in literal,higher in literal,higher in metaphorical,higher in metaphorical,higher in literal,higher in literal,higher in metaphorical,higher in metaphorical,higher in metaphorical,,,higher in literal,higher in metaphorical,higher in metaphorical,higher in metaphorical,,,higher in literal,higher in literal,higher in literal,,higher in literal,higher in literal,,higher in metaphorical,higher in metaphorical,higher in metaphorical,,higher in literal,,higher in literal,,,higher in metaphorical,higher in metaphorical,,
organise event / mount event,0.5862215843052285,higher in metaphorical,,higher in metaphorical,higher in literal,higher in metaphorical,higher in metaphorical,,higher in metaphorical,,higher in metaphorical,higher in metaphorical,higher in metaphorical,higher in literal,higher in literal,higher in literal,higher in literal,higher in literal,,higher in metaphorical,,,,,,,,,,,,,,,,,,higher in literal,,,higher in literal,,,higher in literal,,higher in literal,,,,,,,higher in metaphorical,,,,,,,higher in literal,,,higher in literal,,,,higher in metaphorical,,,higher in metaphorical,,higher in literal,higher in literal,,,,higher in literal,higher in metaphorical,higher in literal,higher in literal,higher in literal,,,higher in literal,higher in literal,,,,higher in metaphorical,,higher in metaphorical,,higher in metaphorical,,,higher in metaphorical,higher in metaphorical,,higher in metaphorical,,higher in metaphorical,higher in metaphorical,higher in metaphorical,higher in metaphorical,,,,higher in metaphorical,higher in metaphorical,,,,,higher in metaphorical,higher in metaphorical,higher in literal,higher in literal,higher in literal,,,,,,,,higher in metaphorical,higher in metaphorical,higher in metaphorical,higher in metaphorical,higher in metaphorical,higher in metaphorical,higher in metaphorical,higher in literal,higher in literal,,higher in metaphorical,higher in literal,,,,higher in metaphorical,higher in metaphorical,higher in metaphorical,higher in literal,,higher in metaphorical,higher in metaphorical,higher in metaphorical,,,,,,higher in literal,higher in literal,higher in metaphorical,higher in metaphorical,higher in metaphorical,,,,higher in metaphorical,,,,,,,
organise campaign / mount campaign,0.9091532597791249,higher in metaphorical,higher in metaphorical,higher in metaphorical,,,higher in metaphorical,,higher in metaphorical,higher in metaphorical,higher in metaphorical,,higher in literal,higher in metaphorical,,higher in literal,higher in metaphorical,higher in literal,higher in metaphorical,higher in metaphorical,higher in metaphorical,higher in metaphorical,higher in metaphorical,,,,,higher in literal,higher in literal,higher in literal,higher in literal,higher in literal,higher in literal,higher in literal,higher in literal,higher in literal,higher in literal,,,higher in literal,higher in literal,higher in metaphorical,higher in metaphorical,higher in literal,higher in literal,higher in literal,higher in literal,,,higher in literal,higher in literal,higher in literal,higher in metaphorical,higher in literal,higher in literal,higher in literal,higher in literal,higher in literal,higher in literal,higher in literal,higher in literal,higher in literal,,,,higher in literal,higher in literal,higher in metaphorical,higher in metaphorical,higher in metaphorical,higher in metaphorical,,higher in literal,higher in metaphorical,,,,,higher in literal,higher in literal,higher in literal,,,,,,higher in metaphorical,higher in literal,higher in metaphorical,,higher in metaphorical,higher in metaphorical,higher in metaphorical,,,higher in metaphorical,higher in metaphorical,higher in literal,,,higher in metaphorical,higher in metaphorical,,higher in metaphorical,higher in literal,,,higher in metaphorical,higher in literal,higher in metaphorical,,higher in metaphorical,,,,higher in literal,higher in literal,higher in literal,,,higher in literal,higher in literal,higher in metaphorical,higher in literal,higher in literal,,,higher in metaphorical,,higher in literal,higher in literal,higher in literal,higher in literal,higher in literal,higher in literal,higher in metaphorical,higher in literal,higher in literal,,higher in metaphorical,higher in metaphorical,,,higher in literal,,higher in metaphorical,higher in metaphorical,higher in literal,,,,,,higher in literal,higher in literal,,,higher in literal,higher in metaphorical,higher in metaphorical,higher in literal,higher in metaphorical,higher in literal,,,higher in metaphorical,higher in metaphorical,,
organise conference / mount conference,0.9305346226387347,higher in metaphorical,higher in metaphorical,higher in metaphorical,higher in literal,higher in metaphorical,higher in metaphorical,higher in metaphorical,higher in metaphorical,higher in metaphorical,higher in metaphorical,higher in metaphorical,higher in metaphorical,,,higher in literal,higher in metaphorical,higher in literal,higher in metaphorical,higher in metaphorical,higher in metaphorical,higher in metaphorical,higher in metaphorical,,,,higher in literal,higher in literal,higher in literal,higher in literal,higher in literal,higher in literal,higher in literal,higher in literal,,higher in literal,higher in literal,,higher in literal,higher in literal,higher in literal,higher in metaphorical,,higher in literal,higher in literal,higher in literal,higher in literal,,,,higher in literal,higher in literal,higher in metaphorical,higher in literal,higher in literal,higher in literal,higher in literal,higher in literal,higher in literal,,higher in literal,higher in literal,,higher in literal,higher in literal,higher in literal,higher in literal,higher in metaphorical,,higher in metaphorical,,higher in literal,higher in literal,,higher in literal,higher in literal,,,higher in literal,higher in literal,higher in literal,higher in literal,higher in literal,higher in literal,higher in literal,higher in literal,higher in metaphorical,,,,,,higher in metaphorical,,higher in metaphorical,higher in metaphorical,higher in metaphorical,,,,,,higher in metaphorical,higher in metaphorical,higher in literal,,higher in metaphorical,higher in metaphorical,higher in literal,,,,,higher in metaphorical,higher in metaphorical,higher in literal,higher in literal,higher in literal,,,,higher in literal,,,higher in literal,higher in metaphorical,higher in metaphorical,higher in metaphorical,,higher in literal,higher in literal,higher in literal,higher in literal,higher in literal,,higher in metaphorical,,higher in literal,higher in metaphorical,higher in metaphorical,higher in metaphorical,,higher in literal,,higher in metaphorical,higher in metaphorical,higher in metaphorical,higher in literal,,higher in literal,higher in literal,higher in literal,higher in literal,higher in literal,,,higher in literal,higher in literal,higher in metaphorical,higher in metaphorical,higher in literal,higher in metaphorical,higher in literal,higher in metaphorical,,higher in metaphorical,,,
organise exhibition / mount exhibition,0.6792832164136204,higher in literal,higher in metaphorical,higher in literal,higher in literal,higher in literal,higher in literal,higher in literal,higher in literal,,higher in literal,higher in literal,higher in literal,,,higher in literal,higher in metaphorical,higher in literal,higher in metaphorical,higher in metaphorical,higher in metaphorical,higher in metaphorical,higher in metaphorical,,,,,,higher in literal,higher in literal,higher in literal,higher in literal,higher in literal,higher in literal,,,,,,,higher in literal,,higher in metaphorical,higher in literal,higher in literal,higher in literal,higher in literal,,,,,,,,,,higher in literal,higher in literal,higher in literal,,,,,,,higher in literal,,higher in metaphorical,,higher in metaphorical,,higher in literal,higher in literal,higher in literal,,,,,higher in literal,higher in literal,higher in literal,,,higher in metaphorical,higher in metaphorical,higher in metaphorical,higher in literal,higher in metaphorical,higher in metaphorical,,higher in metaphorical,higher in metaphorical,higher in metaphorical,,,,,higher in metaphorical,higher in metaphorical,,higher in metaphorical,higher in metaphorical,higher in metaphorical,higher in metaphorical,higher in literal,,,,,higher in metaphorical,higher in metaphorical,higher in metaphorical,,,,higher in literal,higher in literal,higher in literal,higher in literal,higher in literal,higher in literal,higher in literal,,higher in literal,higher in literal,higher in metaphorical,higher in metaphorical,higher in metaphorical,,,,,,higher in literal,,higher in metaphorical,higher in literal,higher in literal,,,,,,higher in literal,,,,,,,,,,higher in literal,higher in literal,,,,,,higher in literal,,,,higher in metaphorical,,,,
organise demonstration / mount demonstration,0.8918987114588061,higher in literal,higher in metaphorical,higher in literal,,higher in literal,higher in literal,higher in literal,higher in literal,,higher in literal,,,higher in metaphorical,higher in metaphorical,higher in literal,,higher in literal,,higher in metaphorical,,,,higher in metaphorical,higher in metaphorical,higher in metaphorical,higher in metaphorical,higher in metaphorical,higher in literal,higher in literal,higher in literal,higher in literal,higher in literal,higher in literal,higher in literal,higher in literal,higher in literal,higher in literal,higher in literal,higher in literal,higher in literal,,,higher in literal,higher in literal,higher in literal,higher in literal,higher in metaphorical,higher in metaphorical,higher in metaphorical,higher in metaphorical,higher in metaphorical,,higher in literal,higher in literal,higher in literal,higher in literal,higher in literal,higher in literal,higher in literal,higher in literal,higher in literal,higher in literal,higher in literal,higher in literal,higher in literal,higher in literal,higher in literal,higher in metaphorical,higher in literal,higher in metaphorical,higher in literal,higher in literal,,higher in literal,higher in literal,higher in literal,,higher in literal,higher in literal,higher in literal,,,higher in metaphorical,higher in metaphorical,higher in metaphorical,,higher in literal,,higher in literal,,,,higher in metaphorical,,,,higher in literal,higher in literal,higher in literal,higher in literal,,,,higher in literal,higher in metaphorical,,,higher in literal,,,,,higher in metaphorical,higher in metaphorical,higher in literal,,,higher in literal,higher in literal,higher in literal,higher in literal,higher in metaphorical,higher in literal,higher in literal,,,higher in metaphorical,higher in literal,higher in literal,higher in literal,higher in literal,,higher in literal,higher in literal,,higher in literal,higher in literal,,,,higher in literal,higher in literal,higher in literal,,,,higher in literal,,higher in literal,higher in literal,higher in literal,higher in literal,higher in literal,higher in literal,higher in literal,higher in literal,higher in literal,,,higher in literal,,higher in literal,,,,,,
organise protest / mount protest,1.7943445213261895,higher in metaphorical,higher in metaphorical,higher in metaphorical,higher in literal,higher in metaphorical,higher in metaphorical,higher in metaphorical,higher in metaphorical,higher in metaphorical,higher in metaphorical,higher in metaphorical,higher in metaphorical,higher in metaphorical,higher in metaphorical,higher in literal,higher in metaphorical,higher in literal,higher in metaphorical,,higher in metaphorical,higher in literal,higher in literal,higher in metaphorical,higher in metaphorical,higher in metaphorical,,higher in metaphorical,higher in literal,,,,,,higher in literal,higher in literal,higher in literal,higher in literal,higher in literal,higher in literal,higher in literal,higher in literal,higher in literal,higher in literal,higher in literal,higher in literal,higher in literal,higher in metaphorical,higher in metaphorical,higher in metaphorical,,higher in metaphorical,higher in literal,higher in literal,,,,,,higher in literal,higher in literal,higher in literal,higher in literal,higher in literal,higher in literal,higher in literal,higher in literal,higher in literal,,higher in literal,,higher in literal,higher in literal,higher in metaphorical,higher in literal,higher in literal,higher in literal,higher in metaphorical,higher in literal,higher in metaphorical,higher in literal,higher in literal,higher in literal,higher in literal,higher in literal,higher in literal,higher in metaphorical,higher in literal,higher in literal,higher in literal,higher in literal,higher in metaphorical,higher in literal,higher in metaphorical,higher in literal,higher in literal,higher in literal,higher in literal,higher in literal,higher in literal,higher in literal,higher in literal,higher in metaphorical,higher in literal,higher in literal,higher in metaphorical,higher in literal,higher in literal,higher in literal,higher in literal,higher in literal,higher in literal,higher in metaphorical,higher in metaphorical,higher in metaphorical,,higher in metaphorical,,higher in metaphorical,higher in literal,higher in metaphorical,higher in metaphorical,higher in metaphorical,higher in literal,higher in literal,,higher in literal,,higher in literal,higher in literal,higher in literal,higher in literal,,,higher in literal,higher in literal,higher in literal,higher in literal,higher in literal,higher in literal,higher in literal,higher in literal,higher in literal,higher in literal,higher in literal,higher in literal,higher in literal,higher in literal,,higher in literal,higher in literal,higher in literal,higher in literal,higher in metaphorical,higher in metaphorical,higher in literal,higher in literal,higher in literal,higher in literal,higher in literal,higher in literal,,higher in literal,,,higher in literal,higher in literal,,
organize production / mount production,1.5972940922889451,higher in metaphorical,higher in metaphorical,higher in metaphorical,higher in literal,higher in metaphorical,higher in metaphorical,higher in metaphorical,higher in metaphorical,higher in metaphorical,higher in metaphorical,higher in metaphorical,higher in metaphorical,higher in metaphorical,higher in metaphorical,,higher in metaphorical,higher in literal,higher in metaphorical,,higher in metaphorical,higher in literal,higher in literal,higher in metaphorical,higher in metaphorical,higher in metaphorical,higher in metaphorical,higher in metaphorical,,,,,,,higher in literal,higher in literal,higher in literal,higher in literal,higher in literal,higher in literal,higher in literal,higher in literal,higher in literal,,,,,higher in metaphorical,higher in metaphorical,higher in metaphorical,higher in metaphorical,higher in metaphorical,higher in literal,,,,,,,higher in literal,higher in literal,higher in literal,higher in literal,higher in literal,higher in literal,higher in literal,higher in literal,higher in literal,higher in metaphorical,higher in literal,higher in metaphorical,higher in literal,higher in literal,higher in metaphorical,higher in literal,higher in literal,higher in literal,higher in metaphorical,,higher in metaphorical,higher in literal,higher in literal,higher in literal,higher in literal,higher in literal,higher in literal,higher in metaphorical,higher in literal,higher in literal,higher in literal,higher in literal,higher in metaphorical,higher in literal,higher in metaphorical,higher in literal,higher in literal,higher in literal,higher in literal,higher in literal,higher in literal,higher in literal,higher in literal,,higher in literal,higher in literal,higher in metaphorical,higher in literal,higher in literal,higher in literal,,higher in literal,,higher in metaphorical,higher in metaphorical,higher in metaphorical,,higher in metaphorical,,higher in metaphorical,higher in literal,higher in metaphorical,higher in metaphorical,higher in metaphorical,,,higher in literal,higher in literal,,higher in literal,higher in literal,higher in literal,higher in literal,higher in metaphorical,,higher in literal,higher in literal,higher in literal,higher in literal,,,,higher in literal,higher in literal,higher in literal,,,,higher in literal,,higher in literal,higher in literal,higher in literal,higher in literal,higher in metaphorical,higher in metaphorical,higher in literal,,higher in literal,higher in literal,higher in literal,higher in literal,,higher in literal,,,higher in literal,higher in literal,,
organize event / mount event,1.0005016896796102,higher in literal,higher in metaphorical,higher in literal,higher in literal,higher in literal,higher in literal,higher in literal,higher in literal,higher in literal,higher in literal,higher in literal,higher in literal,,,,higher in literal,,,higher in metaphorical,higher in literal,,,,,,,,higher in literal,higher in literal,higher in literal,higher in literal,higher in literal,higher in literal,,higher in literal,higher in literal,higher in literal,higher in literal,higher in literal,,,,,,,higher in metaphorical,,,,,,,higher in literal,higher in literal,higher in literal,higher in literal,higher in literal,higher in literal,,higher in literal,higher in literal,higher in literal,higher in literal,higher in literal,,higher in metaphorical,,,higher in metaphorical,,,higher in literal,higher in literal,higher in literal,higher in literal,higher in literal,higher in metaphorical,higher in literal,higher in literal,higher in literal,higher in literal,higher in literal,higher in metaphorical,higher in metaphorical,higher in metaphorical,higher in literal,higher in metaphorical,higher in metaphorical,higher in metaphorical,higher in metaphorical,,higher in metaphorical,higher in metaphorical,,,,higher in metaphorical,higher in metaphorical,higher in metaphorical,higher in metaphorical,higher in metaphorical,higher in metaphorical,higher in metaphorical,,,,,higher in metaphorical,higher in metaphorical,higher in metaphorical,higher in metaphorical,higher in metaphorical,higher in metaphorical,higher in metaphorical,higher in literal,higher in literal,higher in literal,,higher in literal,,,,,higher in metaphorical,higher in metaphorical,higher in metaphorical,higher in metaphorical,higher in metaphorical,higher in metaphorical,higher in metaphorical,higher in metaphorical,higher in literal,higher in literal,higher in literal,higher in metaphorical,,,higher in literal,higher in literal,higher in literal,higher in metaphorical,higher in metaphorical,,higher in literal,higher in literal,higher in literal,higher in metaphorical,,higher in metaphorical,higher in metaphorical,higher in metaphorical,higher in metaphorical,higher in literal,higher in metaphorical,higher in metaphorical,higher in metaphorical,higher in metaphorical,,,,,,,,,,,
organize campaign / mount campaign,0.5284953381705767,,higher in metaphorical,,higher in metaphorical,,higher in literal,,,,,,,,,,,,,,higher in literal,,,higher in metaphorical,higher in metaphorical,higher in metaphorical,higher in metaphorical,higher in metaphorical,,,,,,,higher in literal,,higher in literal,higher in literal,higher in literal,higher in literal,,,,,,,,higher in metaphorical,higher in metaphorical,higher in metaphorical,higher in metaphorical,higher in metaphorical,,,,,,,,higher in literal,,,higher in literal,higher in literal,higher in literal,,,higher in literal,,higher in literal,,higher in literal,higher in literal,higher in literal,higher in literal,,higher in literal,higher in literal,higher in literal,higher in literal,higher in literal,,,,,,,,,,,,higher in literal,higher in metaphorical,,,,,higher in literal,,,higher in literal,,higher in literal,,higher in metaphorical,,,higher in metaphorical,,,,higher in literal,higher in literal,higher in literal,higher in literal,higher in literal,higher in literal,higher in metaphorical,,higher in literal,higher in literal,higher in metaphorical,,,,,,,higher in metaphorical,higher in metaphorical,higher in metaphorical,higher in literal,higher in literal,,higher in literal,,,,,,,,,,,,,,,,,,higher in literal,higher in metaphorical,,higher in metaphorical,higher in metaphorical,,,,,,,,,,,
organize conference / mount conference,0.6144471892667236,higher in metaphorical,,higher in metaphorical,,higher in metaphorical,higher in metaphorical,higher in metaphorical,higher in metaphorical,higher in metaphorical,higher in metaphorical,higher in metaphorical,higher in metaphorical,higher in metaphorical,higher in metaphorical,higher in literal,higher in metaphorical,higher in literal,,,higher in metaphorical,,higher in metaphorical,higher in metaphorical,higher in metaphorical,,,higher in metaphorical,higher in literal,,,higher in literal,,,higher in literal,higher in literal,higher in literal,higher in literal,higher in literal,higher in literal,higher in literal,,,higher in literal,,higher in literal,,,higher in metaphorical,,,higher in metaphorical,,higher in literal,,,higher in literal,,,higher in literal,higher in literal,higher in literal,higher in literal,higher in literal,higher in literal,higher in literal,higher in literal,higher in literal,,higher in literal,,,,higher in literal,,higher in literal,higher in metaphorical,higher in literal,higher in literal,higher in literal,,,,higher in literal,higher in literal,higher in literal,higher in metaphorical,higher in literal,,higher in literal,,,,higher in metaphorical,,,,higher in literal,,higher in literal,,,,,,,,,,,,,higher in literal,higher in literal,higher in literal,higher in literal,higher in metaphorical,higher in metaphorical,higher in metaphorical,higher in literal,higher in literal,higher in literal,higher in metaphorical,,,,,,,,,,higher in metaphorical,higher in literal,higher in metaphorical,,,,,,,,,,,,,,,higher in metaphorical,higher in metaphorical,higher in metaphorical,,,higher in metaphorical,,,,,,higher in literal,,higher in literal,,,,,,
organize demonstration / mount demonstration,0.6732748261935222,higher in metaphorical,,higher in metaphorical,higher in metaphorical,higher in metaphorical,higher in metaphorical,higher in metaphorical,higher in metaphorical,higher in metaphorical,higher in metaphorical,higher in metaphorical,higher in metaphorical,higher in metaphorical,higher in metaphorical,,higher in metaphorical,,,higher in literal,,higher in metaphorical,higher in metaphorical,higher in metaphorical,higher in metaphorical,higher in metaphorical,higher in metaphorical,higher in metaphorical,,,,,,,,,,higher in metaphorical,,higher in metaphorical,,higher in metaphorical,higher in metaphorical,higher in literal,,,,higher in metaphorical,higher in metaphorical,higher in metaphorical,higher in metaphorical,higher in metaphorical,,,,,,,,,,,higher in metaphorical,,higher in metaphorical,,,higher in literal,higher in metaphorical,higher in literal,higher in metaphorical,,higher in metaphorical,,higher in metaphorical,,higher in metaphorical,higher in literal,,higher in metaphorical,higher in metaphorical,higher in metaphorical,higher in metaphorical,higher in literal,higher in literal,higher in literal,higher in metaphorical,higher in literal,higher in literal,higher in literal,,higher in metaphorical,higher in literal,higher in metaphorical,,,,higher in literal,higher in literal,higher in literal,higher in literal,higher in literal,higher in literal,higher in literal,,,,,higher in literal,,,,higher in literal,higher in literal,higher in literal,,higher in metaphorical,higher in metaphorical,higher in metaphorical,higher in literal,higher in literal,,higher in metaphorical,,,higher in literal,higher in literal,higher in literal,higher in literal,higher in literal,higher in literal,higher in literal,higher in metaphorical,,,,,,,,,,,,,,,,,higher in literal,higher in literal,higher in literal,,higher in metaphorical,,,higher in literal,higher in literal,,,,,,,,,,,
organize protest / mount protest,0.6315412876248703,higher in metaphorical,,higher in metaphorical,higher in metaphorical,higher in metaphorical,higher in metaphorical,higher in metaphorical,higher in metaphorical,,higher in metaphorical,higher in metaphorical,higher in metaphorical,higher in metaphorical,higher in metaphorical,,higher in metaphorical,,,higher in literal,,higher in metaphorical,higher in metaphorical,higher in metaphorical,higher in metaphorical,higher in metaphorical,higher in metaphorical,higher in metaphorical,,,,,,,higher in metaphorical,higher in metaphorical,higher in metaphorical,higher in metaphorical,,higher in metaphorical,,higher in metaphorical,higher in metaphorical,,,,,higher in metaphorical,higher in metaphorical,higher in metaphorical,higher in metaphorical,higher in metaphorical,,,,,,,,higher in metaphorical,higher in metaphorical,higher in metaphorical,higher in metaphorical,,higher in metaphorical,,,higher in literal,higher in metaphorical,higher in literal,higher in metaphorical,,higher in metaphorical,higher in metaphorical,higher in metaphorical,,higher in metaphorical,higher in literal,higher in metaphorical,higher in metaphorical,higher in metaphorical,higher in metaphorical,higher in metaphorical,higher in literal,higher in literal,,,higher in literal,,higher in literal,,higher in metaphorical,,higher in metaphorical,,higher in metaphorical,higher in metaphorical,higher in literal,,higher in literal,,,,,,higher in metaphorical,,,higher in literal,,,,higher in literal,higher in literal,higher in literal,,higher in metaphorical,higher in metaphorical,higher in metaphorical,higher in literal,higher in literal,,higher in metaphorical,,,higher in literal,higher in literal,higher in literal,higher in literal,higher in literal,higher in literal,higher in literal,higher in metaphorical,,higher in metaphorical,,,,,higher in metaphorical,,,higher in literal,,,,,higher in literal,,,,,,higher in metaphorical,,,higher in literal,higher in literal,higher in metaphorical,higher in metaphorical,,higher in metaphorical,,higher in metaphorical,,,,,
corrupt mind / poison mind,0.7475476398519362,,higher in literal,higher in metaphorical,higher in metaphorical,higher in metaphorical,higher in metaphorical,higher in metaphorical,,,,,,,,,,,higher in literal,higher in literal,,,,higher in metaphorical,higher in metaphorical,higher in metaphorical,higher in metaphorical,higher in metaphorical,,higher in metaphorical,higher in metaphorical,,higher in metaphorical,higher in metaphorical,higher in metaphorical,higher in metaphorical,higher in metaphorical,higher in metaphorical,higher in metaphorical,higher in metaphorical,higher in metaphorical,,,,,,,higher in metaphorical,higher in metaphorical,higher in metaphorical,higher in metaphorical,higher in metaphorical,higher in metaphorical,,higher in metaphorical,higher in metaphorical,,higher in metaphorical,higher in metaphorical,higher in metaphorical,higher in metaphorical,higher in metaphorical,higher in metaphorical,higher in metaphorical,higher in metaphorical,higher in metaphorical,,higher in literal,higher in metaphorical,higher in literal,higher in metaphorical,,higher in metaphorical,higher in metaphorical,higher in metaphorical,higher in metaphorical,higher in metaphorical,higher in metaphorical,higher in metaphorical,higher in metaphorical,higher in metaphorical,higher in metaphorical,higher in metaphorical,higher in literal,,,,,,,,,,higher in metaphorical,,,higher in metaphorical,,,,,,higher in literal,,higher in metaphorical,,,,,higher in literal,higher in literal,higher in literal,higher in metaphorical,higher in metaphorical,higher in metaphorical,higher in metaphorical,higher in metaphorical,higher in metaphorical,,higher in metaphorical,higher in metaphorical,higher in metaphorical,higher in literal,,,higher in literal,higher in literal,higher in literal,higher in literal,higher in literal,,,higher in metaphorical,higher in metaphorical,,,higher in metaphorical,higher in metaphorical,,,,higher in metaphorical,higher in metaphorical,higher in metaphorical,,,,higher in metaphorical,,higher in literal,higher in literal,higher in literal,higher in literal,higher in metaphorical,,higher in literal,higher in literal,,,,higher in metaphorical,,higher in metaphorical,,,,,,
corrupt system / poison system,0.9585741845586568,higher in metaphorical,higher in literal,higher in metaphorical,higher in metaphorical,higher in metaphorical,higher in metaphorical,higher in metaphorical,higher in metaphorical,,higher in metaphorical,higher in metaphorical,higher in metaphorical,higher in literal,,,higher in literal,,higher in literal,higher in literal,higher in literal,,,higher in metaphorical,higher in metaphorical,higher in metaphorical,higher in metaphorical,higher in metaphorical,higher in metaphorical,higher in metaphorical,higher in metaphorical,higher in metaphorical,higher in metaphorical,higher in metaphorical,higher in metaphorical,higher in metaphorical,higher in metaphorical,higher in metaphorical,higher in metaphorical,higher in metaphorical,higher in metaphorical,,,,,higher in metaphorical,,higher in metaphorical,higher in metaphorical,higher in metaphorical,higher in metaphorical,higher in metaphorical,higher in metaphorical,higher in metaphorical,higher in metaphorical,higher in metaphorical,higher in metaphorical,higher in metaphorical,higher in metaphorical,higher in metaphorical,higher in metaphorical,higher in metaphorical,higher in metaphorical,higher in metaphorical,higher in metaphorical,higher in metaphorical,,higher in literal,higher in metaphorical,higher in literal,higher in metaphorical,,higher in metaphorical,higher in metaphorical,higher in metaphorical,higher in metaphorical,higher in metaphorical,higher in metaphorical,higher in metaphorical,higher in metaphorical,higher in metaphorical,higher in metaphorical,higher in metaphorical,higher in literal,higher in literal,higher in literal,higher in metaphorical,,higher in literal,,higher in literal,higher in literal,higher in literal,higher in metaphorical,,,higher in metaphorical,,higher in literal,,higher in literal,higher in literal,,higher in literal,higher in metaphorical,higher in metaphorical,,,,higher in literal,higher in literal,higher in literal,higher in metaphorical,higher in metaphorical,higher in metaphorical,higher in metaphorical,,higher in metaphorical,higher in metaphorical,,higher in metaphorical,higher in metaphorical,higher in literal,,,higher in literal,higher in literal,higher in literal,higher in literal,higher in literal,,,higher in metaphorical,higher in metaphorical,,higher in literal,higher in metaphorical,higher in metaphorical,,,,,,higher in metaphorical,,,,,,higher in literal,,,,higher in metaphorical,,higher in literal,higher in literal,,,,higher in metaphorical,,higher in metaphorical,,higher in literal,,,,
corrupt process / poison process,0.7477043343077241,higher in metaphorical,,higher in metaphorical,,higher in metaphorical,higher in metaphorical,higher in metaphorical,higher in metaphorical,higher in metaphorical,higher in metaphorical,higher in metaphorical,,,,,,,higher in metaphorical,,higher in literal,,,,,higher in metaphorical,,higher in metaphorical,higher in metaphorical,higher in metaphorical,higher in metaphorical,higher in metaphorical,higher in metaphorical,higher in metaphorical,higher in literal,,,higher in literal,,,,,,,,,,,,higher in metaphorical,,higher in metaphorical,,higher in metaphorical,higher in metaphorical,higher in metaphorical,higher in metaphorical,higher in metaphorical,higher in metaphorical,higher in literal,,,higher in literal,,,,higher in literal,higher in literal,,higher in literal,,,,higher in literal,higher in metaphorical,higher in metaphorical,higher in metaphorical,higher in literal,higher in literal,higher in literal,higher in literal,,,higher in literal,higher in literal,higher in literal,higher in metaphorical,higher in literal,higher in literal,higher in literal,higher in literal,,higher in literal,,higher in literal,,,higher in literal,higher in literal,higher in literal,higher in literal,higher in literal,higher in metaphorical,higher in literal,,,higher in literal,,,higher in literal,higher in literal,higher in literal,higher in literal,higher in literal,higher in literal,,,higher in literal,higher in literal,higher in literal,higher in literal,higher in literal,higher in metaphorical,,,higher in literal,higher in literal,,higher in literal,higher in literal,higher in literal,higher in literal,higher in metaphorical,,higher in metaphorical,higher in literal,,,higher in literal,higher in literal,,higher in literal,higher in literal,,higher in literal,higher in literal,,higher in literal,,,,,,higher in literal,higher in literal,higher in literal,higher in literal,,,,,,,,,,,,
corrupt soul / poison soul,0.7908955336845174,higher in metaphorical,higher in literal,higher in metaphorical,higher in metaphorical,higher in metaphorical,higher in metaphorical,higher in metaphorical,higher in metaphorical,higher in metaphorical,higher in metaphorical,higher in metaphorical,higher in metaphorical,higher in literal,higher in literal,higher in metaphorical,higher in literal,higher in metaphorical,higher in literal,higher in literal,higher in literal,,,higher in metaphorical,higher in metaphorical,higher in metaphorical,higher in metaphorical,higher in metaphorical,,,,,,,,higher in metaphorical,higher in metaphorical,higher in metaphorical,higher in metaphorical,higher in metaphorical,higher in metaphorical,,,higher in metaphorical,,higher in metaphorical,,higher in metaphorical,higher in metaphorical,higher in metaphorical,higher in metaphorical,higher in metaphorical,,,,,,,,,higher in metaphorical,higher in metaphorical,,higher in metaphorical,higher in metaphorical,higher in metaphorical,,higher in literal,higher in metaphorical,higher in literal,higher in metaphorical,,higher in metaphorical,higher in literal,higher in metaphorical,higher in literal,higher in metaphorical,,higher in literal,,,higher in metaphorical,higher in metaphorical,higher in literal,higher in literal,higher in literal,higher in metaphorical,,higher in literal,,higher in literal,higher in literal,higher in literal,higher in metaphorical,,,,,higher in literal,,higher in literal,higher in literal,higher in literal,higher in literal,higher in metaphorical,higher in metaphorical,,,,higher in literal,higher in literal,higher in literal,,,,higher in metaphorical,,,,,higher in metaphorical,,higher in literal,,,higher in literal,higher in literal,higher in literal,,,,,higher in metaphorical,,,higher in literal,higher in metaphorical,higher in metaphorical,,,,,,higher in metaphorical,,,,,,,,,,higher in metaphorical,,,,,,,higher in metaphorical,,higher in metaphorical,,higher in literal,,,,
corrupt relationship / poison relationship,0.9103587534679815,higher in metaphorical,higher in literal,higher in metaphorical,higher in metaphorical,higher in metaphorical,higher in metaphorical,higher in metaphorical,higher in metaphorical,,higher in metaphorical,higher in metaphorical,higher in metaphorical,higher in metaphorical,higher in metaphorical,,higher in metaphorical,,,higher in literal,,higher in metaphorical,,higher in metaphorical,higher in metaphorical,higher in metaphorical,higher in metaphorical,higher in metaphorical,,,,,,,higher in metaphorical,higher in metaphorical,higher in metaphorical,higher in metaphorical,higher in metaphorical,higher in metaphorical,higher in metaphorical,higher in metaphorical,higher in metaphorical,,higher in literal,,higher in literal,higher in metaphorical,higher in metaphorical,higher in metaphorical,higher in metaphorical,higher in metaphorical,,,,,,,,higher in metaphorical,higher in metaphorical,higher in metaphorical,higher in metaphorical,higher in metaphorical,higher in metaphorical,higher in metaphorical,,higher in literal,higher in metaphorical,higher in literal,higher in metaphorical,,higher in metaphorical,higher in metaphorical,higher in metaphorical,higher in metaphorical,higher in metaphorical,higher in metaphorical,higher in metaphorical,higher in metaphorical,higher in metaphorical,higher in metaphorical,higher in metaphorical,higher in literal,higher in literal,higher in literal,higher in metaphorical,,higher in literal,,higher in literal,,higher in literal,higher in metaphorical,higher in literal,higher in literal,,,higher in literal,,higher in literal,higher in literal,,higher in literal,higher in metaphorical,higher in metaphorical,higher in literal,higher in literal,,,,,higher in metaphorical,higher in metaphorical,higher in metaphorical,higher in metaphorical,higher in metaphorical,higher in metaphorical,,higher in metaphorical,higher in metaphorical,higher in metaphorical,higher in literal,higher in literal,higher in literal,higher in literal,higher in literal,higher in literal,higher in literal,higher in literal,,,higher in metaphorical,higher in metaphorical,higher in metaphorical,,higher in metaphorical,higher in metaphorical,,,,,,higher in metaphorical,,,,,,higher in literal,higher in literal,higher in literal,,higher in metaphorical,,,higher in literal,,,,higher in metaphorical,,higher in metaphorical,,,,,,
invest money / pour money,0.7117349547216758,,higher in literal,,higher in metaphorical,,,,,,,,,higher in metaphorical,higher in metaphorical,,,,higher in metaphorical,higher in literal,higher in metaphorical,higher in metaphorical,higher in metaphorical,,,higher in literal,,,higher in metaphorical,higher in metaphorical,higher in metaphorical,higher in metaphorical,higher in metaphorical,higher in metaphorical,higher in metaphorical,higher in metaphorical,higher in metaphorical,higher in metaphorical,higher in metaphorical,higher in metaphorical,higher in metaphorical,higher in metaphorical,higher in metaphorical,,,,,,,higher in literal,,,higher in metaphorical,higher in metaphorical,higher in metaphorical,higher in metaphorical,higher in metaphorical,higher in metaphorical,higher in metaphorical,higher in metaphorical,higher in metaphorical,higher in metaphorical,higher in metaphorical,higher in metaphorical,higher in metaphorical,higher in metaphorical,higher in metaphorical,,,,,,higher in metaphorical,higher in metaphorical,higher in metaphorical,,higher in metaphorical,higher in literal,higher in metaphorical,higher in metaphorical,higher in metaphorical,higher in metaphorical,higher in metaphorical,,,,,,higher in metaphorical,higher in metaphorical,higher in metaphorical,,higher in metaphorical,higher in literal,higher in metaphorical,higher in metaphorical,higher in metaphorical,,higher in metaphorical,,higher in metaphorical,higher in metaphorical,higher in metaphorical,higher in metaphorical,higher in metaphorical,higher in literal,higher in metaphorical,higher in metaphorical,higher in literal,higher in metaphorical,higher in metaphorical,higher in metaphorical,higher in literal,higher in literal,higher in literal,higher in metaphorical,higher in metaphorical,higher in metaphorical,higher in metaphorical,higher in metaphorical,,,higher in metaphorical,,,higher in literal,higher in literal,higher in literal,,,,,higher in metaphorical,higher in metaphorical,higher in literal,higher in metaphorical,higher in metaphorical,higher in metaphorical,,,,higher in metaphorical,higher in metaphorical,higher in metaphorical,,,,higher in metaphorical,,,,,,higher in metaphorical,,,,higher in literal,,,higher in metaphorical,,higher in metaphorical,,,,,,
invest fortune / pour fortune,1.4135821198440486,higher in metaphorical,higher in literal,higher in metaphorical,higher in metaphorical,higher in metaphorical,higher in metaphorical,higher in metaphorical,higher in metaphorical,higher in metaphorical,higher in metaphorical,higher in metaphorical,higher in metaphorical,higher in metaphorical,higher in metaphorical,higher in literal,higher in metaphorical,higher in literal,higher in metaphorical,higher in literal,higher in metaphorical,higher in metaphorical,higher in metaphorical,higher in metaphorical,higher in metaphorical,,higher in metaphorical,higher in metaphorical,,,,,higher in metaphorical,higher in metaphorical,higher in metaphorical,higher in metaphorical,higher in metaphorical,higher in metaphorical,higher in metaphorical,higher in metaphorical,,higher in metaphorical,higher in metaphorical,higher in literal,higher in literal,higher in literal,higher in literal,higher in metaphorical,higher in metaphorical,,higher in metaphorical,higher in metaphorical,higher in metaphorical,,,,,higher in metaphorical,higher in metaphorical,higher in metaphorical,higher in metaphorical,higher in metaphorical,higher in metaphorical,higher in metaphorical,higher in metaphorical,,,higher in literal,higher in metaphorical,higher in literal,higher in metaphorical,higher in metaphorical,higher in metaphorical,higher in literal,,higher in literal,higher in metaphorical,higher in literal,higher in metaphorical,higher in metaphorical,higher in metaphorical,higher in metaphorical,higher in metaphorical,higher in literal,higher in literal,higher in literal,higher in metaphorical,,higher in metaphorical,,higher in metaphorical,higher in metaphorical,higher in metaphorical,,higher in metaphorical,higher in metaphorical,higher in metaphorical,higher in literal,higher in metaphorical,,higher in metaphorical,higher in metaphorical,higher in metaphorical,higher in metaphorical,higher in literal,,higher in metaphorical,higher in metaphorical,higher in literal,higher in metaphorical,higher in metaphorical,higher in metaphorical,higher in literal,higher in literal,higher in literal,higher in metaphorical,higher in metaphorical,higher in metaphorical,higher in metaphorical,higher in metaphorical,,higher in literal,higher in metaphorical,higher in literal,higher in literal,higher in literal,higher in literal,higher in literal,higher in literal,higher in literal,higher in literal,higher in literal,higher in metaphorical,higher in metaphorical,,higher in metaphorical,higher in literal,higher in literal,higher in metaphorical,higher in metaphorical,higher in metaphorical,,,higher in literal,higher in metaphorical,higher in metaphorical,higher in metaphorical,,,higher in literal,higher in literal,higher in literal,higher in literal,higher in metaphorical,,higher in literal,higher in literal,higher in literal,,,,,,,,,,,
sell drug / push drug,0.7013513104051408,,higher in literal,higher in metaphorical,higher in metaphorical,higher in metaphorical,higher in metaphorical,higher in metaphorical,,,,higher in metaphorical,higher in metaphorical,higher in metaphorical,higher in metaphorical,,,,higher in literal,higher in literal,,,,,,,,,,,,higher in metaphorical,higher in metaphorical,higher in metaphorical,higher in metaphorical,higher in metaphorical,higher in metaphorical,higher in metaphorical,higher in metaphorical,higher in metaphorical,higher in metaphorical,,higher in metaphorical,,,,,,,,,,,,higher in metaphorical,higher in metaphorical,higher in metaphorical,higher in metaphorical,higher in metaphorical,higher in metaphorical,higher in metaphorical,higher in metaphorical,higher in metaphorical,higher in metaphorical,higher in metaphorical,higher in metaphorical,higher in metaphorical,,higher in metaphorical,,higher in metaphorical,,higher in metaphorical,higher in metaphorical,higher in metaphorical,higher in metaphorical,higher in metaphorical,higher in metaphorical,higher in metaphorical,higher in metaphorical,higher in metaphorical,higher in metaphorical,higher in metaphorical,higher in literal,,,,higher in literal,higher in literal,,,higher in literal,higher in literal,,higher in literal,,,,,,,higher in literal,higher in literal,,higher in metaphorical,,higher in literal,,,higher in metaphorical,higher in metaphorical,higher in metaphorical,higher in metaphorical,,,higher in metaphorical,higher in metaphorical,higher in metaphorical,,higher in metaphorical,higher in metaphorical,higher in metaphorical,,,,higher in literal,higher in literal,higher in literal,,,,,higher in metaphorical,higher in metaphorical,higher in literal,,higher in metaphorical,higher in metaphorical,,,,,higher in metaphorical,higher in metaphorical,,,,higher in metaphorical,,higher in literal,higher in literal,higher in literal,higher in literal,higher in metaphorical,,higher in literal,,,,,higher in metaphorical,,higher in metaphorical,,,,,,
recall feeling / recapture feeling,1.0431784246915325,higher in metaphorical,higher in literal,higher in metaphorical,,higher in metaphorical,higher in metaphorical,higher in metaphorical,higher in metaphorical,higher in metaphorical,higher in metaphorical,higher in metaphorical,higher in metaphorical,higher in metaphorical,higher in metaphorical,higher in metaphorical,higher in metaphorical,higher in metaphorical,higher in metaphorical,,higher in metaphorical,,,higher in metaphorical,higher in metaphorical,higher in metaphorical,higher in metaphorical,higher in metaphorical,,higher in metaphorical,higher in metaphorical,,higher in metaphorical,higher in metaphorical,higher in metaphorical,higher in metaphorical,higher in metaphorical,higher in metaphorical,higher in metaphorical,higher in metaphorical,higher in metaphorical,,higher in metaphorical,higher in metaphorical,,higher in metaphorical,,higher in metaphorical,higher in metaphorical,higher in metaphorical,higher in metaphorical,higher in metaphorical,higher in metaphorical,,higher in metaphorical,higher in metaphorical,,higher in metaphorical,higher in metaphorical,higher in metaphorical,higher in metaphorical,higher in metaphorical,higher in metaphorical,higher in metaphorical,higher in metaphorical,higher in metaphorical,,higher in literal,higher in metaphorical,higher in literal,higher in metaphorical,higher in metaphorical,higher in metaphorical,,higher in metaphorical,higher in metaphorical,higher in metaphorical,higher in metaphorical,,,higher in metaphorical,higher in metaphorical,higher in metaphorical,higher in literal,higher in literal,higher in literal,higher in metaphorical,higher in metaphorical,higher in metaphorical,higher in metaphorical,higher in metaphorical,higher in metaphorical,higher in metaphorical,higher in metaphorical,,,higher in metaphorical,higher in metaphorical,higher in metaphorical,higher in metaphorical,higher in metaphorical,higher in metaphorical,,higher in metaphorical,higher in metaphorical,higher in metaphorical,,,,higher in literal,,higher in literal,higher in metaphorical,,,higher in metaphorical,higher in metaphorical,higher in metaphorical,higher in metaphorical,higher in metaphorical,higher in metaphorical,higher in metaphorical,higher in literal,higher in metaphorical,,,,,higher in literal,higher in literal,,,higher in metaphorical,higher in metaphorical,higher in metaphorical,higher in metaphorical,higher in metaphorical,higher in metaphorical,higher in metaphorical,higher in metaphorical,higher in metaphorical,,higher in metaphorical,higher in metaphorical,higher in metaphorical,higher in metaphorical,higher in metaphorical,higher in metaphorical,,higher in literal,higher in literal,higher in literal,higher in literal,higher in metaphorical,higher in metaphorical,,higher in literal,,higher in literal,higher in literal,higher in metaphorical,,higher in metaphorical,,,,,,
recall memory / recapture memory,1.3765127532855077,higher in metaphorical,higher in metaphorical,higher in metaphorical,higher in metaphorical,higher in metaphorical,higher in metaphorical,higher in metaphorical,higher in metaphorical,higher in metaphorical,higher in metaphorical,higher in metaphorical,higher in metaphorical,higher in literal,higher in literal,higher in metaphorical,higher in literal,,,higher in literal,higher in literal,higher in literal,higher in literal,higher in literal,higher in literal,higher in literal,higher in literal,higher in literal,,,,higher in literal,higher in literal,higher in literal,higher in literal,higher in literal,higher in literal,higher in literal,higher in literal,higher in literal,higher in literal,higher in literal,higher in literal,,higher in metaphorical,,higher in metaphorical,,,higher in literal,higher in literal,higher in literal,,,,,higher in literal,higher in literal,higher in literal,higher in literal,higher in literal,higher in literal,higher in literal,higher in literal,higher in literal,higher in literal,higher in literal,higher in literal,,higher in literal,higher in metaphorical,,higher in literal,higher in literal,higher in literal,higher in metaphorical,higher in literal,higher in literal,higher in literal,higher in literal,higher in literal,higher in literal,higher in literal,higher in literal,higher in literal,higher in literal,higher in metaphorical,higher in literal,,higher in literal,higher in literal,higher in literal,higher in literal,higher in literal,,,,higher in literal,higher in metaphorical,higher in literal,,higher in literal,,higher in literal,higher in literal,higher in literal,higher in literal,,higher in metaphorical,higher in metaphorical,higher in metaphorical,higher in metaphorical,higher in literal,higher in literal,higher in literal,higher in literal,higher in literal,higher in literal,higher in metaphorical,higher in literal,higher in literal,higher in literal,higher in metaphorical,higher in metaphorical,higher in metaphorical,higher in literal,higher in literal,higher in literal,,higher in metaphorical,higher in metaphorical,higher in metaphorical,higher in literal,higher in literal,,higher in literal,higher in literal,higher in literal,higher in literal,,,higher in literal,higher in literal,higher in literal,higher in literal,higher in literal,higher in literal,,higher in metaphorical,,,,,higher in literal,higher in metaphorical,,,higher in metaphorical,higher in literal,higher in literal,higher in literal,higher in literal,higher in literal,,,,,,
recall moment / recapture moment,0.6016937078947104,higher in metaphorical,higher in literal,higher in metaphorical,higher in metaphorical,higher in metaphorical,higher in metaphorical,higher in metaphorical,higher in metaphorical,higher in metaphorical,higher in metaphorical,higher in metaphorical,higher in metaphorical,higher in literal,,,,,higher in literal,,higher in literal,,higher in literal,,,,,,higher in metaphorical,higher in metaphorical,higher in metaphorical,,,,higher in literal,higher in literal,higher in literal,higher in literal,higher in literal,higher in literal,,higher in literal,higher in literal,,,,,,,,,,,,,,,,,higher in literal,higher in literal,higher in literal,higher in literal,higher in literal,higher in literal,,,higher in literal,,higher in literal,,higher in literal,higher in literal,,,higher in metaphorical,higher in literal,,higher in literal,higher in literal,,higher in literal,higher in literal,higher in literal,higher in literal,higher in literal,higher in metaphorical,,,,,,,,,,,,,,,,higher in literal,,,,,,,higher in literal,higher in literal,higher in literal,,,,higher in literal,,,higher in metaphorical,,,higher in metaphorical,,,,,,higher in literal,,,,,higher in literal,higher in literal,higher in metaphorical,,,,higher in literal,higher in literal,higher in literal,higher in literal,higher in literal,,higher in literal,higher in literal,higher in literal,higher in literal,,higher in literal,higher in literal,higher in literal,higher in literal,higher in metaphorical,higher in metaphorical,,,,,,,,higher in literal,,,,,,
recall experience / recapture experience,1.0012367470765717,higher in metaphorical,higher in literal,higher in metaphorical,higher in metaphorical,higher in metaphorical,higher in metaphorical,higher in metaphorical,higher in metaphorical,higher in metaphorical,higher in metaphorical,higher in metaphorical,higher in metaphorical,higher in literal,higher in literal,higher in literal,higher in literal,higher in literal,higher in literal,higher in literal,higher in literal,higher in literal,higher in literal,higher in literal,higher in literal,,,higher in literal,higher in literal,higher in literal,higher in literal,higher in literal,higher in literal,higher in literal,higher in literal,,higher in literal,higher in literal,,,,higher in literal,higher in literal,higher in literal,,higher in literal,,,,,,,higher in literal,higher in literal,higher in literal,higher in literal,higher in literal,higher in literal,higher in literal,higher in literal,,higher in literal,higher in literal,,,,higher in metaphorical,higher in literal,higher in literal,higher in metaphorical,,,higher in literal,higher in metaphorical,higher in literal,higher in metaphorical,higher in literal,higher in metaphorical,higher in literal,higher in literal,higher in literal,,,higher in literal,higher in literal,higher in literal,higher in metaphorical,higher in literal,higher in literal,higher in literal,higher in literal,higher in literal,higher in literal,higher in literal,higher in literal,higher in literal,higher in literal,higher in literal,,,higher in metaphorical,,higher in literal,higher in metaphorical,,,higher in literal,higher in literal,higher in literal,higher in metaphorical,,higher in metaphorical,,,higher in metaphorical,higher in literal,,higher in literal,higher in metaphorical,,,higher in metaphorical,higher in metaphorical,higher in literal,higher in literal,higher in literal,higher in literal,higher in literal,higher in metaphorical,,,,higher in metaphorical,higher in literal,,,,,higher in literal,higher in literal,higher in literal,,,,higher in literal,higher in literal,higher in literal,higher in metaphorical,,higher in literal,higher in literal,higher in literal,higher in literal,,higher in metaphorical,higher in literal,higher in literal,,higher in metaphorical,higher in metaphorical,,,,,,higher in metaphorical,higher in metaphorical,,
damage confidence / shake confidence,0.7277063319582492,higher in literal,higher in metaphorical,higher in literal,,higher in literal,higher in literal,higher in literal,higher in literal,,higher in literal,higher in literal,higher in literal,,,,higher in literal,,higher in metaphorical,higher in metaphorical,,higher in literal,higher in literal,higher in literal,higher in literal,higher in literal,higher in literal,higher in literal,higher in literal,higher in literal,higher in literal,higher in literal,higher in literal,higher in literal,,,,,higher in literal,higher in literal,higher in literal,higher in literal,higher in literal,,,,,higher in literal,higher in literal,higher in literal,higher in literal,higher in literal,,,,higher in literal,,,higher in literal,,,,,higher in literal,higher in literal,,,,higher in literal,higher in metaphorical,higher in literal,,higher in literal,higher in literal,,,,higher in literal,higher in literal,higher in literal,,higher in literal,higher in literal,higher in metaphorical,higher in metaphorical,higher in metaphorical,,,,,,higher in literal,,higher in literal,,,,higher in metaphorical,higher in metaphorical,higher in metaphorical,higher in metaphorical,higher in metaphorical,higher in metaphorical,higher in metaphorical,higher in literal,higher in literal,higher in metaphorical,higher in metaphorical,higher in literal,higher in metaphorical,higher in metaphorical,higher in metaphorical,higher in literal,higher in literal,higher in literal,higher in literal,,,higher in literal,higher in literal,higher in literal,higher in literal,higher in metaphorical,,,higher in metaphorical,higher in metaphorical,higher in metaphorical,,,higher in literal,higher in literal,higher in literal,,higher in literal,higher in metaphorical,higher in literal,higher in literal,,,,higher in literal,higher in literal,,higher in metaphorical,higher in metaphorical,,higher in literal,,,,,,higher in literal,higher in literal,,,higher in literal,,,higher in literal,,higher in literal,,,,,,
damage foundation / shake foundation,0.9490913182826406,higher in literal,,higher in literal,higher in literal,higher in literal,higher in literal,higher in literal,higher in literal,higher in literal,higher in literal,higher in literal,higher in literal,higher in metaphorical,higher in literal,,,,higher in metaphorical,,higher in metaphorical,,,higher in metaphorical,higher in metaphorical,higher in metaphorical,higher in metaphorical,higher in metaphorical,,,,higher in metaphorical,,,higher in metaphorical,higher in metaphorical,higher in metaphorical,higher in metaphorical,higher in metaphorical,higher in metaphorical,higher in literal,,higher in literal,,higher in metaphorical,,higher in metaphorical,higher in metaphorical,higher in metaphorical,higher in metaphorical,higher in metaphorical,higher in metaphorical,higher in metaphorical,,,,higher in metaphorical,,,higher in metaphorical,higher in metaphorical,higher in metaphorical,higher in metaphorical,higher in metaphorical,higher in metaphorical,higher in literal,higher in metaphorical,higher in literal,higher in metaphorical,higher in literal,higher in metaphorical,,,higher in literal,higher in metaphorical,higher in metaphorical,higher in metaphorical,higher in literal,higher in literal,higher in literal,,,,higher in metaphorical,higher in metaphorical,higher in metaphorical,higher in literal,higher in metaphorical,higher in metaphorical,,higher in metaphorical,higher in metaphorical,higher in metaphorical,higher in metaphorical,higher in metaphorical,higher in metaphorical,higher in metaphorical,higher in metaphorical,higher in metaphorical,,higher in metaphorical,higher in metaphorical,higher in metaphorical,higher in metaphorical,higher in literal,higher in metaphorical,higher in metaphorical,higher in metaphorical,,higher in literal,higher in literal,higher in literal,,,higher in literal,,,,,higher in literal,higher in literal,higher in literal,higher in literal,higher in metaphorical,higher in metaphorical,higher in metaphorical,higher in metaphorical,,higher in metaphorical,,,,,higher in literal,higher in metaphorical,higher in metaphorical,higher in literal,higher in literal,higher in metaphorical,higher in metaphorical,higher in metaphorical,higher in metaphorical,,higher in literal,higher in metaphorical,higher in metaphorical,higher in metaphorical,,,higher in literal,higher in literal,higher in literal,higher in literal,higher in literal,,higher in metaphorical,,,,,,higher in literal,,higher in literal,higher in metaphorical,,,,
determine result / shape result,0.8397751010753826,higher in metaphorical,,higher in metaphorical,higher in literal,higher in metaphorical,higher in metaphorical,higher in metaphorical,higher in metaphorical,higher in metaphorical,higher in metaphorical,higher in metaphorical,higher in metaphorical,,,higher in literal,,higher in literal,,,,,,higher in literal,,,,,higher in literal,higher in literal,higher in literal,higher in literal,higher in literal,higher in literal,higher in literal,higher in literal,higher in literal,higher in literal,higher in literal,higher in literal,higher in literal,,,higher in literal,higher in literal,higher in literal,higher in literal,higher in literal,,,,,higher in literal,higher in literal,higher in literal,higher in literal,higher in literal,higher in literal,higher in literal,higher in literal,higher in literal,higher in literal,higher in literal,higher in literal,higher in literal,higher in literal,higher in literal,,higher in literal,higher in literal,higher in literal,,higher in literal,higher in metaphorical,,,,higher in metaphorical,higher in literal,higher in literal,higher in literal,higher in literal,higher in literal,higher in literal,higher in literal,higher in literal,higher in metaphorical,higher in literal,higher in literal,higher in literal,higher in literal,,,,higher in literal,higher in literal,higher in literal,higher in literal,,higher in literal,higher in literal,,,,higher in literal,,higher in literal,higher in literal,higher in literal,,,,higher in metaphorical,higher in metaphorical,higher in metaphorical,higher in literal,higher in literal,higher in literal,,,higher in metaphorical,,,higher in literal,higher in literal,,,,higher in literal,higher in literal,higher in literal,higher in literal,,,higher in metaphorical,,higher in literal,higher in literal,higher in literal,higher in literal,higher in literal,higher in literal,higher in literal,higher in literal,higher in literal,higher in literal,higher in literal,higher in literal,,higher in literal,higher in literal,higher in literal,higher in literal,higher in literal,higher in literal,higher in literal,higher in literal,higher in literal,,,higher in literal,,higher in literal,,,,,,
determine life / shape life,0.9203545766077484,higher in literal,,higher in literal,higher in literal,higher in literal,higher in literal,higher in literal,higher in literal,higher in literal,higher in literal,higher in literal,higher in literal,,,higher in metaphorical,,higher in metaphorical,higher in literal,,,higher in literal,higher in literal,,,,,,,,,,,,higher in metaphorical,higher in metaphorical,higher in metaphorical,higher in metaphorical,higher in metaphorical,higher in metaphorical,higher in literal,higher in literal,higher in literal,higher in metaphorical,higher in metaphorical,higher in metaphorical,higher in metaphorical,,,,,,higher in literal,,,,,,,higher in metaphorical,higher in metaphorical,higher in metaphorical,higher in metaphorical,higher in metaphorical,higher in metaphorical,higher in literal,higher in literal,higher in literal,,higher in literal,,,higher in literal,,higher in metaphorical,,higher in metaphorical,higher in metaphorical,higher in literal,higher in literal,,,,higher in metaphorical,higher in metaphorical,higher in metaphorical,higher in literal,,,,higher in metaphorical,,,,higher in literal,higher in literal,higher in literal,,,,,,higher in literal,,,,higher in literal,higher in literal,higher in metaphorical,,,,higher in metaphorical,higher in metaphorical,higher in metaphorical,higher in literal,higher in literal,,higher in literal,higher in literal,higher in metaphorical,higher in metaphorical,,higher in metaphorical,higher in metaphorical,,,,higher in literal,,higher in metaphorical,higher in metaphorical,,,,,higher in literal,,higher in literal,higher in literal,higher in literal,higher in literal,,higher in literal,higher in literal,higher in literal,higher in literal,,,higher in metaphorical,,,,higher in literal,higher in literal,higher in literal,,higher in metaphorical,higher in literal,higher in literal,,higher in literal,,,,higher in literal,higher in literal,,
determine outcome / shape outcome,0.7091557372120056,higher in metaphorical,,higher in metaphorical,higher in literal,higher in metaphorical,higher in metaphorical,higher in metaphorical,higher in metaphorical,,higher in metaphorical,higher in metaphorical,higher in metaphorical,higher in metaphorical,higher in metaphorical,higher in literal,higher in metaphorical,higher in literal,higher in metaphorical,higher in metaphorical,higher in metaphorical,higher in metaphorical,higher in metaphorical,higher in metaphorical,higher in metaphorical,higher in metaphorical,higher in metaphorical,higher in metaphorical,higher in literal,higher in literal,higher in literal,higher in literal,higher in literal,higher in literal,,,,,,,higher in literal,higher in metaphorical,higher in metaphorical,higher in literal,higher in literal,higher in literal,,,higher in metaphorical,higher in metaphorical,,higher in metaphorical,higher in metaphorical,higher in literal,higher in literal,higher in literal,higher in literal,higher in literal,higher in literal,,higher in literal,,,,,higher in literal,higher in literal,,,higher in literal,,higher in literal,higher in literal,,higher in metaphorical,higher in metaphorical,,higher in metaphorical,higher in literal,higher in literal,higher in literal,higher in literal,higher in literal,higher in literal,higher in literal,,,higher in metaphorical,higher in metaphorical,,higher in metaphorical,higher in metaphorical,higher in metaphorical,higher in metaphorical,,higher in metaphorical,higher in metaphorical,,higher in metaphorical,,,higher in metaphorical,higher in metaphorical,higher in metaphorical,higher in literal,higher in metaphorical,,higher in metaphorical,higher in metaphorical,,,,higher in metaphorical,higher in metaphorical,higher in metaphorical,higher in literal,,,,higher in literal,,,higher in literal,,,higher in metaphorical,higher in metaphorical,higher in metaphorical,,,,,,higher in literal,higher in metaphorical,higher in metaphorical,higher in literal,higher in literal,,,,,higher in literal,higher in literal,,,,higher in literal,,higher in metaphorical,higher in metaphorical,higher in metaphorical,higher in metaphorical,higher in literal,,,,higher in metaphorical,,,higher in literal,,higher in literal,,,,,,
determine success / shape success,1.0194762617809938,,higher in metaphorical,,higher in literal,,higher in metaphorical,,higher in metaphorical,higher in metaphorical,,,,,,higher in literal,,,higher in metaphorical,higher in metaphorical,,higher in literal,higher in literal,higher in literal,higher in literal,higher in literal,higher in literal,higher in literal,higher in literal,higher in literal,higher in literal,higher in literal,higher in literal,higher in literal,higher in literal,higher in literal,higher in literal,higher in literal,higher in literal,higher in literal,higher in literal,higher in literal,higher in literal,higher in literal,,,higher in metaphorical,higher in literal,higher in literal,higher in literal,higher in literal,higher in literal,higher in metaphorical,higher in literal,higher in literal,higher in literal,higher in literal,higher in literal,higher in literal,higher in literal,higher in literal,higher in literal,higher in literal,higher in literal,higher in literal,higher in literal,higher in literal,higher in metaphorical,higher in literal,higher in metaphorical,higher in literal,,higher in literal,higher in literal,,higher in literal,higher in metaphorical,higher in metaphorical,higher in literal,higher in literal,higher in literal,,higher in literal,,,,,,,,higher in metaphorical,,,higher in literal,,,,higher in literal,,,higher in metaphorical,,higher in metaphorical,higher in metaphorical,higher in literal,higher in literal,,higher in metaphorical,higher in metaphorical,higher in metaphorical,higher in metaphorical,higher in metaphorical,higher in metaphorical,higher in metaphorical,higher in metaphorical,higher in literal,higher in literal,higher in literal,higher in literal,higher in literal,,higher in metaphorical,higher in metaphorical,,higher in metaphorical,higher in metaphorical,higher in metaphorical,higher in metaphorical,,higher in metaphorical,higher in metaphorical,higher in metaphorical,higher in literal,higher in literal,,higher in metaphorical,higher in literal,higher in literal,,,,higher in literal,higher in literal,higher in literal,,,,higher in literal,,higher in metaphorical,higher in metaphorical,higher in metaphorical,higher in metaphorical,higher in literal,higher in literal,,higher in metaphorical,higher in metaphorical,higher in literal,higher in literal,higher in literal,,higher in literal,,,higher in literal,higher in literal,,
determine strategy / shape strategy,0.6210241866202776,,higher in metaphorical,,higher in literal,,,,,,,,higher in literal,,,higher in literal,higher in metaphorical,higher in literal,,higher in metaphorical,,higher in metaphorical,higher in metaphorical,higher in literal,higher in literal,,,higher in literal,higher in literal,higher in literal,higher in literal,higher in literal,higher in literal,higher in literal,,higher in literal,higher in literal,,higher in literal,higher in literal,,higher in metaphorical,higher in metaphorical,higher in literal,higher in literal,higher in literal,higher in literal,higher in literal,higher in literal,higher in literal,,higher in literal,,higher in literal,higher in literal,higher in literal,higher in literal,higher in literal,higher in literal,,higher in literal,,,higher in literal,higher in literal,,,higher in metaphorical,higher in literal,higher in metaphorical,higher in literal,higher in literal,higher in literal,higher in literal,,,,higher in metaphorical,,higher in literal,higher in literal,higher in literal,higher in literal,higher in metaphorical,,,,,,,,,higher in metaphorical,higher in literal,,,,,,,,,higher in metaphorical,,higher in literal,higher in literal,,,,,higher in metaphorical,,higher in metaphorical,higher in metaphorical,higher in metaphorical,higher in literal,higher in literal,higher in literal,higher in literal,,,,,higher in literal,higher in literal,higher in metaphorical,higher in metaphorical,higher in metaphorical,,,higher in literal,higher in literal,higher in literal,higher in literal,,higher in metaphorical,,higher in literal,,,,,higher in literal,,,,,higher in literal,,higher in metaphorical,higher in metaphorical,higher in metaphorical,higher in metaphorical,higher in literal,,higher in metaphorical,,,higher in metaphorical,higher in metaphorical,higher in literal,,higher in literal,higher in metaphorical,,higher in metaphorical,,,
ruin career / shipwreck career,4.238076079488715,higher in metaphorical,higher in metaphorical,higher in metaphorical,higher in metaphorical,higher in metaphorical,higher in metaphorical,higher in metaphorical,higher in metaphorical,higher in metaphorical,higher in metaphorical,higher in metaphorical,higher in metaphorical,higher in metaphorical,higher in metaphorical,higher in metaphorical,higher in literal,,higher in literal,higher in literal,higher in metaphorical,higher in literal,higher in metaphorical,higher in literal,higher in literal,higher in metaphorical,higher in metaphorical,higher in metaphorical,higher in literal,higher in literal,higher in literal,higher in literal,higher in literal,higher in literal,higher in literal,higher in literal,higher in literal,higher in literal,higher in literal,higher in literal,higher in literal,higher in literal,higher in metaphorical,higher in metaphorical,higher in literal,higher in literal,higher in literal,higher in metaphorical,higher in metaphorical,higher in literal,higher in literal,higher in literal,higher in literal,higher in literal,higher in literal,higher in literal,higher in literal,higher in literal,higher in literal,higher in literal,higher in literal,higher in literal,higher in literal,higher in literal,higher in literal,higher in literal,higher in literal,,higher in literal,higher in literal,,higher in literal,higher in metaphorical,higher in metaphorical,higher in metaphorical,higher in literal,higher in metaphorical,higher in literal,higher in metaphorical,higher in metaphorical,higher in literal,higher in metaphorical,,higher in literal,higher in literal,higher in literal,higher in metaphorical,higher in literal,higher in literal,higher in literal,higher in literal,higher in metaphorical,higher in literal,higher in literal,higher in literal,higher in literal,higher in literal,higher in metaphorical,higher in literal,higher in literal,higher in literal,higher in literal,higher in metaphorical,higher in literal,higher in literal,higher in metaphorical,higher in literal,higher in literal,higher in literal,higher in literal,higher in literal,higher in literal,,,,higher in literal,higher in literal,higher in literal,higher in literal,higher in literal,higher in metaphorical,higher in metaphorical,higher in metaphorical,higher in metaphorical,higher in literal,higher in literal,higher in literal,higher in literal,,higher in literal,higher in metaphorical,higher in literal,higher in literal,higher in literal,higher in literal,higher in literal,higher in literal,higher in literal,higher in metaphorical,higher in metaphorical,higher in metaphorical,higher in literal,higher in literal,higher in literal,higher in literal,,,higher in literal,higher in literal,higher in literal,higher in literal,higher in literal,higher in literal,higher in metaphorical,higher in literal,,,higher in literal,,,higher in literal,,higher in literal,,higher in literal,higher in literal,higher in literal,higher in literal,higher in literal
cause doubt / sow doubt,0.797290311201244,,,higher in metaphorical,higher in literal,,higher in metaphorical,higher in metaphorical,higher in metaphorical,,,,higher in literal,,,,higher in metaphorical,,higher in metaphorical,higher in metaphorical,higher in metaphorical,higher in metaphorical,,higher in literal,higher in literal,higher in literal,higher in literal,higher in literal,,,,,,,,higher in literal,higher in literal,,higher in literal,higher in literal,,,,,,,,higher in literal,higher in literal,higher in literal,higher in literal,higher in literal,,,,,,,,,higher in literal,higher in literal,,higher in literal,higher in literal,,,higher in metaphorical,higher in literal,higher in metaphorical,higher in literal,,,higher in literal,,higher in literal,higher in metaphorical,higher in metaphorical,,,,higher in literal,higher in literal,,,,,higher in metaphorical,higher in metaphorical,higher in metaphorical,higher in metaphorical,,higher in metaphorical,higher in literal,,,,higher in metaphorical,higher in metaphorical,higher in metaphorical,higher in metaphorical,higher in metaphorical,higher in metaphorical,higher in metaphorical,,higher in literal,,,higher in metaphorical,,,,higher in metaphorical,higher in metaphorical,higher in metaphorical,higher in metaphorical,,higher in metaphorical,higher in literal,higher in metaphorical,higher in metaphorical,higher in metaphorical,,,,higher in metaphorical,higher in metaphorical,higher in metaphorical,higher in metaphorical,higher in metaphorical,higher in metaphorical,higher in metaphorical,,higher in metaphorical,,higher in metaphorical,,,,,,,,,,,,,,higher in metaphorical,higher in metaphorical,higher in metaphorical,higher in metaphorical,higher in literal,higher in literal,higher in metaphorical,higher in metaphorical,higher in metaphorical,,,,,,,,,,,
cause death / sow death,0.8229222179206475,higher in metaphorical,,higher in metaphorical,higher in literal,higher in metaphorical,higher in metaphorical,higher in metaphorical,higher in metaphorical,higher in metaphorical,higher in metaphorical,higher in metaphorical,higher in metaphorical,higher in literal,higher in literal,,higher in literal,,higher in literal,higher in literal,higher in literal,,,higher in literal,higher in literal,,,,higher in metaphorical,,,,higher in literal,higher in literal,higher in literal,higher in literal,higher in literal,higher in literal,higher in literal,higher in literal,,higher in literal,higher in literal,,,,,higher in literal,higher in literal,,,,higher in literal,higher in metaphorical,,,,higher in literal,higher in literal,higher in literal,higher in literal,higher in literal,higher in literal,higher in literal,higher in literal,,higher in metaphorical,,higher in literal,higher in metaphorical,higher in literal,higher in literal,higher in literal,,,,,higher in metaphorical,higher in literal,higher in literal,higher in literal,higher in literal,,higher in literal,higher in literal,higher in literal,higher in metaphorical,,,higher in literal,higher in literal,higher in literal,,higher in literal,higher in literal,higher in literal,higher in literal,,,,,,,higher in literal,higher in metaphorical,higher in literal,higher in literal,higher in literal,higher in literal,higher in literal,higher in literal,higher in literal,higher in metaphorical,higher in metaphorical,higher in metaphorical,higher in literal,higher in literal,higher in literal,,higher in metaphorical,higher in metaphorical,higher in metaphorical,higher in literal,,,,,,higher in metaphorical,higher in metaphorical,,,,,,higher in literal,,higher in metaphorical,,,,higher in metaphorical,higher in metaphorical,,higher in literal,higher in literal,higher in literal,higher in metaphorical,,higher in literal,higher in literal,,,higher in literal,higher in metaphorical,higher in metaphorical,higher in metaphorical,higher in literal,,,,,higher in metaphorical,,,,,,
cause confusion / sow confusion,0.6038835586057181,,higher in metaphorical,,higher in metaphorical,,,higher in literal,,,,,higher in metaphorical,higher in literal,,higher in literal,higher in literal,higher in literal,higher in literal,,higher in literal,higher in literal,higher in literal,higher in literal,higher in literal,higher in literal,higher in literal,higher in literal,,,,,,,,,,,,,higher in literal,higher in literal,higher in literal,higher in literal,,higher in literal,,higher in literal,higher in literal,higher in literal,higher in literal,higher in literal,higher in metaphorical,,,,,,,,,,,,,higher in literal,,,higher in literal,higher in metaphorical,higher in literal,,,,higher in metaphorical,higher in metaphorical,,higher in metaphorical,,higher in literal,,,,higher in metaphorical,higher in metaphorical,higher in metaphorical,,higher in literal,,higher in literal,,higher in literal,,higher in literal,higher in metaphorical,higher in metaphorical,higher in metaphorical,higher in literal,,higher in literal,higher in metaphorical,,higher in literal,higher in metaphorical,higher in literal,higher in literal,higher in metaphorical,higher in metaphorical,,higher in literal,higher in literal,higher in literal,higher in metaphorical,higher in metaphorical,higher in metaphorical,,higher in metaphorical,higher in metaphorical,higher in metaphorical,higher in metaphorical,higher in metaphorical,higher in metaphorical,higher in metaphorical,,,,,,,,,,higher in metaphorical,higher in literal,higher in literal,,higher in literal,higher in literal,higher in metaphorical,higher in metaphorical,,,,higher in literal,,,,,,higher in metaphorical,higher in metaphorical,higher in metaphorical,higher in metaphorical,higher in literal,higher in literal,,,,,,higher in literal,,higher in literal,,,,,,
cause chaos / sow chaos,0.6853871705317721,higher in metaphorical,higher in metaphorical,higher in metaphorical,higher in metaphorical,higher in metaphorical,higher in metaphorical,higher in metaphorical,higher in metaphorical,higher in metaphorical,higher in metaphorical,higher in metaphorical,higher in metaphorical,higher in metaphorical,higher in metaphorical,higher in literal,,higher in literal,,,,,higher in metaphorical,higher in metaphorical,higher in metaphorical,,,,,,,higher in literal,higher in literal,higher in literal,higher in literal,,,higher in literal,,,higher in literal,higher in metaphorical,higher in metaphorical,higher in literal,,higher in literal,,,,,,,,,,,higher in literal,higher in literal,higher in literal,higher in literal,,,higher in literal,,,higher in literal,,,,,,higher in literal,,,higher in literal,higher in literal,,higher in metaphorical,higher in literal,higher in metaphorical,higher in literal,higher in metaphorical,,higher in literal,higher in literal,higher in literal,higher in metaphorical,higher in literal,,higher in literal,,higher in metaphorical,,,higher in literal,,,higher in literal,,higher in literal,,,higher in literal,,higher in literal,,,,,,higher in literal,,higher in metaphorical,higher in metaphorical,higher in metaphorical,,higher in literal,higher in literal,,,higher in metaphorical,higher in metaphorical,higher in metaphorical,,,,,,,,,,higher in literal,higher in literal,higher in literal,,higher in literal,higher in literal,,,,higher in metaphorical,,higher in literal,,,,,,higher in metaphorical,,higher in metaphorical,,,higher in literal,,,,,,higher in literal,,higher in literal,,,,,,
cause conflict / sow conflict,1.3668495928728654,higher in metaphorical,higher in metaphorical,higher in metaphorical,higher in literal,higher in metaphorical,higher in metaphorical,higher in metaphorical,higher in metaphorical,higher in metaphorical,higher in metaphorical,higher in metaphorical,higher in literal,higher in metaphorical,,higher in literal,higher in metaphorical,,higher in literal,higher in metaphorical,higher in metaphorical,higher in metaphorical,higher in metaphorical,higher in metaphorical,higher in metaphorical,higher in metaphorical,higher in metaphorical,higher in metaphorical,higher in literal,higher in literal,higher in literal,higher in literal,higher in literal,higher in literal,higher in literal,higher in literal,higher in literal,higher in literal,higher in literal,higher in literal,,higher in metaphorical,higher in metaphorical,higher in literal,higher in metaphorical,higher in literal,higher in metaphorical,higher in metaphorical,higher in metaphorical,higher in metaphorical,higher in metaphorical,higher in metaphorical,higher in metaphorical,higher in literal,higher in literal,higher in literal,higher in literal,higher in literal,higher in literal,higher in literal,higher in literal,higher in literal,higher in literal,,higher in literal,,higher in metaphorical,higher in metaphorical,higher in metaphorical,higher in metaphorical,,,higher in literal,higher in metaphorical,higher in literal,higher in literal,higher in literal,higher in metaphorical,higher in literal,higher in literal,higher in literal,higher in literal,higher in literal,higher in literal,higher in literal,higher in literal,higher in metaphorical,higher in literal,higher in metaphorical,,higher in metaphorical,higher in metaphorical,higher in metaphorical,higher in metaphorical,higher in metaphorical,higher in metaphorical,higher in metaphorical,,higher in metaphorical,,higher in metaphorical,higher in metaphorical,,higher in metaphorical,higher in literal,,higher in metaphorical,higher in metaphorical,,higher in literal,higher in literal,higher in literal,higher in metaphorical,higher in metaphorical,higher in metaphorical,higher in literal,higher in literal,higher in literal,,higher in literal,,,higher in metaphorical,higher in metaphorical,higher in metaphorical,,higher in metaphorical,higher in metaphorical,higher in metaphorical,higher in metaphorical,higher in metaphorical,higher in metaphorical,higher in literal,higher in literal,higher in literal,higher in metaphorical,,,,,higher in metaphorical,higher in metaphorical,higher in metaphorical,,higher in metaphorical,higher in metaphorical,higher in metaphorical,higher in metaphorical,higher in literal,,,,,higher in literal,higher in literal,higher in metaphorical,higher in metaphorical,,higher in metaphorical,higher in metaphorical,,,higher in literal,higher in metaphorical,,higher in metaphorical,higher in metaphorical,,
cause panic / sow panic,0.9033514404426803,higher in metaphorical,higher in metaphorical,higher in metaphorical,higher in metaphorical,higher in metaphorical,higher in metaphorical,higher in metaphorical,higher in metaphorical,higher in metaphorical,higher in metaphorical,higher in metaphorical,higher in metaphorical,higher in metaphorical,higher in metaphorical,higher in literal,,higher in literal,higher in metaphorical,higher in literal,higher in metaphorical,,,higher in literal,higher in literal,higher in literal,higher in literal,higher in literal,,,,,,,,higher in metaphorical,higher in metaphorical,,higher in metaphorical,higher in metaphorical,higher in literal,,,higher in literal,,higher in literal,higher in literal,higher in literal,higher in literal,higher in literal,higher in literal,higher in literal,higher in literal,,,,,,,,higher in metaphorical,higher in metaphorical,,higher in metaphorical,higher in metaphorical,higher in literal,,,higher in literal,higher in metaphorical,higher in literal,higher in literal,higher in literal,higher in literal,higher in literal,higher in literal,higher in literal,,,higher in literal,higher in literal,higher in metaphorical,,higher in literal,higher in literal,higher in literal,higher in metaphorical,higher in literal,,higher in literal,,higher in metaphorical,,higher in literal,higher in literal,higher in literal,higher in literal,higher in literal,,higher in literal,,,higher in metaphorical,,higher in literal,higher in literal,higher in literal,higher in literal,higher in literal,,,higher in literal,higher in metaphorical,higher in metaphorical,higher in metaphorical,higher in literal,higher in metaphorical,higher in literal,,higher in metaphorical,higher in metaphorical,,higher in metaphorical,,,higher in literal,higher in literal,higher in literal,,,,,,higher in literal,higher in literal,,higher in literal,higher in literal,higher in literal,higher in literal,higher in literal,,,higher in literal,higher in literal,higher in literal,higher in literal,,,higher in literal,higher in literal,higher in literal,,higher in literal,,,,higher in literal,,,higher in literal,,higher in literal,,,,,,
cause fear / sow fear,0.6132140637121746,higher in metaphorical,,higher in metaphorical,,higher in metaphorical,higher in metaphorical,higher in metaphorical,higher in metaphorical,higher in metaphorical,higher in metaphorical,higher in metaphorical,higher in metaphorical,higher in metaphorical,higher in metaphorical,higher in literal,higher in metaphorical,higher in literal,,,higher in metaphorical,higher in metaphorical,higher in metaphorical,higher in literal,higher in literal,higher in literal,,higher in literal,,,,,,,,,,,,,higher in literal,higher in metaphorical,higher in metaphorical,higher in literal,,higher in literal,,higher in literal,higher in literal,higher in literal,higher in literal,higher in literal,,,,,,,,,,,,,,higher in literal,,,,,,higher in literal,,,higher in literal,higher in literal,higher in literal,higher in metaphorical,higher in literal,,higher in literal,,,higher in literal,higher in literal,higher in literal,higher in metaphorical,higher in literal,,higher in literal,,higher in metaphorical,,higher in literal,,,,higher in literal,,higher in literal,,,,,higher in literal,higher in literal,,,,,,higher in literal,higher in metaphorical,higher in metaphorical,higher in metaphorical,,higher in metaphorical,,,,higher in metaphorical,higher in metaphorical,higher in metaphorical,,,,,,,,,,,higher in literal,higher in literal,,higher in literal,higher in literal,,,,,,higher in literal,,,,,,higher in literal,,higher in literal,,,higher in literal,,,,,,higher in literal,,higher in literal,,,,,,
cause violence / sow violence,1.0039001150037477,higher in metaphorical,higher in literal,higher in metaphorical,higher in metaphorical,higher in metaphorical,higher in metaphorical,higher in metaphorical,higher in metaphorical,higher in metaphorical,higher in metaphorical,higher in metaphorical,higher in literal,higher in metaphorical,higher in metaphorical,higher in literal,higher in metaphorical,higher in literal,higher in metaphorical,higher in literal,higher in metaphorical,higher in metaphorical,higher in metaphorical,higher in literal,higher in literal,higher in literal,higher in literal,higher in literal,higher in literal,,,higher in literal,,,higher in metaphorical,higher in metaphorical,higher in metaphorical,higher in literal,,,higher in metaphorical,higher in metaphorical,higher in metaphorical,higher in literal,higher in literal,higher in literal,higher in literal,higher in literal,higher in literal,higher in literal,higher in literal,higher in literal,,higher in literal,,,higher in literal,,,higher in metaphorical,higher in metaphorical,higher in metaphorical,higher in literal,,,higher in metaphorical,higher in metaphorical,higher in metaphorical,,higher in metaphorical,higher in literal,,,higher in metaphorical,higher in metaphorical,,higher in metaphorical,higher in metaphorical,higher in literal,higher in literal,higher in metaphorical,higher in metaphorical,higher in metaphorical,higher in literal,higher in literal,higher in literal,higher in metaphorical,higher in metaphorical,,higher in literal,higher in literal,higher in metaphorical,higher in metaphorical,higher in literal,,,,,,higher in literal,higher in literal,higher in metaphorical,higher in metaphorical,higher in literal,,higher in literal,,higher in literal,higher in literal,,higher in literal,,higher in metaphorical,higher in metaphorical,higher in metaphorical,,higher in metaphorical,higher in metaphorical,,,higher in metaphorical,higher in metaphorical,higher in literal,higher in literal,higher in literal,,,higher in literal,,higher in literal,,,higher in metaphorical,higher in literal,,,higher in metaphorical,,higher in literal,higher in literal,higher in literal,higher in metaphorical,higher in literal,higher in metaphorical,higher in literal,higher in literal,higher in literal,higher in literal,,higher in literal,higher in literal,higher in literal,higher in literal,,higher in literal,,higher in literal,higher in literal,higher in metaphorical,higher in metaphorical,,higher in metaphorical,,,higher in metaphorical,higher in metaphorical,higher in metaphorical,,
cause uncertainty / sow uncertainty,1.286039471894059,higher in metaphorical,higher in metaphorical,higher in metaphorical,higher in metaphorical,higher in metaphorical,higher in metaphorical,higher in metaphorical,higher in metaphorical,higher in metaphorical,higher in metaphorical,higher in metaphorical,higher in metaphorical,higher in metaphorical,higher in metaphorical,higher in literal,higher in metaphorical,higher in literal,higher in metaphorical,,higher in metaphorical,higher in metaphorical,higher in metaphorical,higher in metaphorical,higher in metaphorical,,,,higher in literal,higher in literal,higher in literal,higher in literal,higher in literal,higher in literal,higher in literal,higher in literal,higher in literal,higher in literal,higher in literal,higher in literal,higher in literal,higher in metaphorical,higher in metaphorical,higher in literal,,higher in literal,higher in literal,,higher in metaphorical,,,,,higher in literal,higher in literal,higher in literal,higher in literal,higher in literal,higher in literal,higher in literal,higher in literal,higher in literal,higher in literal,higher in literal,higher in literal,higher in literal,higher in literal,higher in metaphorical,,,,,,higher in metaphorical,higher in metaphorical,higher in metaphorical,higher in metaphorical,higher in metaphorical,higher in metaphorical,higher in metaphorical,higher in literal,higher in literal,higher in literal,higher in literal,higher in literal,higher in literal,higher in metaphorical,higher in literal,higher in metaphorical,higher in literal,higher in metaphorical,higher in metaphorical,higher in metaphorical,,higher in literal,,,higher in literal,higher in metaphorical,higher in literal,higher in metaphorical,higher in metaphorical,higher in metaphorical,higher in metaphorical,higher in literal,,higher in literal,,higher in literal,higher in literal,higher in literal,higher in literal,higher in metaphorical,higher in metaphorical,higher in metaphorical,higher in metaphorical,higher in metaphorical,higher in literal,higher in literal,higher in literal,higher in metaphorical,higher in metaphorical,higher in metaphorical,,higher in literal,,,,,,,,higher in literal,,higher in metaphorical,higher in metaphorical,higher in literal,higher in literal,,,,higher in literal,higher in literal,higher in literal,,,,higher in literal,,higher in metaphorical,,,,higher in metaphorical,higher in literal,,,higher in literal,,,higher in literal,,higher in literal,,higher in metaphorical,,,,
cause terror / sow terror,0.7793178096386428,higher in metaphorical,,higher in metaphorical,higher in literal,higher in metaphorical,higher in metaphorical,higher in metaphorical,higher in metaphorical,higher in metaphorical,higher in metaphorical,higher in metaphorical,higher in metaphorical,higher in metaphorical,,higher in literal,,higher in literal,higher in metaphorical,higher in metaphorical,higher in metaphorical,,higher in metaphorical,higher in literal,higher in literal,higher in literal,higher in literal,higher in literal,higher in literal,higher in literal,higher in literal,,,,,,,,,higher in metaphorical,higher in literal,,higher in metaphorical,higher in literal,higher in literal,higher in literal,higher in literal,higher in literal,higher in literal,higher in literal,higher in literal,higher in literal,higher in literal,higher in literal,higher in literal,higher in literal,,,,,,,,,,higher in literal,,,higher in literal,,higher in literal,higher in literal,,higher in metaphorical,,higher in metaphorical,higher in literal,,higher in literal,higher in literal,higher in literal,,,higher in literal,higher in literal,higher in literal,higher in metaphorical,,higher in metaphorical,,higher in metaphorical,higher in metaphorical,higher in metaphorical,higher in literal,,,higher in literal,,higher in metaphorical,,higher in metaphorical,higher in metaphorical,higher in metaphorical,higher in metaphorical,higher in literal,higher in literal,,,higher in metaphorical,higher in metaphorical,higher in metaphorical,higher in metaphorical,higher in metaphorical,higher in metaphorical,higher in metaphorical,higher in literal,,,,higher in metaphorical,higher in metaphorical,,,higher in literal,,higher in metaphorical,higher in metaphorical,higher in metaphorical,,higher in literal,higher in metaphorical,higher in metaphorical,higher in metaphorical,,,higher in metaphorical,higher in literal,higher in literal,,,,,,higher in literal,,,,,,higher in metaphorical,higher in metaphorical,higher in metaphorical,higher in metaphorical,higher in metaphorical,,,,higher in metaphorical,,,higher in literal,,higher in literal,,higher in metaphorical,,,,
cause hatred / sow hatred,0.9246068577365373,higher in metaphorical,,higher in metaphorical,higher in literal,higher in metaphorical,higher in metaphorical,higher in metaphorical,higher in metaphorical,higher in metaphorical,higher in metaphorical,higher in metaphorical,,higher in metaphorical,higher in metaphorical,higher in literal,,,,higher in metaphorical,higher in metaphorical,,higher in literal,higher in literal,higher in literal,higher in literal,higher in literal,higher in literal,higher in literal,higher in literal,higher in literal,higher in literal,higher in literal,higher in literal,higher in metaphorical,higher in metaphorical,,higher in metaphorical,higher in metaphorical,higher in metaphorical,,,,,,,,higher in literal,higher in literal,higher in literal,higher in literal,higher in literal,,higher in literal,higher in literal,higher in literal,higher in literal,higher in literal,higher in literal,higher in metaphorical,higher in metaphorical,,higher in metaphorical,higher in metaphorical,,,higher in metaphorical,higher in metaphorical,higher in literal,higher in metaphorical,higher in literal,higher in literal,higher in literal,,,higher in literal,,higher in metaphorical,higher in literal,higher in literal,,,,higher in literal,higher in literal,higher in literal,higher in metaphorical,higher in metaphorical,higher in metaphorical,higher in metaphorical,higher in metaphorical,higher in literal,higher in metaphorical,higher in literal,higher in metaphorical,higher in metaphorical,,higher in metaphorical,higher in metaphorical,higher in metaphorical,higher in metaphorical,higher in metaphorical,,higher in metaphorical,,higher in literal,higher in metaphorical,higher in metaphorical,higher in metaphorical,,higher in metaphorical,,higher in metaphorical,higher in metaphorical,higher in metaphorical,higher in literal,,higher in metaphorical,higher in literal,,higher in metaphorical,higher in metaphorical,,,,higher in metaphorical,higher in metaphorical,higher in metaphorical,higher in metaphorical,higher in metaphorical,higher in metaphorical,higher in metaphorical,higher in metaphorical,,,higher in metaphorical,higher in literal,,,,,higher in metaphorical,higher in metaphorical,higher in literal,higher in metaphorical,higher in metaphorical,,higher in metaphorical,,higher in metaphorical,higher in metaphorical,higher in metaphorical,higher in metaphorical,higher in literal,higher in literal,higher in metaphorical,higher in metaphorical,higher in metaphorical,,,,,,,,,,,
cause excitement / stir excitement,0.8017024079088374,higher in metaphorical,,higher in metaphorical,higher in metaphorical,higher in metaphorical,higher in metaphorical,higher in metaphorical,higher in metaphorical,higher in metaphorical,higher in metaphorical,higher in metaphorical,higher in metaphorical,higher in literal,higher in literal,higher in literal,higher in literal,higher in literal,,higher in metaphorical,higher in metaphorical,higher in literal,higher in literal,higher in literal,higher in literal,higher in literal,higher in literal,higher in literal,higher in literal,higher in literal,higher in literal,higher in literal,higher in literal,higher in literal,higher in literal,higher in literal,higher in literal,higher in literal,higher in literal,higher in literal,higher in literal,higher in literal,higher in literal,higher in literal,,higher in literal,,higher in literal,higher in literal,higher in literal,higher in literal,higher in literal,,higher in literal,higher in literal,higher in literal,higher in literal,higher in literal,higher in literal,higher in literal,higher in literal,higher in literal,higher in literal,,higher in literal,higher in literal,,,higher in literal,higher in metaphorical,higher in literal,higher in literal,higher in literal,,higher in literal,higher in metaphorical,higher in literal,higher in literal,higher in literal,higher in literal,higher in literal,higher in literal,higher in literal,higher in literal,higher in literal,higher in literal,higher in metaphorical,higher in literal,,,higher in metaphorical,higher in literal,higher in metaphorical,higher in literal,higher in literal,,,higher in literal,higher in metaphorical,,higher in metaphorical,higher in metaphorical,higher in metaphorical,higher in metaphorical,higher in literal,higher in literal,,,,higher in metaphorical,higher in metaphorical,higher in metaphorical,higher in literal,,,higher in literal,,,,higher in literal,higher in literal,higher in literal,higher in metaphorical,higher in literal,higher in literal,,,higher in metaphorical,,,,,higher in literal,higher in literal,higher in literal,higher in metaphorical,higher in literal,higher in literal,,,,higher in literal,,higher in literal,,,,,,higher in literal,higher in literal,higher in literal,higher in literal,,higher in metaphorical,higher in literal,higher in literal,,,,higher in literal,,higher in literal,,higher in metaphorical,,,,
cause confusion / stir confusion,0.9646872154612188,higher in metaphorical,,higher in metaphorical,,higher in metaphorical,higher in metaphorical,higher in metaphorical,higher in metaphorical,higher in metaphorical,higher in metaphorical,higher in metaphorical,higher in metaphorical,higher in literal,higher in metaphorical,higher in literal,higher in literal,higher in literal,higher in metaphorical,,higher in metaphorical,higher in literal,higher in literal,higher in literal,higher in literal,higher in literal,higher in literal,higher in literal,higher in literal,higher in literal,higher in literal,,,,higher in metaphorical,higher in metaphorical,higher in metaphorical,,,,higher in literal,higher in literal,higher in literal,higher in literal,,,higher in metaphorical,higher in literal,higher in literal,higher in literal,higher in literal,higher in literal,higher in literal,higher in literal,higher in literal,higher in literal,,,,higher in metaphorical,higher in metaphorical,higher in metaphorical,higher in literal,,higher in metaphorical,higher in literal,,,higher in literal,higher in metaphorical,,,,higher in literal,,,,,higher in literal,higher in literal,,,,higher in literal,higher in literal,higher in literal,higher in metaphorical,,higher in metaphorical,,higher in metaphorical,higher in literal,higher in metaphorical,higher in literal,higher in literal,higher in literal,higher in literal,,higher in metaphorical,,higher in metaphorical,higher in metaphorical,higher in metaphorical,higher in metaphorical,higher in literal,higher in literal,higher in literal,higher in literal,,higher in literal,higher in literal,,,,,higher in literal,higher in literal,,,higher in metaphorical,,,higher in metaphorical,higher in literal,higher in metaphorical,higher in metaphorical,higher in metaphorical,higher in metaphorical,,higher in metaphorical,higher in literal,higher in literal,higher in literal,higher in literal,higher in literal,higher in metaphorical,higher in literal,higher in literal,higher in literal,,,higher in literal,,higher in literal,higher in literal,,higher in literal,higher in metaphorical,,higher in literal,higher in literal,,,higher in literal,higher in metaphorical,higher in literal,higher in metaphorical,,,,higher in literal,,higher in literal,,higher in metaphorical,,,,
cause reaction / stir reaction,0.7752580294319082,higher in metaphorical,,higher in metaphorical,,higher in metaphorical,higher in metaphorical,higher in metaphorical,higher in metaphorical,higher in metaphorical,higher in metaphorical,higher in metaphorical,higher in metaphorical,higher in literal,,higher in literal,higher in literal,higher in literal,,,,,,higher in literal,higher in literal,,higher in literal,higher in literal,higher in literal,higher in literal,higher in literal,higher in literal,higher in literal,higher in literal,higher in literal,higher in literal,higher in literal,higher in literal,higher in literal,higher in literal,,higher in literal,,higher in literal,higher in literal,higher in literal,higher in literal,higher in literal,higher in literal,,higher in literal,higher in literal,,higher in literal,higher in literal,higher in literal,higher in literal,higher in literal,higher in literal,higher in literal,higher in literal,higher in literal,higher in literal,higher in literal,higher in literal,,,,higher in literal,,higher in literal,higher in literal,higher in literal,higher in literal,higher in literal,,higher in literal,higher in literal,higher in literal,higher in literal,higher in literal,higher in literal,higher in literal,higher in literal,higher in literal,higher in literal,higher in metaphorical,,higher in literal,higher in literal,higher in literal,higher in literal,,higher in literal,,,,,,higher in literal,higher in literal,,,,,higher in literal,,,,,,,higher in literal,higher in literal,,higher in literal,,higher in literal,,higher in literal,higher in literal,higher in literal,higher in metaphorical,higher in literal,higher in literal,,,,,,,,,higher in literal,,higher in literal,,,higher in literal,,,higher in literal,higher in literal,,,,,,,higher in literal,higher in literal,higher in literal,higher in literal,higher in literal,,,,,,,,,,,,,,,
attract worker / suck worker,1.3490430810685314,higher in metaphorical,higher in metaphorical,higher in metaphorical,higher in metaphorical,higher in metaphorical,higher in metaphorical,higher in metaphorical,higher in metaphorical,higher in metaphorical,higher in metaphorical,higher in metaphorical,higher in metaphorical,higher in metaphorical,higher in metaphorical,higher in metaphorical,higher in literal,,higher in literal,higher in literal,higher in literal,higher in literal,higher in literal,higher in literal,higher in literal,higher in literal,higher in literal,higher in literal,higher in metaphorical,higher in metaphorical,higher in metaphorical,higher in metaphorical,,,higher in literal,higher in literal,higher in literal,higher in literal,higher in literal,higher in literal,,higher in literal,higher in literal,higher in metaphorical,,higher in metaphorical,higher in metaphorical,,,,,higher in literal,higher in metaphorical,higher in literal,,,higher in literal,higher in literal,higher in literal,higher in literal,higher in literal,higher in literal,higher in literal,higher in literal,higher in literal,,higher in literal,,,higher in metaphorical,higher in metaphorical,,,higher in metaphorical,higher in literal,higher in literal,higher in literal,higher in literal,,,higher in metaphorical,higher in literal,higher in literal,higher in literal,higher in literal,higher in literal,higher in metaphorical,higher in literal,higher in literal,higher in literal,higher in literal,higher in metaphorical,higher in literal,higher in literal,higher in metaphorical,higher in metaphorical,higher in metaphorical,higher in literal,higher in literal,,higher in literal,higher in literal,higher in literal,higher in literal,higher in metaphorical,,higher in metaphorical,higher in metaphorical,higher in literal,higher in metaphorical,higher in metaphorical,higher in metaphorical,higher in metaphorical,,higher in literal,higher in literal,higher in metaphorical,higher in metaphorical,higher in metaphorical,higher in metaphorical,,,,,,higher in literal,higher in literal,higher in literal,,,higher in literal,higher in literal,higher in metaphorical,higher in literal,higher in literal,higher in literal,,,higher in metaphorical,higher in metaphorical,higher in metaphorical,higher in literal,higher in literal,,higher in metaphorical,higher in metaphorical,higher in metaphorical,,,higher in literal,higher in literal,higher in literal,higher in literal,higher in metaphorical,higher in metaphorical,higher in literal,higher in literal,higher in literal,higher in literal,higher in literal,,,higher in metaphorical,,higher in literal,,,,
attract talent / suck talent,0.791109466448539,higher in metaphorical,,higher in metaphorical,,higher in metaphorical,higher in metaphorical,higher in metaphorical,higher in metaphorical,higher in metaphorical,higher in metaphorical,higher in metaphorical,higher in metaphorical,higher in metaphorical,higher in metaphorical,higher in literal,higher in literal,,higher in metaphorical,,higher in metaphorical,higher in literal,higher in literal,,,higher in metaphorical,,,higher in literal,higher in literal,higher in literal,higher in literal,higher in literal,higher in literal,higher in metaphorical,,,,,,,higher in literal,higher in literal,,,,,,,higher in metaphorical,higher in metaphorical,higher in metaphorical,,higher in literal,higher in literal,higher in literal,higher in literal,higher in literal,higher in literal,higher in metaphorical,,,higher in literal,,,higher in metaphorical,higher in metaphorical,higher in literal,,,,higher in literal,higher in metaphorical,,,higher in metaphorical,,higher in literal,higher in literal,,higher in literal,higher in literal,,higher in literal,higher in literal,higher in literal,higher in metaphorical,higher in metaphorical,,higher in metaphorical,,higher in literal,higher in metaphorical,,,,,,higher in metaphorical,higher in metaphorical,higher in metaphorical,higher in metaphorical,higher in metaphorical,higher in metaphorical,,higher in metaphorical,,,,higher in metaphorical,higher in metaphorical,higher in metaphorical,higher in literal,higher in literal,,higher in metaphorical,higher in literal,higher in literal,,higher in metaphorical,higher in metaphorical,higher in literal,,higher in literal,,higher in metaphorical,,,higher in metaphorical,,,,higher in metaphorical,higher in metaphorical,higher in metaphorical,higher in metaphorical,,,higher in literal,,higher in literal,higher in literal,,,higher in literal,,higher in literal,,,,,higher in metaphorical,,,,higher in literal,,,,,,,,,higher in metaphorical,,,,
address question / tackle question,0.9586692902281643,higher in literal,higher in metaphorical,higher in literal,,higher in literal,higher in literal,higher in literal,higher in literal,,higher in literal,higher in literal,higher in literal,,,higher in literal,higher in metaphorical,higher in literal,,,,,,,,,,,higher in literal,higher in literal,higher in literal,higher in literal,higher in literal,higher in literal,higher in literal,higher in literal,higher in literal,higher in literal,higher in literal,higher in literal,higher in literal,,,higher in literal,higher in literal,higher in literal,higher in literal,,,,,,,higher in literal,higher in literal,higher in literal,higher in literal,higher in literal,higher in literal,higher in literal,higher in literal,higher in literal,higher in literal,higher in literal,higher in literal,higher in literal,higher in literal,higher in literal,,higher in literal,,higher in literal,higher in literal,higher in literal,higher in literal,higher in metaphorical,higher in literal,higher in literal,higher in literal,higher in literal,higher in literal,higher in literal,higher in literal,higher in metaphorical,higher in metaphorical,higher in metaphorical,higher in literal,higher in literal,higher in literal,higher in literal,higher in literal,higher in metaphorical,,,higher in literal,,,higher in literal,higher in literal,higher in literal,higher in literal,,,,higher in literal,,higher in literal,,higher in literal,higher in metaphorical,higher in metaphorical,higher in metaphorical,higher in literal,,,higher in literal,higher in literal,higher in literal,,higher in literal,higher in literal,higher in literal,higher in metaphorical,higher in literal,higher in literal,,,,higher in literal,higher in literal,higher in literal,higher in literal,higher in literal,higher in literal,,,higher in literal,higher in literal,higher in literal,,,higher in literal,higher in literal,higher in literal,higher in literal,higher in literal,higher in literal,higher in literal,,,,,,higher in literal,higher in metaphorical,higher in literal,higher in literal,higher in literal,,,higher in literal,,higher in literal,,,,,,
address issue / tackle issue,0.7413712899299041,higher in literal,higher in metaphorical,higher in literal,higher in literal,higher in literal,higher in literal,,,,higher in literal,higher in literal,,higher in metaphorical,,higher in literal,higher in metaphorical,higher in literal,higher in metaphorical,higher in metaphorical,higher in metaphorical,,,higher in literal,higher in literal,higher in literal,higher in literal,higher in literal,,,,,,,,,,,,,,,,higher in literal,,higher in literal,,higher in literal,higher in literal,higher in literal,higher in literal,higher in literal,higher in literal,,,,,,,,,,,,,,,higher in metaphorical,,higher in metaphorical,higher in literal,,,,higher in metaphorical,higher in metaphorical,,higher in metaphorical,,,higher in literal,,,higher in metaphorical,higher in metaphorical,,,,higher in metaphorical,,higher in metaphorical,higher in metaphorical,higher in metaphorical,higher in literal,higher in literal,higher in literal,higher in literal,,higher in metaphorical,,higher in metaphorical,higher in metaphorical,higher in metaphorical,higher in metaphorical,,higher in literal,higher in literal,higher in literal,higher in metaphorical,higher in metaphorical,higher in metaphorical,higher in metaphorical,higher in metaphorical,higher in metaphorical,higher in metaphorical,,,higher in literal,higher in literal,higher in metaphorical,higher in metaphorical,higher in metaphorical,,,,higher in metaphorical,higher in metaphorical,higher in metaphorical,,,higher in metaphorical,higher in metaphorical,higher in literal,,,higher in metaphorical,,,higher in literal,higher in literal,higher in literal,higher in metaphorical,higher in metaphorical,,higher in literal,higher in literal,higher in literal,,,higher in metaphorical,higher in metaphorical,higher in metaphorical,higher in metaphorical,higher in literal,higher in literal,,higher in metaphorical,higher in metaphorical,,,,,,,,,,,
address problem / tackle problem,0.9148233269504402,,,,higher in literal,,,,,,,,higher in metaphorical,higher in metaphorical,,higher in literal,,higher in literal,higher in metaphorical,higher in metaphorical,higher in metaphorical,,,higher in literal,higher in literal,higher in literal,higher in literal,higher in literal,,,,,,,higher in literal,,,higher in literal,,higher in literal,,,,higher in literal,,higher in literal,,higher in literal,higher in literal,higher in literal,higher in literal,higher in literal,higher in literal,,,,,,,higher in literal,,,higher in literal,,higher in literal,,,higher in metaphorical,higher in literal,higher in metaphorical,higher in literal,higher in literal,higher in literal,higher in literal,higher in literal,higher in metaphorical,higher in literal,,higher in literal,higher in literal,higher in literal,higher in literal,higher in literal,,,,,higher in metaphorical,higher in metaphorical,higher in metaphorical,higher in metaphorical,,higher in metaphorical,higher in literal,higher in literal,higher in literal,higher in literal,higher in metaphorical,higher in metaphorical,,higher in metaphorical,higher in metaphorical,higher in metaphorical,higher in metaphorical,higher in literal,higher in literal,higher in literal,higher in literal,,higher in metaphorical,higher in metaphorical,higher in metaphorical,,higher in metaphorical,,higher in literal,,,higher in literal,higher in metaphorical,higher in literal,higher in literal,,,,higher in metaphorical,higher in metaphorical,higher in metaphorical,,,,,,higher in literal,,higher in metaphorical,higher in literal,higher in literal,higher in literal,higher in literal,higher in literal,,,higher in literal,higher in literal,higher in literal,higher in literal,,,,,,,higher in literal,,,,,,,,,,,higher in metaphorical,,,,
address concern / tackle concern,0.9736203066030129,higher in metaphorical,higher in metaphorical,higher in metaphorical,higher in literal,higher in metaphorical,higher in metaphorical,higher in metaphorical,higher in metaphorical,,higher in metaphorical,higher in metaphorical,higher in metaphorical,higher in literal,,higher in literal,,higher in literal,higher in metaphorical,higher in metaphorical,higher in metaphorical,,,higher in literal,higher in literal,higher in literal,higher in literal,higher in literal,higher in literal,higher in literal,higher in literal,higher in literal,higher in literal,higher in literal,higher in literal,higher in literal,higher in literal,higher in literal,higher in literal,higher in literal,higher in literal,,,higher in literal,,higher in literal,,higher in literal,higher in literal,higher in literal,higher in literal,higher in literal,,higher in literal,higher in literal,higher in literal,higher in literal,higher in literal,higher in literal,higher in literal,higher in literal,higher in literal,higher in literal,higher in literal,higher in literal,higher in literal,,higher in metaphorical,higher in literal,higher in metaphorical,higher in literal,higher in literal,higher in literal,,higher in literal,,higher in literal,higher in literal,higher in literal,higher in literal,higher in literal,higher in literal,higher in literal,,higher in literal,,,,higher in metaphorical,higher in literal,higher in metaphorical,,higher in metaphorical,higher in literal,,,,,higher in metaphorical,higher in literal,higher in metaphorical,higher in metaphorical,higher in metaphorical,higher in metaphorical,higher in literal,higher in literal,,,,higher in metaphorical,higher in metaphorical,higher in metaphorical,higher in literal,,,higher in literal,higher in literal,higher in literal,higher in literal,,higher in literal,higher in literal,higher in metaphorical,,,higher in metaphorical,higher in metaphorical,higher in metaphorical,,higher in metaphorical,,,higher in literal,higher in literal,,higher in metaphorical,higher in literal,higher in literal,,,,,,higher in literal,,,,,,higher in metaphorical,higher in metaphorical,higher in metaphorical,higher in metaphorical,higher in literal,,,higher in metaphorical,,,,higher in literal,higher in literal,higher in literal,higher in literal,,,,,
address challenge / tackle challenge,1.0117245875762522,higher in literal,higher in metaphorical,higher in literal,higher in literal,higher in literal,higher in literal,higher in literal,higher in literal,,higher in literal,higher in literal,higher in literal,higher in metaphorical,higher in metaphorical,higher in literal,higher in metaphorical,higher in literal,higher in metaphorical,higher in metaphorical,higher in metaphorical,higher in metaphorical,higher in metaphorical,higher in literal,higher in literal,higher in literal,higher in literal,higher in literal,higher in literal,higher in literal,higher in literal,higher in literal,higher in literal,higher in literal,higher in literal,higher in literal,higher in literal,higher in literal,higher in literal,higher in literal,higher in literal,higher in metaphorical,higher in metaphorical,higher in literal,,higher in literal,,higher in literal,higher in literal,higher in literal,higher in literal,higher in literal,,higher in literal,higher in literal,higher in literal,higher in literal,higher in literal,higher in literal,higher in literal,higher in literal,higher in literal,higher in literal,higher in literal,higher in literal,higher in literal,,higher in metaphorical,higher in literal,,higher in literal,higher in literal,higher in literal,higher in literal,higher in literal,,higher in literal,,higher in literal,higher in literal,higher in literal,higher in literal,higher in literal,higher in metaphorical,higher in metaphorical,higher in metaphorical,higher in literal,,higher in metaphorical,higher in literal,higher in metaphorical,higher in metaphorical,higher in metaphorical,higher in literal,higher in literal,,,,higher in metaphorical,higher in literal,,higher in metaphorical,higher in metaphorical,higher in metaphorical,higher in literal,higher in literal,,,,higher in metaphorical,higher in metaphorical,higher in metaphorical,,higher in metaphorical,higher in metaphorical,higher in literal,higher in literal,higher in literal,higher in literal,,,higher in literal,higher in metaphorical,,,higher in metaphorical,higher in metaphorical,higher in metaphorical,,,higher in literal,higher in literal,higher in literal,higher in literal,higher in literal,higher in metaphorical,higher in literal,higher in literal,,,,,,higher in literal,,,,,,higher in metaphorical,,higher in metaphorical,,higher in literal,,,,,,,higher in literal,,higher in literal,,,,,,
address point / tackle point,1.1657434183178828,higher in metaphorical,higher in literal,higher in metaphorical,higher in metaphorical,higher in metaphorical,higher in metaphorical,higher in metaphorical,higher in metaphorical,higher in metaphorical,higher in metaphorical,higher in metaphorical,higher in metaphorical,higher in literal,higher in literal,,higher in literal,,higher in literal,higher in literal,higher in literal,higher in literal,higher in literal,,higher in metaphorical,higher in metaphorical,,higher in metaphorical,,,,,,,higher in literal,,,higher in literal,,,,higher in literal,higher in literal,,higher in literal,,higher in literal,,higher in metaphorical,higher in metaphorical,,higher in metaphorical,higher in literal,,,,,,,higher in literal,,,higher in literal,,,,higher in literal,higher in literal,,higher in literal,,,higher in metaphorical,,higher in metaphorical,higher in metaphorical,,higher in literal,higher in metaphorical,,higher in metaphorical,,,higher in literal,higher in literal,higher in literal,higher in metaphorical,higher in literal,higher in literal,higher in literal,higher in literal,higher in literal,higher in literal,higher in metaphorical,higher in literal,higher in literal,higher in literal,higher in literal,higher in literal,higher in literal,higher in literal,higher in literal,higher in literal,higher in literal,,higher in metaphorical,higher in literal,higher in literal,higher in literal,higher in literal,higher in literal,higher in literal,higher in literal,higher in literal,higher in literal,higher in metaphorical,higher in metaphorical,higher in metaphorical,higher in metaphorical,higher in metaphorical,higher in literal,,,higher in literal,higher in literal,higher in literal,higher in literal,higher in literal,higher in literal,higher in literal,higher in literal,higher in literal,higher in metaphorical,higher in metaphorical,higher in metaphorical,higher in literal,,,higher in literal,higher in literal,higher in literal,higher in literal,higher in literal,,higher in literal,higher in literal,higher in literal,higher in literal,,higher in literal,higher in literal,higher in literal,higher in literal,higher in metaphorical,higher in metaphorical,higher in literal,higher in literal,higher in literal,,,,,,,higher in literal,,,,
address crisis / tackle crisis,0.5540960332223019,,,,higher in literal,,,,,,,,higher in literal,,,,higher in metaphorical,,higher in metaphorical,higher in metaphorical,higher in metaphorical,,,,,,,,higher in literal,,,higher in literal,higher in literal,higher in literal,higher in literal,higher in literal,higher in literal,higher in literal,higher in literal,higher in literal,,,,,higher in metaphorical,,higher in metaphorical,,,,,higher in literal,higher in metaphorical,higher in literal,,,higher in literal,higher in literal,higher in literal,higher in literal,higher in literal,higher in literal,higher in literal,higher in literal,higher in literal,,,higher in metaphorical,,higher in metaphorical,,higher in literal,higher in literal,,higher in literal,higher in literal,higher in literal,higher in literal,,higher in literal,higher in literal,higher in literal,higher in literal,,,,,higher in metaphorical,higher in metaphorical,,higher in metaphorical,,higher in metaphorical,,higher in metaphorical,higher in metaphorical,higher in metaphorical,,higher in metaphorical,,higher in metaphorical,higher in metaphorical,higher in metaphorical,higher in metaphorical,,,higher in metaphorical,higher in metaphorical,higher in metaphorical,higher in metaphorical,,higher in metaphorical,higher in literal,higher in literal,higher in literal,,,,,,higher in literal,higher in literal,,higher in metaphorical,higher in metaphorical,higher in metaphorical,higher in metaphorical,higher in metaphorical,higher in metaphorical,higher in metaphorical,higher in metaphorical,higher in metaphorical,,,higher in metaphorical,higher in metaphorical,,,,higher in metaphorical,higher in metaphorical,,,,,higher in metaphorical,higher in metaphorical,,,higher in metaphorical,,higher in metaphorical,,,,higher in metaphorical,higher in metaphorical,higher in metaphorical,higher in literal,higher in literal,,,,,,,,,
address matter / tackle matter,0.7508464639194907,higher in metaphorical,higher in literal,higher in metaphorical,higher in metaphorical,higher in metaphorical,higher in metaphorical,higher in metaphorical,higher in metaphorical,,higher in metaphorical,higher in metaphorical,higher in metaphorical,,,higher in metaphorical,higher in literal,higher in metaphorical,higher in literal,higher in literal,higher in literal,,,,,higher in metaphorical,,,,,,,higher in metaphorical,higher in metaphorical,,,,,higher in metaphorical,higher in metaphorical,higher in metaphorical,,higher in metaphorical,higher in metaphorical,,higher in metaphorical,,,,higher in metaphorical,,,higher in metaphorical,,,,,higher in metaphorical,higher in metaphorical,,,,,higher in metaphorical,higher in metaphorical,higher in metaphorical,,,,,,higher in metaphorical,higher in metaphorical,higher in metaphorical,higher in metaphorical,higher in metaphorical,higher in metaphorical,,higher in metaphorical,,higher in metaphorical,higher in metaphorical,higher in metaphorical,higher in literal,higher in literal,,,,higher in literal,,higher in literal,higher in literal,higher in literal,higher in metaphorical,higher in metaphorical,higher in metaphorical,higher in metaphorical,,higher in literal,,higher in literal,higher in literal,higher in literal,higher in literal,higher in metaphorical,higher in metaphorical,higher in metaphorical,higher in metaphorical,higher in literal,higher in literal,higher in literal,higher in literal,higher in metaphorical,,,higher in metaphorical,higher in metaphorical,higher in metaphorical,,,,higher in metaphorical,,,,higher in literal,higher in literal,higher in literal,,higher in literal,higher in literal,higher in literal,higher in metaphorical,higher in metaphorical,higher in literal,higher in literal,higher in metaphorical,higher in metaphorical,higher in metaphorical,higher in metaphorical,higher in metaphorical,,,higher in metaphorical,higher in metaphorical,higher in metaphorical,higher in metaphorical,,,higher in literal,higher in literal,higher in literal,higher in literal,higher in metaphorical,,,higher in literal,higher in literal,higher in metaphorical,higher in metaphorical,higher in metaphorical,higher in metaphorical,higher in metaphorical,higher in metaphorical,,higher in metaphorical,higher in metaphorical,,
experience freedom / taste freedom,0.8922382223630702,higher in metaphorical,,higher in metaphorical,higher in metaphorical,higher in metaphorical,higher in metaphorical,higher in metaphorical,,,higher in metaphorical,higher in metaphorical,higher in metaphorical,higher in literal,,higher in metaphorical,higher in literal,higher in metaphorical,higher in literal,higher in literal,higher in literal,higher in literal,higher in literal,,higher in literal,,higher in literal,higher in literal,higher in metaphorical,higher in metaphorical,higher in metaphorical,higher in metaphorical,higher in metaphorical,higher in metaphorical,higher in literal,higher in literal,higher in literal,higher in literal,higher in literal,,higher in metaphorical,higher in literal,higher in literal,higher in metaphorical,,higher in metaphorical,,,higher in literal,,higher in literal,higher in literal,higher in literal,higher in metaphorical,higher in metaphorical,higher in metaphorical,higher in metaphorical,higher in metaphorical,higher in metaphorical,higher in literal,higher in literal,higher in literal,higher in literal,higher in literal,,higher in metaphorical,,,,,,higher in literal,,higher in literal,higher in literal,,higher in literal,,,higher in metaphorical,,higher in metaphorical,higher in metaphorical,higher in literal,higher in literal,higher in literal,higher in metaphorical,higher in literal,higher in literal,higher in literal,higher in literal,higher in literal,higher in literal,,,higher in literal,higher in literal,higher in literal,higher in literal,higher in literal,higher in literal,higher in literal,higher in literal,higher in literal,higher in metaphorical,,,higher in literal,,higher in literal,higher in literal,higher in literal,,,,,,,higher in metaphorical,,,,higher in metaphorical,,,higher in literal,higher in literal,higher in literal,,higher in literal,,,higher in literal,higher in literal,higher in literal,higher in literal,higher in metaphorical,higher in metaphorical,,,,higher in literal,higher in literal,higher in metaphorical,,,,,,higher in literal,higher in literal,higher in literal,,,higher in metaphorical,higher in literal,higher in literal,,,,higher in metaphorical,higher in literal,higher in metaphorical,higher in literal,higher in literal,,,higher in literal,
experience pain / taste pain,1.1887726025563468,higher in metaphorical,higher in literal,higher in metaphorical,,higher in metaphorical,higher in metaphorical,higher in metaphorical,higher in metaphorical,higher in metaphorical,higher in metaphorical,higher in metaphorical,higher in metaphorical,higher in literal,higher in literal,higher in literal,higher in literal,higher in literal,higher in literal,,higher in literal,higher in literal,higher in literal,,,higher in literal,higher in literal,higher in literal,higher in literal,higher in literal,higher in literal,higher in literal,higher in literal,higher in literal,,,,,,higher in metaphorical,higher in literal,higher in literal,higher in literal,higher in literal,higher in literal,higher in literal,higher in literal,,,higher in literal,higher in literal,higher in literal,,higher in literal,higher in literal,higher in literal,higher in literal,higher in literal,higher in literal,,,,higher in metaphorical,higher in metaphorical,higher in metaphorical,higher in literal,higher in metaphorical,higher in literal,higher in literal,higher in literal,,higher in literal,higher in literal,higher in literal,,higher in metaphorical,higher in literal,,higher in literal,higher in literal,higher in literal,higher in metaphorical,higher in metaphorical,higher in literal,higher in literal,higher in literal,higher in metaphorical,,higher in literal,,higher in literal,higher in literal,,,higher in metaphorical,,,higher in metaphorical,higher in metaphorical,higher in literal,,higher in metaphorical,higher in metaphorical,,higher in literal,,higher in metaphorical,,higher in literal,higher in metaphorical,higher in literal,higher in literal,,higher in metaphorical,higher in metaphorical,higher in literal,,higher in metaphorical,higher in metaphorical,higher in metaphorical,higher in metaphorical,,,higher in literal,higher in literal,,higher in metaphorical,,,,higher in literal,higher in literal,higher in literal,higher in literal,higher in metaphorical,,higher in literal,higher in literal,higher in literal,higher in literal,higher in literal,,,higher in literal,higher in metaphorical,,higher in metaphorical,higher in metaphorical,,higher in literal,higher in literal,higher in literal,higher in literal,higher in literal,higher in metaphorical,higher in literal,,higher in literal,,,,,,,higher in metaphorical,,,,
make remark / throw remark,0.7175503347616722,higher in metaphorical,higher in literal,higher in metaphorical,higher in metaphorical,higher in metaphorical,higher in metaphorical,higher in metaphorical,higher in metaphorical,higher in metaphorical,higher in metaphorical,higher in metaphorical,higher in metaphorical,higher in metaphorical,higher in metaphorical,higher in metaphorical,higher in metaphorical,higher in metaphorical,,higher in literal,higher in literal,,,higher in literal,higher in literal,higher in literal,higher in literal,higher in literal,higher in metaphorical,higher in metaphorical,higher in metaphorical,higher in metaphorical,higher in metaphorical,higher in metaphorical,,higher in metaphorical,higher in metaphorical,,,higher in metaphorical,higher in metaphorical,,higher in metaphorical,higher in metaphorical,,higher in metaphorical,,higher in literal,higher in literal,higher in literal,higher in literal,higher in literal,higher in metaphorical,higher in metaphorical,higher in metaphorical,higher in metaphorical,higher in metaphorical,higher in metaphorical,higher in metaphorical,,,,,,higher in metaphorical,higher in metaphorical,,,higher in literal,,higher in literal,higher in metaphorical,higher in literal,,,,,higher in metaphorical,higher in metaphorical,higher in literal,higher in metaphorical,,higher in metaphorical,higher in literal,higher in literal,higher in literal,higher in metaphorical,,,,,higher in metaphorical,higher in literal,higher in literal,,,higher in metaphorical,,higher in literal,,,higher in literal,higher in literal,higher in literal,higher in metaphorical,higher in literal,,,,,higher in literal,,higher in metaphorical,higher in metaphorical,,,,higher in metaphorical,higher in literal,higher in literal,,higher in metaphorical,,,,higher in literal,higher in literal,higher in literal,higher in literal,,higher in metaphorical,higher in metaphorical,,higher in metaphorical,higher in literal,,higher in metaphorical,higher in metaphorical,,,,higher in metaphorical,,higher in metaphorical,,,,,,,,,,,,,,,,higher in literal,higher in metaphorical,,higher in metaphorical,,higher in literal,,,,
make comment / throw comment,0.5072209319175257,higher in metaphorical,higher in literal,higher in metaphorical,higher in metaphorical,higher in metaphorical,higher in metaphorical,higher in metaphorical,higher in metaphorical,,higher in metaphorical,higher in metaphorical,higher in metaphorical,,,,,,,higher in literal,higher in literal,higher in literal,higher in literal,,,higher in literal,,,,higher in metaphorical,higher in metaphorical,,higher in metaphorical,higher in metaphorical,,,,,,,,higher in literal,higher in literal,,,,,,,higher in literal,,,,,higher in metaphorical,,,higher in metaphorical,higher in metaphorical,,,,,,,,higher in literal,higher in literal,,higher in literal,,,,higher in metaphorical,higher in literal,,higher in literal,,higher in metaphorical,,higher in metaphorical,,higher in metaphorical,higher in literal,higher in literal,higher in literal,,higher in literal,higher in literal,,,,higher in literal,higher in literal,,,,higher in literal,,,,higher in literal,,,higher in metaphorical,higher in literal,,,higher in metaphorical,,higher in metaphorical,,higher in metaphorical,,,,higher in metaphorical,higher in metaphorical,higher in literal,higher in metaphorical,,higher in metaphorical,higher in metaphorical,,,higher in literal,higher in literal,higher in literal,higher in literal,higher in literal,higher in metaphorical,higher in metaphorical,,higher in metaphorical,higher in literal,,,higher in metaphorical,,,,higher in literal,,,,,,,,higher in metaphorical,,higher in metaphorical,,higher in metaphorical,,higher in literal,higher in literal,higher in metaphorical,higher in literal,,higher in metaphorical,,higher in metaphorical,,,higher in literal,,,
misinterpret word / twist word,0.6085871337822668,higher in literal,,higher in literal,,higher in literal,higher in literal,higher in literal,higher in literal,,higher in literal,higher in literal,higher in literal,,,,higher in literal,,higher in literal,,,higher in literal,higher in literal,higher in metaphorical,higher in metaphorical,,higher in metaphorical,higher in metaphorical,higher in metaphorical,higher in metaphorical,higher in metaphorical,higher in metaphorical,higher in metaphorical,higher in metaphorical,,higher in metaphorical,,higher in metaphorical,higher in metaphorical,,,,,,higher in metaphorical,higher in metaphorical,higher in metaphorical,higher in metaphorical,higher in metaphorical,higher in metaphorical,higher in metaphorical,higher in metaphorical,,higher in metaphorical,higher in metaphorical,higher in metaphorical,higher in metaphorical,higher in metaphorical,higher in metaphorical,higher in metaphorical,higher in metaphorical,,higher in metaphorical,higher in metaphorical,higher in metaphorical,,higher in metaphorical,,higher in metaphorical,,higher in metaphorical,higher in literal,higher in literal,higher in literal,higher in literal,,higher in literal,,,,higher in literal,higher in literal,,higher in metaphorical,higher in metaphorical,higher in metaphorical,higher in literal,,,higher in metaphorical,higher in metaphorical,higher in literal,,,higher in metaphorical,,,,higher in metaphorical,higher in metaphorical,higher in metaphorical,,higher in literal,higher in metaphorical,,,higher in metaphorical,,higher in metaphorical,,,,,,,,,,higher in literal,higher in metaphorical,,higher in literal,,higher in metaphorical,higher in metaphorical,,,higher in metaphorical,,,higher in metaphorical,higher in metaphorical,,higher in metaphorical,,,,,higher in metaphorical,,,higher in metaphorical,higher in metaphorical,,,,,higher in metaphorical,,,,,,higher in literal,,,,higher in metaphorical,,,higher in metaphorical,,higher in metaphorical,higher in literal,,,,,
misinterpret fact / twist fact,0.6050998684225687,higher in literal,,higher in literal,higher in metaphorical,higher in literal,higher in literal,higher in literal,higher in literal,higher in literal,higher in literal,higher in literal,higher in literal,higher in metaphorical,higher in metaphorical,,,,higher in metaphorical,,higher in metaphorical,,,,,,higher in metaphorical,,,higher in metaphorical,,,,,higher in literal,,,higher in literal,,higher in literal,,,,higher in metaphorical,higher in metaphorical,,,,,,higher in metaphorical,,higher in literal,higher in metaphorical,higher in metaphorical,higher in metaphorical,higher in literal,,,higher in literal,,higher in literal,higher in literal,higher in literal,higher in literal,,higher in metaphorical,,higher in metaphorical,,higher in metaphorical,,higher in literal,higher in metaphorical,higher in literal,higher in literal,higher in literal,,,,,,,higher in metaphorical,higher in metaphorical,higher in metaphorical,higher in literal,,higher in metaphorical,,,,,,higher in literal,higher in literal,higher in literal,,higher in metaphorical,,,,higher in metaphorical,,,,higher in literal,higher in literal,,higher in metaphorical,higher in metaphorical,,higher in metaphorical,,,,,,higher in metaphorical,higher in metaphorical,higher in metaphorical,,,higher in metaphorical,,,,higher in literal,higher in metaphorical,,,,higher in metaphorical,higher in metaphorical,higher in literal,,,,,,,higher in metaphorical,higher in metaphorical,,,,,higher in metaphorical,,,,,,,,higher in metaphorical,,,,,,,,,higher in metaphorical,,,,
misinterpret meaning / twist meaning,0.6467260330868045,higher in literal,,higher in literal,,higher in literal,,,higher in literal,,higher in literal,,,,higher in literal,higher in literal,,,higher in metaphorical,higher in metaphorical,,,,,,higher in literal,,,,,,,,,higher in literal,higher in literal,higher in literal,higher in literal,higher in literal,higher in literal,higher in literal,,,higher in literal,,,higher in metaphorical,,,higher in literal,,,higher in metaphorical,,,,,,,higher in literal,higher in literal,higher in literal,higher in literal,higher in literal,higher in literal,higher in literal,,higher in metaphorical,,higher in metaphorical,higher in metaphorical,,higher in literal,higher in metaphorical,higher in literal,higher in metaphorical,higher in literal,higher in metaphorical,higher in literal,higher in literal,higher in literal,higher in literal,higher in literal,higher in metaphorical,higher in metaphorical,,,higher in literal,higher in metaphorical,,higher in metaphorical,,higher in metaphorical,higher in literal,,,,higher in literal,higher in metaphorical,,higher in metaphorical,higher in metaphorical,higher in metaphorical,higher in metaphorical,higher in literal,higher in literal,higher in metaphorical,higher in metaphorical,higher in metaphorical,higher in metaphorical,higher in metaphorical,higher in metaphorical,higher in metaphorical,higher in metaphorical,higher in metaphorical,,higher in literal,higher in literal,higher in metaphorical,,higher in metaphorical,higher in metaphorical,higher in metaphorical,,higher in metaphorical,,,higher in metaphorical,,higher in metaphorical,higher in metaphorical,higher in metaphorical,higher in metaphorical,higher in literal,higher in literal,higher in metaphorical,higher in literal,higher in literal,,,,,,higher in literal,,,,,,higher in metaphorical,higher in metaphorical,higher in metaphorical,,,,,higher in metaphorical,higher in metaphorical,,,higher in literal,,higher in literal,,,,,,
misinterpret comment / twist comment,0.7775803004124645,higher in metaphorical,higher in metaphorical,higher in metaphorical,higher in metaphorical,,higher in metaphorical,,,higher in metaphorical,higher in metaphorical,higher in metaphorical,higher in metaphorical,,,,,,higher in metaphorical,,higher in metaphorical,,,,,higher in literal,,,higher in metaphorical,higher in metaphorical,higher in metaphorical,higher in metaphorical,higher in metaphorical,higher in metaphorical,higher in literal,higher in literal,higher in literal,higher in literal,,higher in literal,higher in literal,,,,higher in metaphorical,,higher in metaphorical,,,higher in literal,,,higher in metaphorical,higher in metaphorical,higher in metaphorical,higher in metaphorical,higher in metaphorical,higher in metaphorical,higher in metaphorical,higher in literal,higher in literal,higher in literal,higher in literal,,higher in literal,higher in literal,,,,,,higher in literal,higher in literal,higher in literal,,,,,higher in literal,higher in literal,higher in literal,higher in metaphorical,higher in metaphorical,,,higher in literal,higher in metaphorical,,higher in metaphorical,,higher in metaphorical,,higher in metaphorical,higher in literal,higher in metaphorical,higher in metaphorical,higher in metaphorical,,higher in metaphorical,,higher in metaphorical,higher in metaphorical,higher in metaphorical,higher in metaphorical,higher in literal,higher in literal,higher in metaphorical,higher in metaphorical,,higher in metaphorical,higher in metaphorical,higher in metaphorical,,,higher in metaphorical,higher in metaphorical,higher in literal,higher in literal,higher in metaphorical,higher in metaphorical,,higher in literal,higher in metaphorical,higher in metaphorical,higher in metaphorical,,,,higher in metaphorical,higher in metaphorical,higher in metaphorical,higher in metaphorical,higher in metaphorical,,,higher in metaphorical,higher in literal,higher in literal,,,,,,higher in literal,,,,,,,,,,higher in literal,higher in metaphorical,higher in metaphorical,higher in metaphorical,,,,higher in literal,,higher in literal,,higher in metaphorical,,,,
misinterpret situation / twist situation,1.3088233828841833,,,,higher in literal,higher in literal,,higher in literal,,,higher in literal,higher in literal,higher in literal,higher in metaphorical,,higher in metaphorical,higher in literal,higher in metaphorical,higher in literal,higher in metaphorical,higher in literal,higher in literal,,higher in metaphorical,,higher in metaphorical,higher in metaphorical,,,higher in metaphorical,higher in metaphorical,higher in metaphorical,higher in metaphorical,higher in metaphorical,higher in metaphorical,higher in metaphorical,higher in metaphorical,higher in metaphorical,higher in metaphorical,higher in metaphorical,higher in metaphorical,,,higher in metaphorical,higher in metaphorical,higher in metaphorical,higher in metaphorical,higher in metaphorical,,higher in metaphorical,higher in metaphorical,,higher in metaphorical,higher in metaphorical,higher in metaphorical,higher in metaphorical,higher in metaphorical,higher in metaphorical,higher in metaphorical,higher in metaphorical,higher in metaphorical,,higher in metaphorical,higher in metaphorical,higher in metaphorical,higher in metaphorical,higher in metaphorical,higher in metaphorical,,higher in metaphorical,higher in metaphorical,higher in literal,higher in literal,higher in literal,,higher in metaphorical,higher in literal,,higher in literal,,,higher in metaphorical,higher in metaphorical,higher in metaphorical,higher in metaphorical,higher in literal,,higher in metaphorical,higher in metaphorical,higher in metaphorical,higher in metaphorical,higher in metaphorical,higher in metaphorical,higher in metaphorical,higher in metaphorical,higher in metaphorical,higher in metaphorical,higher in metaphorical,higher in metaphorical,higher in metaphorical,higher in metaphorical,higher in metaphorical,higher in literal,higher in metaphorical,higher in metaphorical,higher in metaphorical,higher in metaphorical,higher in metaphorical,higher in metaphorical,,higher in metaphorical,higher in metaphorical,higher in metaphorical,higher in metaphorical,higher in metaphorical,,,,higher in metaphorical,,,higher in literal,higher in literal,higher in metaphorical,higher in metaphorical,higher in metaphorical,higher in metaphorical,higher in metaphorical,higher in metaphorical,higher in metaphorical,higher in metaphorical,higher in metaphorical,higher in metaphorical,,higher in literal,higher in metaphorical,higher in metaphorical,higher in metaphorical,higher in metaphorical,higher in metaphorical,higher in metaphorical,higher in metaphorical,higher in metaphorical,higher in metaphorical,higher in metaphorical,higher in metaphorical,higher in metaphorical,higher in metaphorical,,higher in metaphorical,higher in metaphorical,higher in metaphorical,higher in metaphorical,,higher in metaphorical,higher in metaphorical,higher in metaphorical,higher in metaphorical,,,higher in metaphorical,,higher in metaphorical,,higher in literal,,,,
misinterpret information / twist information,0.7875871151444107,higher in metaphorical,higher in literal,higher in metaphorical,,higher in metaphorical,higher in metaphorical,higher in metaphorical,higher in metaphorical,higher in metaphorical,higher in metaphorical,higher in metaphorical,higher in metaphorical,higher in metaphorical,higher in metaphorical,higher in metaphorical,higher in metaphorical,,higher in metaphorical,higher in metaphorical,higher in metaphorical,higher in metaphorical,higher in metaphorical,,,,,,higher in literal,higher in literal,higher in literal,,,,higher in literal,higher in literal,higher in literal,higher in literal,,,,higher in metaphorical,higher in metaphorical,,,,,,higher in literal,,,,higher in literal,higher in literal,higher in literal,higher in literal,,,higher in literal,higher in literal,,higher in literal,higher in literal,,,,,higher in metaphorical,,,,higher in literal,higher in literal,higher in literal,,higher in literal,,higher in literal,higher in literal,higher in literal,higher in literal,higher in metaphorical,higher in metaphorical,higher in literal,higher in literal,higher in literal,higher in metaphorical,higher in metaphorical,higher in metaphorical,higher in metaphorical,higher in metaphorical,higher in metaphorical,higher in metaphorical,,higher in literal,higher in literal,higher in literal,higher in metaphorical,higher in metaphorical,higher in metaphorical,higher in metaphorical,higher in metaphorical,higher in metaphorical,higher in metaphorical,,,higher in literal,higher in literal,,higher in metaphorical,,,higher in literal,,,,higher in literal,,higher in metaphorical,higher in metaphorical,,higher in literal,higher in literal,,,higher in metaphorical,higher in metaphorical,higher in metaphorical,,,,,higher in literal,higher in literal,higher in literal,higher in metaphorical,higher in metaphorical,,,,,,,,,,,,,,,,,higher in literal,higher in literal,higher in metaphorical,,,,,,,,,higher in metaphorical,,,,
misinterpret message / twist message,0.692788627922989,higher in metaphorical,higher in metaphorical,,higher in literal,,,,,higher in metaphorical,higher in metaphorical,higher in metaphorical,higher in metaphorical,higher in metaphorical,higher in metaphorical,,higher in metaphorical,,higher in metaphorical,higher in metaphorical,higher in literal,higher in metaphorical,higher in metaphorical,higher in metaphorical,higher in metaphorical,,higher in metaphorical,,higher in literal,higher in literal,higher in literal,,,,,,,,,,,higher in metaphorical,higher in metaphorical,,,,,,,,,,,higher in literal,higher in literal,higher in literal,,,,,,,,,,,,,higher in metaphorical,,higher in metaphorical,higher in literal,higher in literal,higher in literal,higher in literal,,higher in literal,higher in metaphorical,,higher in literal,higher in literal,higher in literal,higher in literal,,higher in literal,,higher in metaphorical,higher in metaphorical,higher in metaphorical,higher in metaphorical,higher in metaphorical,higher in metaphorical,higher in metaphorical,,,,,higher in metaphorical,higher in metaphorical,,higher in metaphorical,higher in metaphorical,higher in metaphorical,higher in metaphorical,higher in literal,,,,higher in metaphorical,higher in literal,higher in literal,higher in literal,higher in metaphorical,higher in metaphorical,higher in metaphorical,higher in literal,,,,higher in metaphorical,higher in metaphorical,,,higher in metaphorical,higher in metaphorical,higher in metaphorical,higher in metaphorical,higher in metaphorical,,,,,higher in metaphorical,higher in literal,,higher in metaphorical,,,higher in metaphorical,,,higher in metaphorical,,,higher in metaphorical,,higher in metaphorical,,higher in literal,higher in metaphorical,,,,higher in literal,higher in literal,higher in metaphorical,higher in metaphorical,higher in metaphorical,,,,,,,higher in literal,,,,
have smile / wear smile,0.9456290656839987,higher in metaphorical,higher in metaphorical,higher in metaphorical,higher in metaphorical,higher in metaphorical,higher in metaphorical,higher in metaphorical,higher in metaphorical,,higher in metaphorical,higher in metaphorical,higher in metaphorical,,,higher in literal,higher in metaphorical,higher in literal,higher in literal,higher in literal,higher in literal,higher in metaphorical,higher in metaphorical,higher in literal,higher in literal,higher in literal,higher in literal,higher in literal,higher in literal,higher in literal,higher in literal,higher in literal,higher in literal,higher in literal,higher in literal,higher in literal,higher in literal,higher in literal,higher in literal,higher in literal,higher in literal,,,higher in literal,higher in literal,higher in literal,higher in literal,higher in literal,higher in literal,higher in literal,higher in literal,higher in literal,,higher in literal,higher in literal,higher in literal,higher in literal,higher in literal,higher in literal,higher in literal,higher in literal,higher in literal,higher in literal,higher in literal,higher in literal,higher in literal,higher in literal,,higher in literal,,higher in literal,,higher in metaphorical,higher in metaphorical,,,,higher in literal,,,,higher in literal,higher in literal,higher in literal,higher in literal,,,higher in literal,higher in literal,higher in literal,higher in literal,higher in metaphorical,,higher in literal,,,,higher in literal,higher in literal,higher in literal,higher in literal,higher in literal,higher in literal,higher in literal,higher in literal,higher in literal,,,higher in literal,higher in literal,higher in literal,higher in literal,higher in literal,higher in literal,,,,,,higher in literal,,,higher in metaphorical,higher in literal,higher in literal,higher in literal,higher in literal,higher in literal,higher in literal,higher in literal,higher in literal,higher in literal,,,,,higher in literal,higher in literal,,,,higher in literal,higher in literal,higher in literal,,,,higher in literal,,higher in literal,higher in literal,higher in literal,higher in literal,,,higher in literal,higher in literal,higher in literal,,,higher in literal,,higher in literal,,,,,,
