vo_pair,mean_abs_diff,basic_nfunction_types,lexical_density_tokens,log_ttr_aw,log_ttr_cw,maas_ttr_aw,maas_ttr_cw,maas_ttr_fw,mattr50_fw,msttr50_fw,hdd42_fw,mtld_original_fw,mtld_ma_bi_fw,mtld_ma_wrap_cw,mtld_ma_wrap_fw,basic_ntypes,basic_ncontent_types,lexical_density_types,simple_ttr_aw,simple_ttr_cw,simple_ttr_fw,root_ttr_aw,root_ttr_cw,root_ttr_fw,log_ttr_fw,mattr50_aw,msttr50_aw,msttr50_cw,hdd42_aw,mtld_original_aw,mtld_original_cw,mtld_ma_bi_aw,mtld_ma_wrap_aw,mattr50_cw,mtld_ma_bi_cw,basic_ntokens,basic_ncontent_tokens,basic_nfunction_tokens,hdd42_cw
assimilate information / absorb information,0.5231554648119957,higher in metaphorical,higher in literal,higher in literal,higher in literal,higher in metaphorical,higher in metaphorical,higher in literal,higher in metaphorical,higher in metaphorical,higher in metaphorical,higher in metaphorical,higher in metaphorical,higher in literal,higher in metaphorical,,,,,,,,,,,,,,,,,,,,,,,,
assimilate material / absorb material,0.5933634931211741,higher in metaphorical,higher in metaphorical,higher in literal,higher in literal,,higher in metaphorical,,,,,,,higher in metaphorical,,higher in metaphorical,higher in metaphorical,higher in metaphorical,higher in literal,higher in literal,higher in literal,higher in metaphorical,higher in metaphorical,higher in literal,higher in literal,higher in metaphorical,higher in metaphorical,higher in metaphorical,higher in metaphorical,higher in metaphorical,higher in metaphorical,higher in metaphorical,higher in metaphorical,,,,,,
assimilate lesson / absorb lesson,1.1891727533065242,higher in metaphorical,,higher in literal,higher in literal,,higher in metaphorical,higher in metaphorical,higher in metaphorical,higher in metaphorical,higher in metaphorical,higher in metaphorical,higher in metaphorical,higher in metaphorical,higher in metaphorical,higher in metaphorical,higher in metaphorical,higher in metaphorical,higher in literal,higher in literal,higher in literal,higher in metaphorical,higher in metaphorical,higher in literal,higher in literal,higher in metaphorical,higher in metaphorical,higher in metaphorical,higher in metaphorical,higher in metaphorical,higher in metaphorical,higher in metaphorical,higher in metaphorical,higher in metaphorical,higher in metaphorical,,,,
assimilate content / absorb content,0.9132581186967692,higher in metaphorical,higher in metaphorical,,,higher in literal,,,higher in metaphorical,higher in metaphorical,higher in metaphorical,higher in metaphorical,higher in metaphorical,higher in metaphorical,,,,higher in metaphorical,higher in literal,,higher in literal,higher in metaphorical,higher in metaphorical,,higher in literal,higher in metaphorical,higher in metaphorical,higher in metaphorical,higher in metaphorical,higher in metaphorical,higher in metaphorical,higher in metaphorical,higher in metaphorical,higher in metaphorical,higher in metaphorical,,,,
assimilate concept / absorb concept,0.5963530590793195,,,,,higher in metaphorical,,higher in literal,higher in metaphorical,higher in metaphorical,higher in metaphorical,higher in metaphorical,higher in metaphorical,,higher in metaphorical,,,,,,,,,,,higher in metaphorical,higher in metaphorical,,higher in metaphorical,higher in metaphorical,,higher in metaphorical,higher in metaphorical,,,,,,
assimilate thought / absorb thought,0.6381124824242567,,higher in literal,higher in literal,,higher in metaphorical,higher in metaphorical,higher in metaphorical,higher in metaphorical,,higher in metaphorical,,,higher in metaphorical,,,,higher in metaphorical,higher in literal,higher in literal,higher in literal,higher in metaphorical,higher in metaphorical,higher in literal,higher in literal,,,,,,higher in metaphorical,,,higher in metaphorical,higher in metaphorical,,,,
pay cost / absorb cost,0.5793763851143376,higher in literal,,,,,,,higher in metaphorical,higher in metaphorical,,higher in metaphorical,higher in metaphorical,,higher in metaphorical,higher in literal,higher in literal,,,,,,,,,higher in metaphorical,higher in metaphorical,higher in metaphorical,higher in metaphorical,higher in metaphorical,,higher in metaphorical,higher in metaphorical,higher in metaphorical,,higher in literal,higher in literal,higher in literal,
pay fee / absorb fee,1.3906490376926441,higher in literal,higher in metaphorical,higher in metaphorical,higher in metaphorical,higher in literal,higher in literal,higher in metaphorical,,higher in metaphorical,,,higher in literal,higher in literal,higher in literal,higher in literal,higher in literal,higher in literal,higher in metaphorical,higher in metaphorical,higher in metaphorical,higher in literal,higher in literal,higher in metaphorical,higher in metaphorical,higher in metaphorical,higher in metaphorical,higher in literal,,higher in metaphorical,higher in literal,,higher in metaphorical,higher in literal,higher in literal,higher in literal,higher in literal,higher in literal,higher in literal
pay bill / absorb bill,2.108094163865195,higher in literal,higher in metaphorical,higher in metaphorical,higher in metaphorical,higher in literal,higher in literal,higher in literal,higher in metaphorical,higher in metaphorical,,higher in metaphorical,,higher in literal,,higher in literal,higher in literal,higher in literal,higher in metaphorical,higher in metaphorical,higher in metaphorical,higher in literal,higher in literal,higher in metaphorical,higher in metaphorical,higher in metaphorical,higher in metaphorical,higher in literal,higher in metaphorical,higher in metaphorical,higher in literal,,higher in metaphorical,higher in literal,higher in literal,higher in literal,higher in literal,higher in literal,higher in literal
pay tax / absorb tax,1.6446159891561032,higher in literal,,higher in metaphorical,higher in metaphorical,higher in literal,higher in literal,higher in metaphorical,higher in literal,higher in literal,higher in literal,higher in literal,higher in literal,,higher in literal,higher in literal,higher in literal,higher in literal,higher in metaphorical,higher in metaphorical,higher in metaphorical,higher in literal,higher in literal,higher in metaphorical,higher in metaphorical,,,higher in metaphorical,higher in literal,higher in literal,,higher in literal,higher in literal,higher in metaphorical,higher in literal,higher in literal,higher in literal,higher in literal,higher in literal
pay debt / absorb debt,1.3539741778616488,higher in literal,higher in metaphorical,higher in metaphorical,higher in metaphorical,higher in literal,higher in literal,higher in metaphorical,higher in literal,higher in literal,higher in literal,higher in literal,higher in literal,,higher in literal,higher in literal,higher in literal,higher in literal,higher in metaphorical,higher in metaphorical,higher in metaphorical,higher in literal,higher in literal,higher in metaphorical,higher in metaphorical,,higher in metaphorical,higher in metaphorical,higher in literal,higher in metaphorical,,,higher in metaphorical,higher in metaphorical,,higher in literal,higher in literal,higher in literal,
pay interest / absorb interest,1.6036626743231372,higher in literal,,higher in metaphorical,higher in metaphorical,higher in literal,higher in literal,higher in metaphorical,higher in literal,higher in literal,higher in literal,higher in literal,higher in literal,higher in metaphorical,higher in literal,higher in literal,higher in literal,,higher in metaphorical,higher in metaphorical,,higher in metaphorical,higher in metaphorical,higher in metaphorical,higher in metaphorical,higher in literal,higher in literal,higher in metaphorical,higher in literal,,higher in metaphorical,higher in literal,higher in literal,higher in metaphorical,higher in metaphorical,higher in literal,higher in literal,higher in literal,higher in metaphorical
pay expense / absorb expense,2.0128266600425992,higher in literal,higher in metaphorical,higher in metaphorical,higher in metaphorical,higher in literal,higher in literal,,higher in metaphorical,higher in metaphorical,,,higher in metaphorical,,higher in metaphorical,higher in literal,higher in literal,higher in literal,higher in metaphorical,higher in metaphorical,higher in metaphorical,higher in literal,higher in literal,higher in metaphorical,higher in metaphorical,higher in metaphorical,higher in metaphorical,higher in metaphorical,higher in metaphorical,higher in metaphorical,,higher in metaphorical,higher in metaphorical,higher in metaphorical,higher in literal,higher in literal,higher in literal,higher in literal,
misuse alcohol / abuse alcohol,0.6949287024598236,higher in metaphorical,higher in literal,,,higher in literal,higher in literal,higher in literal,higher in metaphorical,higher in metaphorical,higher in metaphorical,higher in metaphorical,higher in metaphorical,higher in metaphorical,higher in metaphorical,,,,,,,higher in metaphorical,higher in metaphorical,,,higher in metaphorical,higher in metaphorical,higher in metaphorical,higher in metaphorical,higher in metaphorical,higher in metaphorical,higher in metaphorical,higher in metaphorical,higher in metaphorical,higher in metaphorical,,,,
misuse drug / abuse drug,0.7321832430874364,higher in metaphorical,higher in literal,,,higher in literal,,higher in literal,higher in metaphorical,higher in metaphorical,higher in metaphorical,higher in metaphorical,higher in metaphorical,higher in metaphorical,higher in metaphorical,higher in metaphorical,higher in metaphorical,,,,,higher in metaphorical,higher in metaphorical,,,higher in metaphorical,higher in metaphorical,higher in metaphorical,higher in metaphorical,higher in metaphorical,higher in metaphorical,higher in metaphorical,higher in metaphorical,higher in metaphorical,,,,,
misuse substance / abuse substance,0.9735630959726279,higher in metaphorical,higher in literal,,,higher in literal,higher in literal,higher in literal,higher in metaphorical,higher in metaphorical,higher in metaphorical,higher in metaphorical,higher in metaphorical,higher in metaphorical,higher in metaphorical,,,,,,,higher in metaphorical,higher in metaphorical,higher in metaphorical,,higher in metaphorical,higher in metaphorical,higher in metaphorical,higher in metaphorical,higher in metaphorical,higher in metaphorical,higher in metaphorical,higher in metaphorical,higher in metaphorical,higher in metaphorical,,,,
misuse medication / abuse medication,0.5542255912913142,,higher in literal,higher in literal,higher in literal,higher in metaphorical,higher in metaphorical,higher in literal,higher in metaphorical,higher in metaphorical,higher in metaphorical,,,,,,,,higher in literal,higher in literal,higher in literal,,,,higher in literal,higher in literal,higher in literal,higher in literal,,,higher in literal,,,,higher in metaphorical,,,,
misuse product / abuse product,0.8296141726915834,,higher in metaphorical,higher in metaphorical,,higher in literal,higher in literal,,higher in metaphorical,higher in metaphorical,,higher in metaphorical,,,,,,,higher in metaphorical,,,,,,,higher in metaphorical,higher in metaphorical,higher in metaphorical,higher in metaphorical,higher in metaphorical,higher in metaphorical,higher in metaphorical,higher in metaphorical,higher in metaphorical,higher in literal,,,,
address issue / attack issue,1.1004241160806727,higher in literal,higher in literal,higher in metaphorical,higher in metaphorical,higher in literal,higher in literal,higher in metaphorical,higher in metaphorical,higher in metaphorical,higher in metaphorical,higher in metaphorical,higher in metaphorical,,higher in metaphorical,higher in literal,higher in literal,higher in literal,higher in metaphorical,higher in metaphorical,higher in metaphorical,higher in literal,higher in literal,higher in metaphorical,higher in metaphorical,higher in metaphorical,higher in metaphorical,,,,higher in literal,,,,,higher in literal,higher in literal,higher in literal,
address need / attack need,1.8676675607637476,higher in literal,higher in literal,higher in metaphorical,higher in metaphorical,higher in literal,higher in literal,higher in metaphorical,higher in literal,higher in literal,higher in literal,higher in literal,higher in literal,higher in literal,,higher in literal,higher in literal,higher in literal,higher in metaphorical,higher in metaphorical,higher in metaphorical,higher in literal,higher in literal,higher in metaphorical,higher in metaphorical,higher in literal,higher in literal,,higher in literal,higher in literal,higher in literal,higher in literal,higher in literal,,higher in literal,higher in literal,higher in literal,higher in literal,
address question / attack question,1.3285461814803292,higher in literal,higher in literal,higher in metaphorical,higher in metaphorical,higher in literal,higher in literal,higher in metaphorical,higher in metaphorical,higher in metaphorical,higher in metaphorical,higher in metaphorical,higher in metaphorical,higher in literal,higher in metaphorical,higher in literal,higher in literal,higher in literal,higher in metaphorical,higher in metaphorical,higher in metaphorical,higher in literal,higher in literal,higher in metaphorical,higher in metaphorical,,,,,,higher in literal,,,,higher in literal,higher in literal,higher in literal,higher in literal,
address challenge / attack challenge,1.6184402343550608,higher in literal,higher in literal,higher in metaphorical,higher in metaphorical,higher in literal,higher in literal,,higher in metaphorical,higher in metaphorical,higher in metaphorical,higher in metaphorical,higher in metaphorical,,higher in metaphorical,higher in literal,higher in literal,higher in literal,higher in metaphorical,higher in metaphorical,higher in metaphorical,higher in literal,higher in literal,higher in metaphorical,higher in metaphorical,higher in metaphorical,higher in metaphorical,higher in metaphorical,higher in metaphorical,higher in metaphorical,,higher in metaphorical,higher in metaphorical,higher in metaphorical,,higher in literal,higher in literal,higher in literal,
address point / attack point,1.1376604756500943,higher in literal,,higher in metaphorical,higher in metaphorical,higher in literal,higher in literal,higher in metaphorical,higher in metaphorical,higher in metaphorical,higher in metaphorical,higher in metaphorical,higher in metaphorical,higher in literal,higher in metaphorical,higher in literal,higher in literal,higher in literal,higher in metaphorical,higher in metaphorical,higher in metaphorical,higher in literal,higher in literal,higher in metaphorical,higher in metaphorical,higher in metaphorical,higher in metaphorical,,higher in metaphorical,higher in metaphorical,higher in literal,higher in metaphorical,higher in metaphorical,higher in literal,higher in literal,higher in literal,higher in literal,higher in literal,
address situation / attack situation,1.6569604416534618,higher in literal,higher in literal,higher in metaphorical,higher in metaphorical,higher in literal,higher in literal,,higher in metaphorical,higher in metaphorical,higher in metaphorical,higher in metaphorical,higher in metaphorical,higher in literal,higher in metaphorical,higher in literal,higher in literal,higher in literal,higher in metaphorical,higher in metaphorical,higher in metaphorical,higher in literal,higher in literal,higher in metaphorical,higher in metaphorical,,higher in metaphorical,higher in literal,higher in metaphorical,higher in metaphorical,higher in literal,,,higher in literal,higher in literal,higher in literal,higher in literal,higher in literal,
address topic / attack topic,2.200042769116743,higher in literal,higher in literal,higher in metaphorical,higher in metaphorical,higher in literal,higher in literal,higher in literal,higher in metaphorical,higher in metaphorical,higher in metaphorical,higher in metaphorical,higher in metaphorical,higher in literal,higher in metaphorical,higher in literal,higher in literal,higher in literal,higher in metaphorical,higher in metaphorical,higher in metaphorical,higher in literal,higher in literal,higher in metaphorical,higher in metaphorical,higher in metaphorical,higher in metaphorical,higher in metaphorical,higher in metaphorical,higher in metaphorical,,higher in metaphorical,higher in metaphorical,higher in metaphorical,higher in literal,higher in literal,higher in literal,higher in literal,
address change / attack change,1.5455250488474634,higher in literal,higher in literal,higher in metaphorical,higher in metaphorical,higher in literal,higher in literal,,higher in metaphorical,higher in metaphorical,higher in metaphorical,higher in metaphorical,higher in metaphorical,higher in literal,higher in metaphorical,higher in literal,higher in literal,higher in literal,higher in metaphorical,higher in metaphorical,higher in metaphorical,higher in literal,higher in literal,higher in metaphorical,higher in metaphorical,higher in metaphorical,higher in metaphorical,higher in metaphorical,,higher in metaphorical,higher in literal,higher in metaphorical,higher in metaphorical,higher in metaphorical,higher in literal,higher in literal,higher in literal,higher in literal,
address cause / attack cause,1.349063264877903,higher in literal,higher in metaphorical,higher in metaphorical,higher in metaphorical,higher in literal,higher in literal,higher in metaphorical,higher in literal,higher in literal,higher in literal,higher in literal,higher in literal,,higher in literal,higher in literal,higher in literal,higher in literal,higher in metaphorical,higher in metaphorical,higher in metaphorical,higher in literal,higher in literal,higher in metaphorical,higher in metaphorical,higher in literal,higher in literal,,higher in literal,,,higher in literal,higher in literal,,,higher in literal,higher in literal,higher in literal,
address matter / attack matter,1.517805819344354,higher in literal,,higher in metaphorical,higher in metaphorical,higher in literal,higher in literal,higher in literal,higher in metaphorical,higher in metaphorical,higher in metaphorical,,higher in metaphorical,higher in literal,higher in metaphorical,higher in literal,higher in literal,higher in literal,higher in metaphorical,higher in metaphorical,higher in metaphorical,higher in literal,higher in literal,higher in metaphorical,higher in metaphorical,higher in metaphorical,higher in metaphorical,higher in metaphorical,higher in metaphorical,higher in metaphorical,higher in literal,,higher in metaphorical,higher in literal,higher in literal,higher in literal,higher in literal,higher in literal,
improve economy / boost economy,0.6574537132400836,,higher in metaphorical,higher in literal,higher in literal,higher in metaphorical,higher in metaphorical,,higher in literal,higher in literal,higher in literal,higher in literal,higher in literal,higher in literal,higher in literal,,,,,,,higher in literal,higher in literal,,,,,higher in literal,,higher in metaphorical,higher in literal,,higher in metaphorical,higher in literal,higher in literal,higher in metaphorical,higher in metaphorical,higher in metaphorical,
improve service / boost service,1.472777570939229,higher in literal,higher in metaphorical,higher in metaphorical,higher in metaphorical,higher in literal,higher in literal,higher in metaphorical,higher in literal,,,,higher in literal,higher in literal,higher in literal,higher in literal,higher in literal,higher in literal,higher in metaphorical,higher in metaphorical,higher in metaphorical,higher in literal,higher in literal,higher in metaphorical,higher in metaphorical,higher in metaphorical,higher in metaphorical,higher in literal,higher in metaphorical,higher in metaphorical,higher in literal,higher in metaphorical,higher in metaphorical,,higher in literal,higher in literal,higher in literal,higher in literal,
improve system / boost system,1.04903037929446,higher in literal,higher in metaphorical,,,higher in metaphorical,higher in metaphorical,higher in metaphorical,,,,,,higher in literal,,higher in literal,higher in literal,,,,,higher in literal,higher in literal,,,,,higher in literal,higher in literal,higher in literal,higher in literal,higher in literal,higher in literal,higher in literal,higher in literal,higher in literal,higher in literal,higher in literal,higher in literal
improve situation / boost situation,2.063753979516121,higher in literal,higher in literal,higher in metaphorical,higher in metaphorical,higher in literal,higher in literal,higher in metaphorical,higher in literal,,higher in literal,,higher in literal,higher in literal,higher in literal,higher in literal,higher in literal,higher in literal,higher in metaphorical,higher in metaphorical,higher in metaphorical,higher in literal,higher in literal,higher in metaphorical,higher in metaphorical,higher in literal,higher in literal,higher in metaphorical,higher in literal,higher in literal,higher in literal,higher in literal,higher in literal,higher in metaphorical,higher in literal,higher in literal,higher in literal,higher in literal,
improve process / boost process,1.1475396268234537,higher in literal,,higher in metaphorical,higher in metaphorical,higher in literal,higher in literal,higher in metaphorical,,,,,,,,higher in literal,higher in literal,higher in literal,higher in metaphorical,higher in metaphorical,higher in metaphorical,higher in literal,higher in literal,higher in metaphorical,higher in metaphorical,higher in metaphorical,,,higher in metaphorical,higher in metaphorical,,,,,,higher in literal,higher in literal,higher in literal,
improve education / boost education,1.7009132977389416,higher in literal,higher in metaphorical,higher in metaphorical,higher in metaphorical,higher in literal,higher in literal,higher in metaphorical,higher in literal,higher in literal,higher in literal,higher in literal,higher in literal,higher in literal,higher in literal,higher in literal,higher in literal,higher in literal,higher in metaphorical,higher in metaphorical,higher in metaphorical,higher in literal,higher in literal,higher in metaphorical,higher in metaphorical,higher in metaphorical,higher in metaphorical,,higher in metaphorical,higher in metaphorical,higher in literal,higher in metaphorical,higher in metaphorical,,higher in literal,higher in literal,higher in literal,higher in literal,
improve work / boost work,1.537864581071367,higher in literal,higher in metaphorical,higher in metaphorical,higher in metaphorical,higher in literal,higher in literal,higher in metaphorical,higher in literal,higher in literal,,,,,,higher in literal,higher in literal,higher in literal,higher in metaphorical,higher in metaphorical,higher in metaphorical,higher in literal,higher in literal,higher in metaphorical,higher in metaphorical,higher in metaphorical,higher in metaphorical,,higher in metaphorical,higher in metaphorical,,higher in metaphorical,higher in metaphorical,,higher in literal,higher in literal,higher in literal,higher in literal,
improve business / boost business,0.7245109848228583,higher in literal,,higher in metaphorical,higher in metaphorical,higher in literal,higher in literal,higher in metaphorical,,,,higher in metaphorical,higher in metaphorical,,higher in metaphorical,higher in literal,higher in literal,,higher in metaphorical,higher in metaphorical,,,,higher in metaphorical,higher in metaphorical,higher in metaphorical,higher in metaphorical,higher in metaphorical,higher in metaphorical,higher in metaphorical,,higher in metaphorical,higher in metaphorical,higher in metaphorical,,higher in literal,higher in literal,higher in literal,
improve result / boost result,1.4032007257843788,higher in literal,,higher in metaphorical,higher in metaphorical,higher in literal,higher in literal,,higher in metaphorical,higher in metaphorical,higher in metaphorical,higher in metaphorical,higher in metaphorical,,higher in metaphorical,higher in literal,higher in literal,higher in literal,higher in metaphorical,higher in metaphorical,higher in metaphorical,,,higher in metaphorical,higher in metaphorical,higher in metaphorical,higher in metaphorical,higher in metaphorical,higher in metaphorical,higher in metaphorical,higher in metaphorical,higher in metaphorical,higher in metaphorical,higher in metaphorical,,higher in literal,higher in literal,higher in literal,
end relationship / break relationship,1.0993167007401603,higher in literal,higher in literal,higher in metaphorical,higher in metaphorical,higher in literal,higher in literal,,higher in metaphorical,higher in metaphorical,higher in metaphorical,higher in metaphorical,higher in metaphorical,,higher in metaphorical,higher in literal,higher in literal,,,higher in metaphorical,,,higher in metaphorical,higher in metaphorical,,higher in literal,higher in literal,higher in literal,,higher in literal,,higher in literal,higher in literal,higher in literal,,higher in literal,higher in literal,higher in literal,
end contract / break contract,0.9548914819126915,,higher in literal,higher in metaphorical,higher in metaphorical,higher in literal,higher in literal,,higher in metaphorical,higher in metaphorical,higher in metaphorical,,,higher in metaphorical,,,,,,higher in metaphorical,,higher in metaphorical,higher in metaphorical,higher in metaphorical,,higher in metaphorical,higher in metaphorical,higher in metaphorical,higher in metaphorical,higher in metaphorical,higher in metaphorical,higher in metaphorical,higher in metaphorical,higher in metaphorical,higher in metaphorical,higher in literal,higher in literal,higher in literal,higher in metaphorical
end marriage / break marriage,1.1877544770284894,,higher in literal,higher in metaphorical,higher in metaphorical,higher in literal,higher in literal,higher in literal,higher in metaphorical,higher in metaphorical,higher in metaphorical,higher in metaphorical,higher in metaphorical,higher in metaphorical,higher in metaphorical,,higher in literal,,,higher in metaphorical,,,,higher in metaphorical,higher in metaphorical,higher in metaphorical,higher in metaphorical,higher in metaphorical,higher in metaphorical,higher in metaphorical,higher in metaphorical,,,higher in metaphorical,,higher in literal,higher in literal,higher in literal,higher in metaphorical
end process / break process,0.718708679560593,higher in literal,higher in literal,higher in metaphorical,higher in metaphorical,higher in literal,higher in literal,higher in metaphorical,,,,,,,,higher in literal,higher in literal,,,higher in metaphorical,,,,higher in metaphorical,,higher in literal,higher in literal,,higher in literal,higher in literal,,higher in literal,higher in literal,,,higher in literal,higher in literal,higher in literal,
instill life / breathe life,1.0966392841473338,higher in metaphorical,higher in metaphorical,,,higher in literal,higher in literal,higher in literal,higher in literal,higher in literal,higher in literal,higher in literal,higher in literal,higher in metaphorical,higher in literal,higher in metaphorical,higher in metaphorical,higher in metaphorical,,,,higher in metaphorical,higher in metaphorical,,,higher in metaphorical,higher in metaphorical,higher in metaphorical,,higher in metaphorical,higher in metaphorical,higher in metaphorical,higher in metaphorical,higher in metaphorical,higher in metaphorical,higher in metaphorical,higher in metaphorical,higher in metaphorical,
instill sense / breathe sense,1.2309226281803998,higher in literal,,higher in metaphorical,higher in metaphorical,higher in literal,higher in literal,higher in literal,higher in metaphorical,higher in metaphorical,higher in metaphorical,higher in metaphorical,,higher in literal,,higher in literal,higher in literal,higher in literal,higher in metaphorical,higher in metaphorical,higher in metaphorical,higher in literal,higher in literal,higher in metaphorical,higher in metaphorical,higher in metaphorical,higher in metaphorical,higher in metaphorical,higher in metaphorical,higher in metaphorical,higher in literal,higher in metaphorical,higher in metaphorical,higher in metaphorical,higher in literal,,higher in literal,,
instill confidence / breathe confidence,1.6628309647238688,higher in literal,higher in metaphorical,higher in metaphorical,higher in metaphorical,higher in literal,higher in literal,higher in metaphorical,higher in literal,higher in literal,higher in literal,higher in literal,higher in literal,higher in literal,higher in literal,higher in literal,higher in literal,higher in literal,higher in metaphorical,higher in metaphorical,higher in metaphorical,higher in literal,higher in literal,higher in metaphorical,higher in metaphorical,higher in metaphorical,higher in metaphorical,higher in metaphorical,,higher in metaphorical,higher in metaphorical,higher in metaphorical,higher in metaphorical,higher in metaphorical,higher in literal,higher in literal,higher in literal,higher in literal,
instill value / breathe value,1.6555898260151183,higher in literal,,higher in metaphorical,higher in metaphorical,higher in metaphorical,higher in literal,higher in metaphorical,higher in literal,higher in literal,higher in literal,higher in literal,higher in literal,higher in literal,higher in literal,higher in literal,higher in literal,higher in literal,higher in metaphorical,higher in metaphorical,higher in metaphorical,higher in literal,higher in literal,higher in metaphorical,higher in metaphorical,higher in literal,higher in literal,higher in literal,higher in literal,higher in literal,higher in literal,higher in literal,higher in literal,higher in literal,higher in literal,,,,higher in literal
instill spirit / breathe spirit,1.167669947694304,higher in literal,,higher in metaphorical,higher in metaphorical,higher in literal,higher in literal,,higher in literal,higher in literal,higher in literal,higher in literal,higher in literal,higher in metaphorical,higher in literal,,,,higher in metaphorical,higher in metaphorical,,higher in metaphorical,higher in metaphorical,higher in metaphorical,,higher in literal,higher in literal,higher in metaphorical,higher in literal,higher in literal,higher in metaphorical,higher in literal,higher in literal,higher in metaphorical,higher in metaphorical,,,,
instill love / breathe love,1.5313400894556137,higher in literal,higher in literal,,,higher in metaphorical,,higher in metaphorical,higher in literal,higher in literal,higher in literal,,,higher in literal,,higher in literal,higher in literal,higher in literal,higher in metaphorical,higher in metaphorical,higher in metaphorical,higher in literal,higher in literal,higher in metaphorical,higher in metaphorical,higher in literal,higher in literal,higher in literal,higher in literal,higher in literal,higher in literal,higher in literal,higher in literal,higher in literal,higher in literal,,,,higher in literal
instill idea / breathe idea,0.9952257767429539,,higher in literal,,,higher in metaphorical,higher in metaphorical,higher in literal,,,higher in metaphorical,,higher in literal,higher in literal,higher in literal,,,higher in literal,,,higher in metaphorical,higher in literal,higher in literal,,higher in metaphorical,higher in literal,higher in literal,higher in literal,,higher in literal,higher in literal,higher in literal,higher in literal,higher in literal,,,,,higher in literal
instill passion / breathe passion,1.5496640919240505,higher in literal,,higher in metaphorical,higher in metaphorical,higher in literal,higher in literal,higher in metaphorical,higher in metaphorical,higher in metaphorical,higher in metaphorical,,,higher in literal,,higher in literal,higher in literal,higher in literal,higher in metaphorical,higher in metaphorical,higher in metaphorical,higher in literal,higher in literal,higher in metaphorical,higher in metaphorical,higher in metaphorical,higher in metaphorical,,higher in metaphorical,higher in metaphorical,higher in literal,higher in metaphorical,higher in metaphorical,,higher in literal,higher in literal,higher in literal,higher in literal,
believe story / buy story,0.5663874056006984,,higher in literal,,higher in metaphorical,,higher in literal,,higher in metaphorical,higher in metaphorical,higher in metaphorical,higher in metaphorical,higher in metaphorical,,higher in metaphorical,,higher in literal,,,higher in metaphorical,,,,,,higher in literal,higher in literal,,higher in literal,higher in literal,,higher in literal,higher in literal,,,,,,
believe word / buy word,0.8411454476872328,higher in literal,higher in literal,higher in metaphorical,higher in metaphorical,higher in literal,higher in literal,higher in literal,higher in metaphorical,higher in metaphorical,higher in metaphorical,higher in metaphorical,higher in metaphorical,,higher in metaphorical,higher in literal,higher in literal,higher in literal,higher in metaphorical,higher in metaphorical,higher in metaphorical,higher in literal,higher in literal,higher in metaphorical,higher in metaphorical,higher in metaphorical,,,,,,,,,,,,,
believe lie / buy lie,0.6653862050329146,,higher in literal,higher in literal,,higher in metaphorical,higher in metaphorical,,higher in metaphorical,higher in metaphorical,higher in metaphorical,higher in metaphorical,higher in metaphorical,higher in literal,higher in metaphorical,,,,higher in literal,,,,,,,,,higher in literal,higher in metaphorical,,higher in literal,higher in literal,higher in literal,higher in literal,higher in literal,,,,higher in literal
cause doubt / cast doubt,1.1717767569531334,higher in metaphorical,higher in metaphorical,,higher in literal,higher in literal,,higher in literal,higher in metaphorical,higher in metaphorical,,,,higher in metaphorical,,higher in metaphorical,higher in metaphorical,higher in metaphorical,,higher in literal,,higher in metaphorical,higher in metaphorical,,higher in literal,higher in metaphorical,higher in metaphorical,higher in metaphorical,higher in metaphorical,higher in metaphorical,higher in metaphorical,higher in metaphorical,higher in metaphorical,higher in metaphorical,higher in metaphorical,higher in metaphorical,higher in metaphorical,higher in metaphorical,higher in metaphorical
cause fear / cast fear,0.9633804259524116,,higher in literal,higher in literal,higher in literal,higher in metaphorical,higher in metaphorical,,higher in metaphorical,higher in metaphorical,higher in metaphorical,higher in metaphorical,higher in metaphorical,higher in literal,higher in metaphorical,,,,higher in literal,higher in literal,,,,,,,higher in literal,higher in literal,,higher in literal,higher in literal,,,higher in literal,higher in literal,,,,higher in literal
get disease / catch disease,1.1481112904297182,higher in metaphorical,,higher in literal,higher in literal,higher in metaphorical,higher in metaphorical,higher in literal,higher in metaphorical,higher in metaphorical,higher in metaphorical,higher in metaphorical,higher in metaphorical,,higher in metaphorical,higher in metaphorical,higher in metaphorical,higher in metaphorical,higher in literal,higher in literal,higher in literal,higher in metaphorical,higher in metaphorical,higher in literal,higher in literal,higher in metaphorical,higher in metaphorical,higher in literal,higher in metaphorical,higher in metaphorical,,higher in metaphorical,higher in metaphorical,higher in literal,,higher in metaphorical,higher in metaphorical,higher in metaphorical,
get idea / catch idea,0.7456667108263297,higher in literal,,higher in metaphorical,higher in metaphorical,higher in literal,higher in literal,,,,,,,higher in metaphorical,,higher in literal,higher in literal,higher in literal,higher in metaphorical,higher in metaphorical,higher in metaphorical,higher in literal,higher in literal,higher in metaphorical,higher in metaphorical,,,,,higher in metaphorical,higher in metaphorical,,,,higher in metaphorical,higher in literal,higher in literal,higher in literal,
get chance / catch chance,1.510465217635461,higher in literal,higher in metaphorical,higher in metaphorical,higher in metaphorical,higher in literal,higher in literal,,higher in metaphorical,higher in metaphorical,,higher in metaphorical,higher in metaphorical,higher in metaphorical,higher in metaphorical,higher in literal,higher in literal,higher in literal,higher in metaphorical,higher in metaphorical,higher in metaphorical,higher in literal,higher in literal,higher in metaphorical,higher in metaphorical,higher in metaphorical,higher in metaphorical,higher in metaphorical,higher in metaphorical,higher in metaphorical,higher in metaphorical,higher in metaphorical,higher in metaphorical,higher in metaphorical,higher in literal,higher in literal,higher in literal,higher in literal,higher in metaphorical
get information / catch information,1.2050678952802047,higher in literal,higher in metaphorical,higher in metaphorical,higher in metaphorical,higher in literal,higher in literal,,,,higher in literal,,,higher in metaphorical,,higher in literal,higher in literal,higher in literal,higher in metaphorical,higher in metaphorical,higher in metaphorical,higher in literal,higher in literal,higher in metaphorical,higher in metaphorical,higher in metaphorical,higher in metaphorical,,higher in metaphorical,higher in metaphorical,higher in metaphorical,higher in metaphorical,higher in metaphorical,,higher in literal,higher in literal,higher in literal,higher in literal,higher in metaphorical
get result / catch result,0.8335954182523216,higher in literal,,higher in metaphorical,higher in metaphorical,higher in literal,higher in literal,higher in literal,,,,higher in metaphorical,higher in metaphorical,higher in literal,higher in metaphorical,higher in literal,higher in literal,higher in literal,higher in metaphorical,higher in metaphorical,higher in metaphorical,higher in literal,higher in literal,higher in metaphorical,higher in metaphorical,higher in metaphorical,,,,higher in metaphorical,higher in literal,higher in metaphorical,higher in metaphorical,,higher in literal,,,,
get message / catch message,0.7406159630385999,,,,,higher in metaphorical,,higher in literal,higher in metaphorical,higher in metaphorical,higher in metaphorical,higher in metaphorical,higher in metaphorical,higher in literal,higher in metaphorical,,,higher in literal,,,higher in metaphorical,higher in literal,higher in literal,higher in metaphorical,higher in metaphorical,higher in metaphorical,higher in metaphorical,higher in literal,higher in metaphorical,higher in metaphorical,higher in literal,higher in metaphorical,higher in metaphorical,higher in literal,higher in literal,,,,
get point / catch point,1.6272591094615112,higher in literal,higher in literal,higher in metaphorical,higher in metaphorical,higher in literal,higher in literal,higher in metaphorical,,,higher in literal,higher in literal,higher in literal,,higher in literal,higher in literal,higher in literal,higher in literal,higher in metaphorical,higher in metaphorical,higher in metaphorical,higher in literal,higher in literal,higher in metaphorical,higher in metaphorical,higher in literal,higher in literal,higher in metaphorical,higher in literal,higher in literal,higher in literal,higher in literal,higher in literal,higher in metaphorical,,higher in literal,higher in literal,higher in literal,
get call / catch call,1.6069136524819811,higher in literal,higher in literal,higher in metaphorical,higher in metaphorical,higher in literal,higher in literal,higher in literal,higher in metaphorical,higher in metaphorical,higher in metaphorical,higher in metaphorical,higher in metaphorical,higher in literal,higher in metaphorical,higher in literal,higher in literal,higher in literal,higher in metaphorical,higher in metaphorical,higher in metaphorical,higher in literal,higher in literal,higher in metaphorical,higher in metaphorical,higher in metaphorical,higher in metaphorical,,higher in metaphorical,higher in metaphorical,higher in literal,higher in metaphorical,higher in metaphorical,,higher in literal,higher in literal,higher in literal,higher in literal,
get problem / catch problem,0.8081370840312276,higher in literal,higher in literal,,,higher in metaphorical,,,higher in metaphorical,higher in metaphorical,higher in metaphorical,higher in metaphorical,higher in metaphorical,higher in literal,higher in metaphorical,higher in literal,higher in literal,,,,,higher in literal,higher in literal,higher in metaphorical,,higher in metaphorical,higher in metaphorical,,higher in metaphorical,higher in metaphorical,higher in literal,higher in metaphorical,higher in metaphorical,,higher in literal,higher in literal,higher in literal,higher in literal,
get opportunity / catch opportunity,1.5026139021630993,higher in literal,,higher in metaphorical,higher in metaphorical,higher in literal,higher in literal,higher in metaphorical,higher in literal,higher in literal,higher in literal,higher in literal,higher in literal,higher in metaphorical,higher in literal,higher in literal,higher in literal,higher in literal,higher in metaphorical,higher in metaphorical,higher in metaphorical,higher in literal,higher in literal,higher in metaphorical,higher in metaphorical,,,higher in metaphorical,higher in literal,,higher in metaphorical,,,higher in metaphorical,higher in literal,higher in literal,higher in literal,higher in literal,
end investigation / close investigation,1.1157100155867525,higher in literal,higher in metaphorical,higher in metaphorical,higher in metaphorical,,,higher in metaphorical,higher in literal,higher in literal,higher in literal,higher in literal,higher in literal,,higher in literal,higher in literal,higher in literal,,higher in metaphorical,higher in metaphorical,,higher in literal,higher in literal,higher in metaphorical,higher in metaphorical,,,higher in metaphorical,higher in literal,,higher in metaphorical,,,higher in metaphorical,,higher in literal,higher in literal,higher in literal,
end season / close season,0.7801244490598599,higher in literal,higher in metaphorical,higher in metaphorical,,,,higher in metaphorical,higher in literal,higher in literal,higher in literal,higher in literal,higher in literal,,higher in literal,higher in literal,higher in literal,,,,,higher in literal,higher in literal,higher in metaphorical,higher in metaphorical,,,,,,,,,,,higher in literal,higher in literal,higher in literal,
end operation / close operation,0.8085759378162432,,,,,,,higher in metaphorical,higher in literal,higher in literal,higher in literal,higher in literal,higher in literal,higher in metaphorical,higher in literal,,,,,,,,,,,higher in literal,higher in literal,higher in metaphorical,higher in literal,higher in literal,higher in metaphorical,higher in literal,higher in literal,higher in metaphorical,higher in metaphorical,,,,
end story / close story,0.5279564033392165,,higher in metaphorical,,,,,,higher in literal,higher in literal,higher in literal,higher in literal,higher in literal,higher in metaphorical,higher in literal,,,,,,,,,,,higher in literal,higher in literal,higher in metaphorical,higher in literal,,higher in metaphorical,,,higher in metaphorical,higher in metaphorical,,,higher in literal,higher in metaphorical
finalise deal / close deal,0.785781707282463,,higher in metaphorical,,,,,,higher in literal,higher in literal,higher in literal,higher in literal,higher in literal,higher in metaphorical,higher in literal,,,,,,,,,,,higher in literal,higher in literal,higher in metaphorical,higher in literal,higher in literal,higher in metaphorical,higher in literal,higher in literal,higher in metaphorical,higher in metaphorical,,,,higher in metaphorical
finalise case / close case,0.5788113318618718,higher in literal,,,higher in metaphorical,,,higher in metaphorical,,,,,,higher in metaphorical,,higher in literal,higher in literal,,,,,higher in literal,,,,,,higher in metaphorical,higher in literal,,higher in metaphorical,higher in literal,higher in literal,higher in metaphorical,,higher in literal,higher in literal,higher in literal,
finalise plan / close plan,0.5676933064033786,higher in metaphorical,,higher in literal,higher in literal,,,higher in literal,,,,,,higher in metaphorical,,higher in metaphorical,higher in metaphorical,higher in metaphorical,higher in literal,higher in literal,higher in literal,higher in metaphorical,higher in metaphorical,higher in literal,higher in literal,,,,,higher in literal,higher in metaphorical,,,,higher in metaphorical,,,,
finalise arrangement / close arrangement,1.2727791132608548,higher in literal,higher in literal,higher in metaphorical,higher in metaphorical,higher in literal,higher in literal,,,,,,,higher in metaphorical,,higher in literal,higher in literal,higher in literal,higher in metaphorical,higher in metaphorical,higher in metaphorical,higher in literal,higher in literal,higher in metaphorical,higher in metaphorical,higher in literal,,higher in metaphorical,higher in literal,higher in literal,higher in metaphorical,higher in literal,higher in literal,higher in metaphorical,higher in metaphorical,higher in literal,higher in literal,higher in literal,
finalise agreement / close agreement,1.0085780787198546,,,,,higher in metaphorical,higher in metaphorical,higher in metaphorical,higher in literal,higher in literal,higher in literal,higher in literal,higher in literal,higher in literal,higher in literal,,,,,,,higher in literal,higher in literal,,,higher in literal,higher in literal,higher in literal,higher in literal,higher in literal,higher in literal,higher in literal,higher in literal,higher in literal,higher in literal,,,,higher in literal
finalise project / close project,0.7394342809878637,higher in literal,higher in metaphorical,,,higher in metaphorical,higher in metaphorical,higher in metaphorical,higher in literal,higher in literal,,,,higher in literal,,,,higher in literal,,,higher in metaphorical,higher in literal,higher in literal,,,,higher in metaphorical,higher in literal,higher in metaphorical,,higher in literal,,,higher in literal,higher in literal,,,,higher in literal
finalize deal / close deal,1.106039216151211,higher in literal,higher in metaphorical,higher in metaphorical,higher in metaphorical,higher in literal,higher in literal,,,,,higher in metaphorical,,higher in literal,,higher in literal,higher in literal,higher in literal,higher in metaphorical,higher in metaphorical,higher in metaphorical,higher in literal,higher in literal,higher in metaphorical,higher in metaphorical,,,higher in literal,higher in metaphorical,higher in metaphorical,higher in literal,,,higher in literal,higher in literal,higher in literal,higher in literal,higher in literal,
finalize case / close case,1.109570997871996,higher in literal,higher in literal,higher in metaphorical,higher in metaphorical,,higher in literal,higher in literal,higher in metaphorical,higher in metaphorical,higher in metaphorical,higher in metaphorical,higher in metaphorical,higher in literal,higher in metaphorical,higher in literal,higher in literal,higher in literal,higher in metaphorical,higher in metaphorical,higher in metaphorical,higher in literal,higher in literal,higher in metaphorical,higher in metaphorical,,,higher in literal,higher in metaphorical,,higher in literal,,,higher in literal,higher in literal,,,,
finalize plan / close plan,1.1332073537131344,higher in literal,higher in metaphorical,higher in metaphorical,higher in metaphorical,higher in literal,higher in literal,higher in metaphorical,higher in literal,higher in literal,higher in literal,higher in literal,higher in literal,,higher in literal,higher in literal,higher in literal,higher in literal,higher in metaphorical,higher in metaphorical,higher in metaphorical,higher in literal,higher in literal,higher in metaphorical,higher in metaphorical,higher in literal,higher in literal,higher in literal,,,higher in literal,,,higher in literal,higher in literal,higher in literal,,higher in literal,
finalize arrangement / close arrangement,0.8546319941800617,higher in literal,higher in metaphorical,higher in metaphorical,higher in metaphorical,higher in literal,higher in literal,,higher in literal,higher in literal,,higher in literal,higher in literal,higher in literal,higher in literal,higher in literal,higher in literal,higher in literal,higher in metaphorical,higher in metaphorical,higher in metaphorical,higher in literal,higher in literal,higher in metaphorical,higher in metaphorical,higher in literal,higher in literal,higher in literal,higher in metaphorical,,higher in literal,higher in literal,higher in literal,higher in literal,higher in literal,,,,
finalize agreement / close agreement,0.8024205260704778,higher in metaphorical,higher in metaphorical,higher in literal,higher in literal,,higher in metaphorical,,higher in metaphorical,higher in metaphorical,higher in metaphorical,higher in metaphorical,higher in metaphorical,,higher in metaphorical,,,higher in metaphorical,higher in literal,higher in literal,higher in literal,higher in metaphorical,higher in metaphorical,higher in literal,higher in literal,higher in metaphorical,higher in metaphorical,,higher in metaphorical,higher in metaphorical,,higher in metaphorical,higher in metaphorical,,higher in metaphorical,,,,
impair memory / cloud memory,1.385786611209798,,higher in literal,higher in metaphorical,higher in metaphorical,higher in literal,higher in literal,higher in literal,higher in metaphorical,higher in metaphorical,higher in metaphorical,higher in metaphorical,higher in metaphorical,,higher in metaphorical,,,higher in literal,higher in metaphorical,higher in metaphorical,higher in metaphorical,higher in literal,higher in literal,higher in metaphorical,higher in metaphorical,higher in metaphorical,higher in metaphorical,higher in literal,higher in metaphorical,higher in metaphorical,,higher in metaphorical,higher in metaphorical,higher in literal,higher in literal,,,,higher in literal
impair ability / cloud ability,1.0791950333479003,higher in literal,higher in literal,higher in metaphorical,higher in metaphorical,,higher in literal,higher in literal,higher in metaphorical,higher in metaphorical,higher in metaphorical,higher in metaphorical,higher in metaphorical,higher in literal,higher in metaphorical,higher in literal,higher in literal,higher in literal,higher in metaphorical,higher in metaphorical,higher in metaphorical,higher in literal,higher in literal,higher in metaphorical,higher in metaphorical,higher in metaphorical,higher in metaphorical,,higher in metaphorical,higher in metaphorical,higher in literal,higher in metaphorical,higher in metaphorical,,higher in literal,,,,
impair judgement / cloud judgement,1.495186266839822,higher in metaphorical,higher in literal,higher in literal,higher in literal,,higher in metaphorical,higher in literal,higher in metaphorical,higher in metaphorical,higher in metaphorical,higher in metaphorical,higher in metaphorical,,higher in metaphorical,higher in metaphorical,higher in metaphorical,higher in metaphorical,higher in literal,higher in literal,higher in literal,higher in metaphorical,higher in metaphorical,higher in literal,higher in literal,higher in metaphorical,higher in metaphorical,higher in literal,higher in metaphorical,higher in metaphorical,higher in metaphorical,higher in metaphorical,higher in metaphorical,higher in literal,,higher in metaphorical,,higher in metaphorical,
impair judgment / cloud judgment,0.6517244546116515,,,,,,,higher in literal,higher in metaphorical,higher in metaphorical,higher in metaphorical,higher in metaphorical,higher in metaphorical,,higher in metaphorical,,,,,,,,,,,higher in metaphorical,higher in metaphorical,,higher in metaphorical,higher in metaphorical,,higher in metaphorical,higher in metaphorical,,,,,,
impair mind / cloud mind,1.33959681326196,higher in metaphorical,,higher in literal,higher in literal,,higher in metaphorical,,higher in metaphorical,higher in metaphorical,higher in metaphorical,higher in metaphorical,higher in metaphorical,higher in metaphorical,higher in metaphorical,higher in metaphorical,higher in metaphorical,higher in metaphorical,higher in literal,higher in literal,higher in literal,higher in metaphorical,higher in metaphorical,higher in literal,higher in literal,higher in metaphorical,higher in metaphorical,higher in metaphorical,higher in metaphorical,higher in metaphorical,higher in metaphorical,higher in metaphorical,higher in metaphorical,higher in metaphorical,higher in metaphorical,,,,
impair vision / cloud vision,0.7545761092565548,,higher in literal,higher in metaphorical,higher in metaphorical,,higher in literal,higher in literal,higher in metaphorical,higher in metaphorical,higher in metaphorical,higher in metaphorical,higher in metaphorical,,higher in metaphorical,higher in literal,higher in literal,higher in literal,higher in metaphorical,higher in metaphorical,,higher in literal,,higher in metaphorical,higher in metaphorical,,higher in metaphorical,,higher in metaphorical,,,,,,,,,,
impair thinking / cloud thinking,0.6236920851353713,,higher in literal,,,higher in metaphorical,,higher in literal,higher in metaphorical,higher in metaphorical,higher in metaphorical,higher in metaphorical,higher in metaphorical,higher in literal,higher in metaphorical,,,higher in literal,,,,,,higher in metaphorical,,higher in metaphorical,higher in metaphorical,,higher in metaphorical,,higher in literal,higher in metaphorical,higher in metaphorical,,,,,,
impair perception / cloud perception,0.8550563664199448,higher in literal,higher in literal,higher in metaphorical,higher in metaphorical,higher in literal,higher in literal,higher in literal,higher in metaphorical,higher in metaphorical,higher in metaphorical,higher in metaphorical,higher in metaphorical,,higher in metaphorical,higher in literal,higher in literal,higher in literal,higher in metaphorical,higher in metaphorical,higher in metaphorical,higher in literal,higher in literal,higher in metaphorical,higher in metaphorical,higher in metaphorical,higher in metaphorical,higher in metaphorical,higher in metaphorical,higher in metaphorical,,higher in metaphorical,higher in metaphorical,higher in metaphorical,,,,,
affect judgement / color judgement,2.100984636067115,higher in literal,higher in literal,higher in metaphorical,higher in metaphorical,higher in metaphorical,higher in metaphorical,higher in literal,higher in metaphorical,,higher in metaphorical,higher in metaphorical,higher in metaphorical,higher in literal,higher in metaphorical,higher in literal,higher in literal,higher in literal,higher in metaphorical,higher in metaphorical,higher in metaphorical,higher in literal,higher in literal,higher in metaphorical,higher in metaphorical,higher in literal,higher in literal,higher in literal,higher in literal,higher in literal,higher in literal,higher in literal,higher in literal,higher in literal,higher in literal,,,,higher in literal
affect decision / color decision,1.9482256219792824,higher in literal,higher in literal,higher in metaphorical,higher in metaphorical,higher in literal,higher in literal,higher in literal,higher in metaphorical,higher in metaphorical,higher in metaphorical,higher in metaphorical,higher in metaphorical,higher in literal,higher in metaphorical,higher in literal,higher in literal,higher in literal,higher in metaphorical,higher in metaphorical,higher in metaphorical,higher in literal,higher in literal,higher in metaphorical,higher in metaphorical,higher in metaphorical,higher in metaphorical,higher in literal,higher in metaphorical,higher in metaphorical,higher in literal,higher in metaphorical,higher in metaphorical,,higher in literal,higher in literal,higher in literal,higher in literal,
affect choice / color choice,1.2979566862233576,higher in literal,higher in metaphorical,higher in metaphorical,higher in metaphorical,higher in literal,higher in literal,higher in literal,,,,,,higher in literal,,,,higher in literal,higher in metaphorical,higher in metaphorical,higher in metaphorical,higher in literal,higher in literal,higher in metaphorical,higher in metaphorical,higher in metaphorical,higher in metaphorical,higher in literal,higher in metaphorical,higher in metaphorical,higher in literal,higher in metaphorical,higher in metaphorical,,higher in literal,,,,
affect perception / color perception,0.7715218092139351,,higher in literal,higher in metaphorical,higher in metaphorical,higher in literal,higher in literal,,,,,,higher in literal,higher in metaphorical,higher in literal,,,higher in literal,higher in metaphorical,higher in metaphorical,,,,higher in metaphorical,higher in metaphorical,higher in literal,higher in literal,higher in metaphorical,higher in literal,higher in literal,higher in metaphorical,higher in literal,higher in literal,higher in metaphorical,higher in metaphorical,,,,
affect interpretation / color interpretation,0.9821607858468647,higher in literal,higher in literal,higher in metaphorical,higher in metaphorical,higher in metaphorical,,,,,,higher in metaphorical,higher in metaphorical,higher in literal,higher in metaphorical,higher in literal,higher in literal,higher in literal,higher in metaphorical,higher in metaphorical,higher in metaphorical,higher in literal,higher in literal,higher in metaphorical,higher in metaphorical,higher in literal,higher in literal,,higher in literal,higher in literal,higher in literal,higher in literal,higher in literal,,higher in literal,,,,
affect judgement / colour judgement,0.8348936104722153,,higher in literal,higher in literal,,higher in metaphorical,,higher in literal,higher in metaphorical,higher in metaphorical,higher in metaphorical,higher in metaphorical,higher in metaphorical,,higher in metaphorical,,,,higher in literal,,higher in literal,,,,,higher in literal,higher in literal,higher in literal,higher in literal,higher in literal,,higher in literal,higher in literal,higher in literal,higher in metaphorical,,,,
affect decision / colour decision,0.6676136064913337,,higher in literal,,,,,higher in literal,higher in metaphorical,higher in metaphorical,higher in metaphorical,higher in metaphorical,higher in metaphorical,higher in literal,higher in metaphorical,,,higher in literal,,,higher in metaphorical,,,higher in metaphorical,,,higher in literal,,higher in literal,,higher in literal,higher in metaphorical,,higher in metaphorical,higher in literal,,,,
affect choice / colour choice,1.023493724837144,,,higher in metaphorical,higher in metaphorical,higher in literal,higher in literal,higher in literal,higher in metaphorical,higher in metaphorical,higher in metaphorical,higher in metaphorical,higher in metaphorical,,higher in metaphorical,,,,,,,,,,,higher in metaphorical,higher in metaphorical,higher in metaphorical,higher in metaphorical,higher in metaphorical,higher in metaphorical,higher in metaphorical,higher in metaphorical,higher in metaphorical,,,,,
affect perception / colour perception,0.7096938955530495,,,higher in metaphorical,higher in metaphorical,higher in literal,higher in literal,,higher in literal,higher in literal,higher in literal,higher in literal,higher in literal,higher in metaphorical,higher in literal,,,,higher in metaphorical,higher in metaphorical,,,,,,higher in literal,higher in literal,higher in metaphorical,higher in literal,higher in literal,higher in metaphorical,higher in literal,higher in literal,higher in metaphorical,higher in metaphorical,,,,
affect experience / colour experience,0.5613870143343305,higher in literal,higher in literal,higher in metaphorical,higher in metaphorical,higher in metaphorical,higher in literal,,,,,,,,,,,higher in literal,higher in metaphorical,higher in metaphorical,higher in metaphorical,higher in literal,higher in literal,higher in metaphorical,higher in metaphorical,,,higher in metaphorical,higher in literal,,,,,higher in metaphorical,higher in literal,,,,
affect interpretation / colour interpretation,1.9606309347269621,higher in literal,higher in literal,higher in metaphorical,higher in metaphorical,,higher in literal,higher in metaphorical,higher in literal,higher in literal,higher in literal,higher in literal,higher in literal,higher in literal,higher in literal,higher in literal,higher in literal,higher in literal,higher in metaphorical,higher in metaphorical,higher in metaphorical,higher in literal,higher in literal,higher in metaphorical,higher in metaphorical,higher in literal,higher in literal,,higher in literal,higher in literal,higher in literal,higher in literal,higher in literal,,higher in literal,higher in literal,higher in literal,higher in literal,
reduce economy / deflate economy,1.1752204624313238,higher in literal,,higher in metaphorical,higher in metaphorical,higher in literal,higher in literal,higher in metaphorical,,,,,higher in literal,higher in literal,higher in literal,higher in literal,higher in literal,higher in literal,higher in metaphorical,higher in metaphorical,higher in metaphorical,higher in literal,higher in literal,higher in metaphorical,higher in metaphorical,,,,higher in literal,,higher in literal,,,,higher in literal,higher in literal,higher in literal,higher in literal,
reduce cost / deflate cost,1.627855969684787,higher in literal,,higher in metaphorical,higher in metaphorical,,higher in literal,higher in metaphorical,,higher in literal,,,,higher in literal,,higher in literal,higher in literal,higher in literal,higher in metaphorical,higher in metaphorical,higher in metaphorical,higher in literal,higher in literal,higher in metaphorical,higher in metaphorical,,higher in literal,higher in literal,,higher in literal,higher in literal,higher in literal,higher in literal,higher in literal,higher in literal,higher in literal,higher in literal,higher in literal,higher in literal
reduce price / deflate price,1.1223027737322042,higher in literal,,higher in metaphorical,higher in metaphorical,higher in literal,higher in literal,,higher in metaphorical,higher in metaphorical,higher in metaphorical,higher in metaphorical,higher in metaphorical,,higher in metaphorical,higher in literal,higher in literal,higher in literal,higher in metaphorical,higher in metaphorical,higher in metaphorical,higher in literal,higher in literal,higher in metaphorical,higher in metaphorical,higher in metaphorical,higher in metaphorical,higher in metaphorical,,higher in metaphorical,,higher in metaphorical,higher in metaphorical,higher in metaphorical,,higher in literal,higher in literal,higher in literal,
reduce value / deflate value,0.9616167011551858,higher in literal,,higher in metaphorical,higher in metaphorical,higher in literal,higher in literal,,higher in metaphorical,higher in metaphorical,higher in metaphorical,,,higher in literal,,higher in literal,higher in literal,higher in literal,higher in metaphorical,higher in metaphorical,higher in metaphorical,higher in literal,higher in literal,higher in metaphorical,higher in metaphorical,higher in metaphorical,,,,higher in metaphorical,higher in literal,,,,higher in literal,higher in literal,higher in literal,higher in literal,
reduce supply / deflate supply,2.20082730601877,higher in literal,,higher in metaphorical,higher in metaphorical,higher in metaphorical,,higher in metaphorical,higher in literal,higher in literal,,higher in literal,higher in literal,higher in literal,higher in literal,higher in literal,higher in literal,higher in literal,higher in metaphorical,higher in metaphorical,higher in metaphorical,higher in literal,higher in literal,higher in metaphorical,higher in metaphorical,higher in literal,higher in literal,higher in literal,higher in literal,higher in literal,higher in literal,higher in literal,higher in literal,higher in literal,higher in literal,higher in literal,higher in literal,higher in literal,higher in literal
reduce wage / deflate wage,1.341836337212359,higher in literal,,higher in metaphorical,higher in metaphorical,higher in literal,higher in literal,higher in literal,,,,higher in literal,higher in literal,higher in literal,,higher in literal,higher in literal,higher in literal,higher in metaphorical,higher in metaphorical,higher in metaphorical,higher in literal,higher in literal,higher in metaphorical,higher in metaphorical,higher in literal,higher in literal,higher in literal,,higher in literal,higher in literal,,,higher in literal,higher in literal,higher in literal,higher in literal,higher in literal,higher in literal
reduce market / deflate market,1.659198534472828,higher in literal,,higher in metaphorical,higher in metaphorical,higher in literal,higher in literal,higher in metaphorical,higher in literal,higher in literal,higher in literal,higher in literal,higher in literal,higher in literal,higher in literal,higher in literal,higher in literal,higher in literal,higher in metaphorical,higher in metaphorical,higher in metaphorical,higher in literal,higher in literal,higher in metaphorical,higher in metaphorical,higher in literal,higher in literal,higher in metaphorical,higher in literal,higher in literal,higher in literal,higher in literal,,,higher in literal,higher in literal,higher in literal,higher in literal,
reduce currency / deflate currency,1.0600620768311853,higher in literal,,higher in metaphorical,higher in metaphorical,,higher in literal,,higher in metaphorical,,higher in metaphorical,higher in metaphorical,higher in metaphorical,higher in literal,higher in metaphorical,higher in literal,higher in literal,higher in literal,higher in metaphorical,higher in metaphorical,higher in metaphorical,higher in literal,higher in literal,higher in metaphorical,higher in metaphorical,higher in metaphorical,higher in metaphorical,,higher in metaphorical,,higher in literal,higher in metaphorical,higher in metaphorical,higher in literal,higher in literal,,,,higher in literal
read book / devour book,0.9141268694123896,,higher in literal,,,,,higher in literal,higher in metaphorical,higher in metaphorical,higher in metaphorical,higher in metaphorical,higher in metaphorical,,higher in metaphorical,,,,,,,,,,,higher in metaphorical,higher in metaphorical,higher in metaphorical,higher in metaphorical,higher in metaphorical,,higher in metaphorical,higher in metaphorical,higher in metaphorical,,,,,
read article / devour article,1.107373012528346,higher in literal,higher in literal,higher in metaphorical,higher in metaphorical,,higher in literal,higher in literal,higher in metaphorical,,higher in metaphorical,,higher in metaphorical,higher in literal,,,,higher in literal,higher in metaphorical,higher in metaphorical,higher in metaphorical,higher in literal,higher in literal,higher in metaphorical,higher in metaphorical,higher in literal,higher in literal,higher in metaphorical,higher in literal,higher in literal,,higher in literal,higher in literal,higher in metaphorical,higher in literal,,,,
read story / devour story,1.9583376232903913,higher in literal,higher in literal,higher in metaphorical,higher in metaphorical,higher in literal,higher in literal,higher in literal,higher in metaphorical,higher in metaphorical,higher in metaphorical,higher in metaphorical,higher in metaphorical,higher in literal,higher in metaphorical,higher in literal,higher in literal,higher in literal,higher in metaphorical,higher in metaphorical,higher in metaphorical,higher in literal,higher in literal,higher in metaphorical,higher in metaphorical,higher in metaphorical,higher in metaphorical,higher in metaphorical,,,higher in metaphorical,,,higher in metaphorical,higher in literal,higher in literal,higher in literal,higher in literal,
read page / devour page,2.2585643947402385,higher in literal,higher in literal,higher in metaphorical,higher in metaphorical,,higher in literal,higher in literal,higher in metaphorical,higher in metaphorical,higher in metaphorical,higher in metaphorical,higher in metaphorical,higher in literal,higher in metaphorical,higher in literal,higher in literal,higher in literal,higher in metaphorical,higher in metaphorical,higher in metaphorical,higher in literal,higher in literal,higher in metaphorical,higher in metaphorical,higher in metaphorical,higher in metaphorical,higher in metaphorical,higher in literal,higher in metaphorical,,,,higher in metaphorical,higher in literal,higher in literal,higher in literal,higher in literal,
read novel / devour novel,1.0999180051709712,higher in literal,higher in literal,higher in metaphorical,higher in metaphorical,higher in literal,higher in literal,,higher in metaphorical,higher in metaphorical,higher in metaphorical,higher in metaphorical,higher in metaphorical,higher in literal,higher in metaphorical,higher in literal,higher in literal,higher in literal,higher in metaphorical,higher in metaphorical,higher in metaphorical,higher in literal,higher in literal,higher in metaphorical,higher in metaphorical,higher in metaphorical,,,,,higher in literal,,,,,higher in literal,higher in literal,higher in literal,
read information / devour information,1.197349612775834,higher in literal,higher in literal,higher in metaphorical,higher in metaphorical,,higher in literal,higher in metaphorical,,,,higher in metaphorical,higher in metaphorical,higher in literal,higher in metaphorical,higher in literal,higher in literal,higher in literal,higher in metaphorical,higher in metaphorical,higher in metaphorical,higher in literal,higher in literal,higher in metaphorical,higher in metaphorical,,,,,higher in literal,higher in literal,higher in literal,higher in literal,higher in literal,higher in literal,higher in literal,higher in literal,higher in literal,
read chapter / devour chapter,2.2380504752159744,higher in literal,higher in literal,higher in metaphorical,higher in metaphorical,higher in literal,higher in literal,higher in literal,higher in metaphorical,higher in metaphorical,higher in metaphorical,higher in metaphorical,higher in metaphorical,higher in literal,higher in metaphorical,higher in literal,higher in literal,higher in literal,higher in metaphorical,higher in metaphorical,higher in metaphorical,higher in literal,higher in literal,higher in metaphorical,higher in metaphorical,higher in metaphorical,higher in metaphorical,,higher in metaphorical,higher in metaphorical,higher in literal,higher in metaphorical,higher in metaphorical,higher in metaphorical,higher in literal,higher in literal,higher in literal,higher in literal,higher in literal
read news / devour news,2.2847400913066047,higher in literal,higher in literal,higher in metaphorical,higher in metaphorical,higher in literal,higher in literal,higher in literal,higher in metaphorical,higher in metaphorical,higher in metaphorical,higher in metaphorical,higher in metaphorical,higher in literal,higher in metaphorical,higher in literal,higher in literal,higher in literal,higher in metaphorical,higher in metaphorical,higher in metaphorical,higher in literal,higher in literal,higher in metaphorical,higher in metaphorical,higher in metaphorical,higher in metaphorical,higher in literal,higher in metaphorical,higher in metaphorical,higher in literal,,higher in metaphorical,higher in literal,higher in literal,higher in literal,higher in literal,higher in literal,higher in literal
comprehend information / digest information,0.5416602464764899,higher in literal,higher in literal,higher in metaphorical,higher in metaphorical,higher in literal,higher in literal,higher in metaphorical,higher in metaphorical,higher in metaphorical,higher in metaphorical,higher in metaphorical,higher in metaphorical,higher in metaphorical,higher in metaphorical,higher in literal,higher in literal,,,higher in metaphorical,,,,,,,,higher in metaphorical,higher in literal,,higher in metaphorical,,,higher in metaphorical,,higher in literal,higher in literal,,
comprehend meaning / digest meaning,1.3846060374526938,higher in literal,higher in literal,higher in metaphorical,higher in metaphorical,higher in metaphorical,higher in literal,,,,,,higher in metaphorical,higher in literal,,higher in literal,higher in literal,higher in literal,higher in metaphorical,higher in metaphorical,higher in metaphorical,higher in literal,higher in literal,higher in metaphorical,higher in metaphorical,higher in literal,higher in literal,higher in literal,higher in literal,higher in literal,higher in literal,higher in literal,higher in literal,higher in literal,higher in literal,,,,higher in literal
comprehend material / digest material,1.2489619222792363,higher in metaphorical,,higher in literal,,higher in literal,,higher in metaphorical,higher in metaphorical,higher in metaphorical,higher in metaphorical,higher in metaphorical,higher in metaphorical,higher in metaphorical,higher in metaphorical,,,higher in metaphorical,higher in literal,higher in literal,higher in literal,higher in metaphorical,higher in metaphorical,higher in literal,higher in literal,higher in metaphorical,higher in metaphorical,higher in metaphorical,higher in metaphorical,higher in metaphorical,higher in metaphorical,higher in metaphorical,higher in metaphorical,higher in metaphorical,higher in metaphorical,,,,higher in metaphorical
comprehend fact / digest fact,1.241819422942065,higher in literal,,higher in metaphorical,higher in metaphorical,higher in literal,higher in literal,higher in metaphorical,,,,,,higher in metaphorical,,higher in literal,higher in literal,higher in literal,higher in metaphorical,higher in metaphorical,higher in metaphorical,higher in literal,higher in literal,higher in metaphorical,higher in metaphorical,higher in metaphorical,higher in metaphorical,higher in metaphorical,,higher in metaphorical,higher in metaphorical,higher in metaphorical,higher in metaphorical,higher in metaphorical,,higher in literal,higher in literal,higher in literal,
comprehend text / digest text,1.7722897845725551,higher in literal,higher in metaphorical,higher in metaphorical,higher in metaphorical,higher in literal,higher in literal,higher in literal,,higher in literal,higher in literal,higher in literal,higher in literal,higher in literal,higher in literal,higher in literal,higher in literal,higher in literal,higher in metaphorical,higher in metaphorical,higher in metaphorical,higher in literal,higher in literal,higher in metaphorical,higher in metaphorical,,,higher in metaphorical,higher in literal,higher in metaphorical,higher in literal,,,higher in metaphorical,higher in literal,higher in literal,higher in literal,higher in literal,
comprehend concept / digest concept,1.7168154452151967,higher in literal,higher in metaphorical,higher in metaphorical,higher in metaphorical,higher in literal,higher in literal,,higher in literal,higher in literal,higher in literal,,higher in literal,higher in literal,higher in literal,higher in literal,higher in literal,higher in literal,higher in metaphorical,higher in metaphorical,higher in metaphorical,higher in literal,higher in literal,higher in metaphorical,higher in metaphorical,higher in metaphorical,higher in metaphorical,higher in metaphorical,,higher in metaphorical,higher in literal,higher in metaphorical,higher in metaphorical,higher in metaphorical,higher in literal,higher in literal,higher in literal,higher in literal,
comprehend idea / digest idea,1.1991249800991515,higher in literal,,higher in metaphorical,higher in metaphorical,,higher in literal,,,,,,,,,higher in literal,higher in literal,higher in literal,higher in metaphorical,higher in metaphorical,higher in metaphorical,higher in literal,higher in literal,higher in metaphorical,higher in metaphorical,,,higher in metaphorical,,,,,,,,higher in literal,higher in literal,higher in literal,
comprehend word / digest word,1.4074915844399825,higher in literal,,higher in metaphorical,higher in metaphorical,,higher in literal,,higher in literal,higher in literal,higher in literal,higher in literal,higher in literal,higher in literal,higher in literal,higher in literal,higher in literal,higher in literal,higher in metaphorical,higher in metaphorical,higher in metaphorical,higher in literal,higher in literal,higher in metaphorical,higher in metaphorical,higher in literal,higher in literal,,higher in literal,higher in literal,higher in literal,higher in literal,higher in literal,,higher in literal,higher in literal,higher in literal,higher in literal,
comprehend content / digest content,1.3718625335121502,higher in literal,,higher in metaphorical,higher in metaphorical,higher in literal,higher in literal,higher in metaphorical,,,higher in literal,,,higher in metaphorical,,higher in literal,higher in literal,higher in literal,higher in metaphorical,higher in metaphorical,higher in metaphorical,higher in literal,higher in literal,higher in metaphorical,higher in metaphorical,,higher in metaphorical,higher in metaphorical,higher in literal,,higher in metaphorical,,,higher in metaphorical,,higher in literal,higher in literal,higher in literal,
comprehend situation / digest situation,2.1235960710443296,higher in literal,,higher in metaphorical,higher in metaphorical,higher in metaphorical,higher in literal,higher in metaphorical,,,higher in literal,,,higher in literal,,higher in literal,higher in literal,higher in literal,higher in metaphorical,higher in metaphorical,higher in metaphorical,higher in literal,higher in literal,higher in metaphorical,higher in metaphorical,higher in literal,higher in literal,higher in literal,higher in literal,higher in literal,higher in literal,higher in literal,higher in literal,higher in literal,higher in literal,higher in literal,higher in literal,higher in literal,higher in literal
comprehend message / digest message,1.4213166498254908,higher in literal,,higher in metaphorical,higher in metaphorical,higher in literal,higher in literal,,,,,higher in metaphorical,,higher in literal,,higher in literal,higher in literal,higher in literal,higher in metaphorical,higher in metaphorical,higher in metaphorical,higher in literal,higher in literal,higher in metaphorical,higher in metaphorical,,,,higher in literal,,higher in literal,,,,higher in literal,higher in literal,higher in literal,higher in literal,
reject past / disown past,0.8749728867377831,higher in literal,higher in literal,higher in metaphorical,higher in metaphorical,,higher in literal,higher in metaphorical,,,,higher in metaphorical,higher in metaphorical,higher in literal,higher in metaphorical,,,higher in literal,higher in metaphorical,higher in metaphorical,higher in metaphorical,higher in literal,higher in literal,,higher in metaphorical,higher in metaphorical,higher in metaphorical,higher in literal,,higher in metaphorical,,,higher in metaphorical,,higher in literal,,,,
reject idea / disown idea,1.2473912121181403,higher in literal,higher in metaphorical,higher in metaphorical,higher in metaphorical,higher in literal,higher in literal,,higher in literal,higher in literal,higher in literal,higher in literal,higher in literal,higher in literal,higher in literal,higher in literal,higher in literal,higher in literal,higher in metaphorical,higher in metaphorical,higher in metaphorical,higher in literal,higher in literal,higher in metaphorical,higher in metaphorical,higher in literal,higher in literal,,higher in literal,,higher in literal,higher in literal,,,higher in literal,,,,
reject policy / disown policy,0.978540076708854,higher in literal,,higher in metaphorical,higher in metaphorical,,higher in literal,higher in metaphorical,higher in literal,higher in literal,higher in literal,,higher in literal,higher in literal,higher in literal,,,higher in literal,higher in metaphorical,higher in metaphorical,higher in metaphorical,higher in literal,higher in literal,,higher in metaphorical,,higher in literal,higher in metaphorical,higher in literal,,higher in literal,higher in literal,higher in literal,higher in metaphorical,higher in literal,,,,
reject responsibility / disown responsibility,0.6883221639372291,higher in literal,,higher in metaphorical,higher in metaphorical,higher in literal,higher in literal,higher in literal,,higher in metaphorical,,,,higher in literal,,,,higher in literal,higher in metaphorical,higher in metaphorical,higher in metaphorical,higher in literal,higher in literal,higher in metaphorical,higher in metaphorical,higher in metaphorical,higher in metaphorical,higher in metaphorical,higher in metaphorical,higher in metaphorical,,higher in metaphorical,higher in metaphorical,higher in metaphorical,higher in literal,,,,
reduce price / drop price,1.1335884244487986,higher in metaphorical,higher in literal,higher in literal,higher in literal,higher in metaphorical,higher in metaphorical,higher in literal,higher in metaphorical,higher in metaphorical,higher in metaphorical,higher in metaphorical,higher in metaphorical,higher in metaphorical,higher in metaphorical,higher in metaphorical,higher in metaphorical,higher in metaphorical,higher in literal,higher in literal,higher in literal,higher in metaphorical,higher in metaphorical,higher in literal,higher in literal,,,higher in metaphorical,,,higher in metaphorical,,,higher in metaphorical,higher in metaphorical,higher in metaphorical,higher in metaphorical,higher in metaphorical,higher in metaphorical
reduce rate / drop rate,0.6104878567133291,higher in metaphorical,higher in metaphorical,higher in literal,higher in literal,,,,,higher in metaphorical,,,,higher in metaphorical,,higher in metaphorical,higher in metaphorical,higher in metaphorical,higher in literal,higher in literal,,higher in metaphorical,higher in metaphorical,higher in literal,higher in literal,higher in metaphorical,higher in metaphorical,,higher in metaphorical,higher in metaphorical,higher in metaphorical,higher in metaphorical,higher in metaphorical,,higher in metaphorical,,higher in metaphorical,,
forget trouble / drown trouble,1.1636327933685109,,higher in literal,higher in metaphorical,higher in metaphorical,higher in literal,higher in literal,higher in literal,higher in metaphorical,higher in metaphorical,higher in metaphorical,higher in metaphorical,higher in metaphorical,higher in literal,higher in metaphorical,,,higher in literal,higher in metaphorical,higher in metaphorical,higher in metaphorical,higher in literal,higher in literal,higher in metaphorical,higher in metaphorical,higher in metaphorical,higher in metaphorical,higher in metaphorical,higher in metaphorical,higher in metaphorical,higher in literal,,higher in metaphorical,,,,,,
forget pain / drown pain,0.675707014262719,higher in literal,,higher in metaphorical,higher in metaphorical,,higher in literal,higher in literal,,,higher in metaphorical,higher in metaphorical,,higher in literal,,,,higher in literal,higher in metaphorical,higher in metaphorical,higher in metaphorical,higher in literal,higher in literal,higher in metaphorical,higher in metaphorical,,,,higher in metaphorical,,higher in literal,,,higher in literal,higher in literal,,,,
forget problem / drown problem,0.871471928254695,higher in literal,,higher in metaphorical,higher in metaphorical,,higher in literal,higher in literal,,,,higher in metaphorical,higher in metaphorical,higher in literal,higher in metaphorical,,,higher in literal,higher in metaphorical,higher in metaphorical,higher in metaphorical,higher in literal,higher in literal,,higher in metaphorical,higher in metaphorical,higher in metaphorical,,,higher in metaphorical,higher in literal,,higher in metaphorical,higher in literal,higher in literal,,,,
forget feeling / drown feeling,0.8351255996299989,,higher in literal,higher in metaphorical,,,higher in literal,higher in literal,higher in metaphorical,higher in metaphorical,higher in metaphorical,higher in metaphorical,higher in metaphorical,higher in literal,higher in metaphorical,,,higher in literal,higher in metaphorical,higher in metaphorical,higher in metaphorical,higher in literal,higher in literal,higher in metaphorical,higher in metaphorical,,,higher in literal,higher in metaphorical,,higher in literal,,,higher in literal,,,,,
decrease appetite / dull appetite,3.1369164855106795,higher in literal,higher in metaphorical,higher in metaphorical,higher in metaphorical,higher in literal,higher in literal,higher in literal,higher in metaphorical,higher in metaphorical,higher in metaphorical,higher in metaphorical,higher in metaphorical,higher in literal,higher in metaphorical,higher in literal,higher in literal,higher in literal,higher in metaphorical,higher in metaphorical,higher in metaphorical,higher in literal,higher in literal,higher in metaphorical,higher in metaphorical,higher in metaphorical,higher in metaphorical,,higher in metaphorical,higher in metaphorical,higher in literal,higher in metaphorical,higher in metaphorical,,higher in literal,higher in literal,higher in literal,higher in literal,
decrease sense / dull sense,0.5165652544199658,higher in metaphorical,higher in literal,,,,,higher in literal,higher in metaphorical,higher in metaphorical,higher in metaphorical,higher in metaphorical,higher in metaphorical,higher in metaphorical,higher in metaphorical,,,,,,,higher in metaphorical,higher in metaphorical,,,,,higher in metaphorical,,,higher in metaphorical,,,higher in metaphorical,higher in metaphorical,,,,
decrease noise / dull noise,2.1570282685917532,higher in literal,higher in literal,higher in metaphorical,higher in metaphorical,higher in metaphorical,higher in literal,,higher in metaphorical,higher in metaphorical,higher in metaphorical,higher in metaphorical,higher in metaphorical,higher in literal,higher in metaphorical,higher in literal,higher in literal,higher in literal,higher in metaphorical,higher in metaphorical,higher in metaphorical,higher in literal,higher in literal,higher in metaphorical,higher in metaphorical,higher in metaphorical,higher in metaphorical,higher in literal,,higher in literal,higher in literal,,,higher in literal,higher in literal,higher in literal,higher in literal,higher in literal,higher in literal
decrease feeling / dull feeling,1.9517606180768015,higher in literal,higher in literal,higher in metaphorical,higher in metaphorical,higher in literal,higher in literal,higher in literal,higher in metaphorical,higher in metaphorical,higher in metaphorical,higher in metaphorical,higher in metaphorical,higher in literal,higher in metaphorical,higher in literal,higher in literal,higher in literal,higher in metaphorical,higher in metaphorical,higher in metaphorical,higher in literal,higher in literal,higher in metaphorical,higher in metaphorical,higher in metaphorical,higher in metaphorical,higher in metaphorical,higher in metaphorical,higher in metaphorical,,higher in metaphorical,higher in metaphorical,higher in metaphorical,higher in literal,higher in literal,higher in literal,higher in literal,
make excuse / find excuse,1.145632692897779,higher in metaphorical,,higher in literal,higher in literal,higher in literal,higher in metaphorical,higher in literal,higher in metaphorical,higher in metaphorical,higher in metaphorical,higher in metaphorical,higher in metaphorical,higher in metaphorical,higher in metaphorical,higher in metaphorical,higher in metaphorical,higher in metaphorical,higher in literal,higher in literal,,higher in metaphorical,higher in metaphorical,higher in literal,higher in literal,higher in metaphorical,higher in metaphorical,,higher in metaphorical,higher in metaphorical,higher in metaphorical,higher in metaphorical,higher in metaphorical,,higher in metaphorical,higher in metaphorical,higher in metaphorical,higher in metaphorical,
make way / find way,1.146920778280719,higher in metaphorical,higher in metaphorical,higher in literal,higher in literal,higher in literal,higher in metaphorical,higher in literal,,,,,,higher in metaphorical,,higher in metaphorical,higher in metaphorical,higher in metaphorical,higher in literal,higher in literal,,higher in metaphorical,higher in metaphorical,higher in literal,higher in literal,higher in metaphorical,higher in metaphorical,,higher in metaphorical,higher in metaphorical,higher in metaphorical,higher in metaphorical,higher in metaphorical,,higher in metaphorical,higher in metaphorical,higher in metaphorical,higher in metaphorical,
make connection / find connection,0.9784884038995089,higher in metaphorical,higher in metaphorical,higher in literal,higher in literal,,higher in metaphorical,higher in literal,higher in literal,higher in literal,,,,higher in metaphorical,,higher in metaphorical,higher in metaphorical,higher in metaphorical,higher in literal,higher in literal,,higher in metaphorical,higher in metaphorical,higher in literal,higher in literal,higher in metaphorical,higher in metaphorical,higher in metaphorical,,higher in metaphorical,higher in metaphorical,higher in metaphorical,higher in metaphorical,higher in metaphorical,higher in metaphorical,higher in metaphorical,higher in metaphorical,higher in metaphorical,
suggest idea / float idea,1.1325519086007436,higher in metaphorical,higher in metaphorical,,higher in literal,higher in literal,higher in metaphorical,higher in literal,,,,higher in literal,higher in literal,higher in metaphorical,higher in literal,higher in metaphorical,higher in metaphorical,higher in metaphorical,higher in literal,higher in literal,,higher in metaphorical,higher in metaphorical,higher in literal,higher in literal,higher in metaphorical,higher in metaphorical,,higher in metaphorical,higher in metaphorical,higher in metaphorical,higher in metaphorical,higher in metaphorical,,higher in metaphorical,higher in metaphorical,higher in metaphorical,higher in metaphorical,
suggest theory / float theory,0.97379466064135,,higher in literal,higher in metaphorical,higher in metaphorical,higher in literal,higher in literal,higher in literal,higher in metaphorical,higher in metaphorical,,higher in metaphorical,higher in metaphorical,higher in metaphorical,higher in metaphorical,,,,higher in metaphorical,higher in metaphorical,,,,,,higher in literal,higher in literal,higher in metaphorical,higher in literal,higher in literal,higher in metaphorical,higher in literal,higher in literal,higher in metaphorical,higher in metaphorical,,,,
suggest concept / float concept,1.3225691722729933,higher in literal,higher in literal,higher in metaphorical,higher in metaphorical,higher in literal,higher in literal,higher in literal,,,,,,,,,,higher in literal,higher in metaphorical,higher in metaphorical,higher in metaphorical,higher in literal,higher in literal,higher in metaphorical,higher in metaphorical,higher in literal,higher in literal,higher in metaphorical,higher in literal,higher in literal,higher in metaphorical,higher in literal,higher in literal,higher in metaphorical,higher in literal,,,,higher in metaphorical
saturate market / flood market,1.8010311809382333,higher in metaphorical,higher in literal,higher in literal,higher in literal,higher in metaphorical,higher in metaphorical,higher in literal,higher in metaphorical,higher in metaphorical,higher in metaphorical,higher in metaphorical,higher in metaphorical,higher in metaphorical,higher in metaphorical,higher in metaphorical,higher in metaphorical,higher in metaphorical,higher in literal,higher in literal,higher in literal,higher in metaphorical,higher in metaphorical,higher in literal,higher in literal,higher in metaphorical,higher in metaphorical,higher in metaphorical,,higher in metaphorical,higher in metaphorical,higher in metaphorical,higher in metaphorical,higher in metaphorical,higher in metaphorical,higher in metaphorical,higher in metaphorical,higher in metaphorical,
practice profession / follow profession,1.0565996457495885,higher in metaphorical,higher in literal,higher in literal,higher in literal,higher in metaphorical,higher in metaphorical,higher in literal,,,,higher in metaphorical,higher in metaphorical,,higher in metaphorical,,,,higher in literal,higher in literal,higher in literal,,higher in metaphorical,,higher in literal,higher in literal,higher in literal,,higher in literal,higher in literal,,higher in literal,higher in literal,,,,,,
practice religion / follow religion,1.0671949522790936,higher in metaphorical,higher in literal,higher in literal,higher in literal,higher in metaphorical,higher in metaphorical,higher in literal,higher in metaphorical,higher in metaphorical,higher in metaphorical,higher in metaphorical,higher in metaphorical,,higher in metaphorical,,,,higher in literal,higher in literal,higher in literal,,higher in metaphorical,,higher in literal,higher in literal,higher in literal,,higher in literal,higher in literal,,higher in literal,higher in literal,,,,,,
practice activity / follow activity,0.7766742783135022,higher in literal,,,,higher in metaphorical,,higher in metaphorical,higher in literal,higher in literal,higher in literal,higher in literal,higher in literal,higher in literal,higher in literal,higher in literal,higher in literal,,,,,higher in literal,higher in literal,,,higher in literal,higher in literal,higher in literal,higher in literal,higher in literal,higher in literal,higher in literal,higher in literal,higher in literal,higher in literal,higher in literal,higher in literal,higher in literal,
practise profession / follow profession,1.2523551468226264,higher in literal,higher in literal,higher in literal,,higher in metaphorical,higher in metaphorical,higher in metaphorical,,,,,,higher in literal,,higher in literal,higher in literal,,,,,higher in literal,higher in literal,,,higher in literal,higher in literal,higher in literal,higher in literal,higher in literal,higher in literal,higher in literal,higher in literal,higher in literal,higher in literal,higher in literal,higher in literal,higher in literal,higher in literal
practise religion / follow religion,0.6640144446913645,higher in literal,higher in metaphorical,higher in metaphorical,higher in metaphorical,higher in literal,higher in literal,higher in metaphorical,higher in literal,higher in literal,higher in literal,higher in literal,higher in literal,,higher in literal,higher in literal,higher in literal,,higher in metaphorical,higher in metaphorical,,,,higher in metaphorical,higher in metaphorical,,,higher in literal,,,,,,higher in literal,,higher in literal,higher in literal,higher in literal,higher in literal
practise activity / follow activity,0.8823936421861829,higher in literal,higher in metaphorical,higher in metaphorical,higher in metaphorical,higher in literal,,higher in metaphorical,higher in literal,higher in literal,higher in literal,higher in literal,higher in literal,higher in literal,higher in literal,higher in literal,higher in literal,,higher in metaphorical,higher in metaphorical,,higher in literal,higher in literal,higher in metaphorical,higher in metaphorical,,,higher in literal,,,higher in literal,,,higher in literal,higher in literal,higher in literal,higher in literal,higher in literal,higher in literal
pose question / frame question,0.7648088492146987,higher in metaphorical,higher in literal,higher in literal,higher in literal,higher in metaphorical,higher in metaphorical,,,,,,,higher in literal,,higher in metaphorical,higher in metaphorical,,higher in literal,higher in literal,,,,higher in literal,higher in literal,higher in literal,higher in literal,,higher in literal,higher in literal,higher in literal,higher in literal,higher in literal,,higher in literal,higher in metaphorical,higher in metaphorical,higher in metaphorical,
pose problem / frame problem,0.5892875160447391,,,higher in literal,higher in literal,higher in metaphorical,higher in metaphorical,,,higher in metaphorical,,,,higher in literal,,,,,higher in literal,higher in literal,,higher in literal,,higher in literal,,,,higher in literal,,,higher in literal,,,higher in literal,higher in literal,,,,
pose challenge / frame challenge,0.8888180131002699,higher in literal,higher in metaphorical,higher in metaphorical,higher in metaphorical,higher in literal,higher in literal,higher in metaphorical,higher in literal,higher in literal,higher in literal,higher in literal,higher in literal,,higher in literal,higher in literal,higher in literal,higher in literal,higher in metaphorical,higher in metaphorical,higher in metaphorical,higher in literal,higher in literal,higher in metaphorical,higher in metaphorical,,,,,higher in metaphorical,,,,,,higher in literal,higher in literal,higher in literal,
pose issue / frame issue,0.570181522475488,higher in metaphorical,,,,,,,,,higher in literal,,,higher in metaphorical,,higher in metaphorical,higher in metaphorical,,,,,higher in metaphorical,higher in metaphorical,higher in literal,higher in literal,higher in metaphorical,higher in metaphorical,higher in metaphorical,,higher in metaphorical,higher in metaphorical,higher in metaphorical,higher in metaphorical,higher in metaphorical,higher in metaphorical,higher in metaphorical,higher in metaphorical,higher in metaphorical,
pose debate / frame debate,0.6499698137604306,higher in literal,higher in metaphorical,higher in metaphorical,higher in metaphorical,higher in literal,higher in literal,,,,higher in literal,higher in literal,higher in literal,higher in metaphorical,higher in literal,,,,,,,higher in metaphorical,,,,higher in metaphorical,higher in metaphorical,higher in metaphorical,,higher in metaphorical,higher in metaphorical,higher in metaphorical,higher in metaphorical,higher in metaphorical,higher in metaphorical,higher in literal,higher in literal,higher in literal,
pose concern / frame concern,0.7925347802835504,higher in literal,higher in literal,higher in metaphorical,higher in metaphorical,,higher in literal,,higher in literal,higher in literal,higher in literal,,higher in literal,,higher in literal,,,higher in literal,higher in metaphorical,higher in metaphorical,higher in metaphorical,higher in literal,higher in literal,higher in metaphorical,higher in metaphorical,,,higher in metaphorical,higher in literal,higher in literal,higher in metaphorical,higher in literal,higher in literal,higher in metaphorical,higher in literal,,,,higher in metaphorical
pose argument / frame argument,0.9859686947325549,,,,,higher in literal,higher in literal,,higher in metaphorical,higher in metaphorical,higher in metaphorical,higher in metaphorical,higher in metaphorical,higher in metaphorical,higher in metaphorical,,,higher in metaphorical,,,,higher in metaphorical,higher in metaphorical,,,higher in metaphorical,higher in metaphorical,higher in metaphorical,higher in metaphorical,higher in metaphorical,higher in metaphorical,higher in metaphorical,higher in metaphorical,higher in metaphorical,higher in metaphorical,,,,higher in metaphorical
pose idea / frame idea,0.7002008906123308,higher in literal,,higher in metaphorical,higher in metaphorical,higher in literal,higher in literal,higher in literal,higher in metaphorical,higher in metaphorical,higher in metaphorical,higher in metaphorical,higher in metaphorical,,higher in metaphorical,higher in literal,,higher in literal,higher in metaphorical,higher in metaphorical,,,higher in literal,higher in metaphorical,higher in metaphorical,higher in metaphorical,higher in metaphorical,higher in literal,higher in metaphorical,higher in metaphorical,higher in literal,higher in metaphorical,higher in metaphorical,higher in literal,,,,,
pose hypothesis / frame hypothesis,0.7755872376830626,,higher in literal,higher in literal,higher in literal,higher in metaphorical,higher in metaphorical,,,higher in literal,,,,higher in literal,,,,,higher in literal,higher in literal,higher in literal,,,,,higher in literal,higher in literal,higher in literal,higher in literal,higher in literal,,higher in literal,higher in literal,higher in literal,,,,,
stimulate debate / fuel debate,0.9192735670250267,higher in literal,higher in metaphorical,higher in metaphorical,higher in metaphorical,higher in literal,higher in literal,higher in metaphorical,higher in literal,higher in literal,higher in literal,higher in literal,higher in literal,,higher in literal,higher in literal,higher in literal,,higher in metaphorical,higher in metaphorical,,,higher in literal,higher in metaphorical,higher in metaphorical,higher in metaphorical,higher in metaphorical,,,higher in metaphorical,,higher in metaphorical,higher in metaphorical,,,higher in literal,higher in literal,higher in literal,
stimulate growth / fuel growth,0.8947779645968864,higher in literal,higher in metaphorical,,,higher in metaphorical,higher in metaphorical,higher in metaphorical,higher in literal,higher in literal,higher in literal,higher in literal,higher in literal,higher in literal,higher in literal,higher in literal,higher in literal,,,,,higher in literal,higher in literal,,,,,higher in literal,higher in literal,,higher in literal,,,higher in literal,higher in literal,higher in literal,higher in literal,higher in literal,
stimulate economy / fuel economy,0.5478580115125002,,higher in literal,,,higher in metaphorical,,,,,,,,higher in literal,,higher in literal,higher in literal,,,,,higher in literal,higher in literal,,,,,,,higher in literal,higher in literal,higher in literal,higher in literal,,higher in literal,higher in literal,higher in literal,higher in literal,
stimulate interest / fuel interest,0.8336816665245806,higher in literal,higher in metaphorical,,,,,higher in metaphorical,higher in literal,higher in literal,higher in literal,higher in literal,higher in literal,,higher in literal,higher in literal,higher in literal,,,,,,,,,higher in literal,higher in literal,,higher in literal,higher in literal,higher in literal,higher in literal,higher in literal,,,,,,
stimulate discussion / fuel discussion,0.8920920709910112,higher in metaphorical,higher in metaphorical,higher in literal,higher in literal,,higher in metaphorical,,,,,,higher in metaphorical,higher in metaphorical,,,,higher in metaphorical,higher in literal,higher in literal,higher in literal,higher in metaphorical,higher in metaphorical,higher in literal,higher in literal,higher in metaphorical,higher in metaphorical,,higher in metaphorical,higher in metaphorical,higher in metaphorical,higher in metaphorical,higher in metaphorical,,higher in metaphorical,,,,
stimulate demand / fuel demand,0.5700452170925459,,,,,,,,higher in literal,higher in literal,higher in literal,higher in literal,higher in literal,,higher in literal,,,,,,,,,,,higher in literal,higher in literal,,higher in literal,higher in literal,,higher in literal,higher in literal,,,,,,
stimulate activity / fuel activity,0.7134050806503823,,higher in metaphorical,,,higher in literal,higher in metaphorical,,,,higher in literal,higher in literal,,higher in literal,,,,,,,,higher in metaphorical,,,,higher in metaphorical,higher in metaphorical,,higher in metaphorical,higher in metaphorical,higher in literal,higher in metaphorical,higher in metaphorical,,,,,,
stimulate creativity / fuel creativity,0.759021446884968,,,,,higher in literal,,higher in metaphorical,higher in metaphorical,higher in metaphorical,higher in metaphorical,higher in metaphorical,higher in metaphorical,higher in metaphorical,higher in metaphorical,,,,,,,,,,,higher in metaphorical,higher in metaphorical,higher in metaphorical,higher in metaphorical,higher in metaphorical,higher in metaphorical,higher in metaphorical,higher in metaphorical,higher in metaphorical,higher in metaphorical,,,,
stimulate conversation / fuel conversation,1.3011093909942366,higher in literal,,higher in metaphorical,higher in metaphorical,higher in literal,higher in literal,,higher in metaphorical,higher in metaphorical,higher in metaphorical,higher in metaphorical,higher in metaphorical,higher in literal,higher in metaphorical,higher in literal,higher in literal,higher in literal,higher in metaphorical,higher in metaphorical,higher in metaphorical,higher in literal,higher in literal,higher in metaphorical,higher in metaphorical,higher in metaphorical,higher in metaphorical,higher in literal,higher in metaphorical,,,higher in metaphorical,higher in metaphorical,higher in literal,higher in literal,higher in literal,higher in literal,higher in literal,
understand meaning / grasp meaning,1.3133309753094335,higher in literal,higher in literal,higher in metaphorical,higher in metaphorical,,higher in literal,higher in metaphorical,higher in metaphorical,higher in metaphorical,higher in metaphorical,higher in metaphorical,higher in metaphorical,,higher in metaphorical,higher in literal,higher in literal,higher in literal,higher in metaphorical,higher in metaphorical,,higher in literal,,higher in metaphorical,higher in metaphorical,higher in literal,higher in literal,,higher in literal,higher in literal,,higher in literal,higher in literal,,,higher in literal,higher in literal,higher in literal,
understand concept / grasp concept,0.7961390330441906,,higher in literal,higher in metaphorical,higher in metaphorical,higher in literal,higher in literal,,higher in metaphorical,higher in metaphorical,higher in metaphorical,higher in metaphorical,higher in metaphorical,higher in metaphorical,higher in metaphorical,,,,,higher in metaphorical,,higher in metaphorical,higher in metaphorical,,,,,,higher in metaphorical,,higher in metaphorical,,,,,higher in literal,higher in literal,higher in literal,
understand issue / grasp issue,1.1538982996390688,higher in literal,higher in literal,higher in metaphorical,higher in metaphorical,,higher in literal,higher in metaphorical,higher in metaphorical,higher in metaphorical,higher in metaphorical,higher in metaphorical,higher in metaphorical,,higher in metaphorical,higher in literal,higher in literal,higher in literal,higher in metaphorical,higher in metaphorical,,higher in literal,higher in literal,higher in metaphorical,higher in metaphorical,higher in metaphorical,higher in metaphorical,,higher in metaphorical,,,higher in metaphorical,higher in metaphorical,,,higher in literal,higher in literal,higher in literal,
understand point / grasp point,0.9019163538829146,higher in literal,higher in literal,higher in metaphorical,higher in metaphorical,higher in literal,higher in literal,,higher in metaphorical,higher in metaphorical,higher in metaphorical,higher in metaphorical,higher in metaphorical,,higher in metaphorical,higher in literal,higher in literal,,higher in metaphorical,higher in metaphorical,,,,higher in metaphorical,higher in metaphorical,higher in literal,higher in literal,higher in literal,higher in literal,higher in literal,,higher in literal,higher in literal,higher in literal,,higher in literal,higher in literal,higher in literal,
understand problem / grasp problem,1.0081361671511049,higher in literal,higher in literal,higher in metaphorical,higher in metaphorical,higher in literal,higher in literal,,higher in metaphorical,higher in metaphorical,higher in metaphorical,higher in metaphorical,higher in metaphorical,higher in metaphorical,higher in metaphorical,higher in literal,higher in literal,higher in literal,higher in metaphorical,higher in metaphorical,higher in metaphorical,higher in literal,,higher in metaphorical,higher in metaphorical,higher in literal,higher in literal,,higher in literal,higher in literal,higher in metaphorical,higher in literal,higher in literal,,higher in metaphorical,higher in literal,higher in literal,higher in literal,
understand situation / grasp situation,1.2785820513360704,higher in literal,higher in literal,higher in metaphorical,higher in metaphorical,,higher in literal,,higher in metaphorical,higher in metaphorical,higher in metaphorical,higher in metaphorical,higher in metaphorical,higher in metaphorical,higher in metaphorical,higher in literal,higher in literal,higher in literal,higher in metaphorical,higher in metaphorical,higher in metaphorical,higher in literal,higher in literal,higher in metaphorical,higher in metaphorical,higher in literal,higher in literal,higher in metaphorical,higher in literal,higher in literal,higher in metaphorical,higher in literal,higher in literal,higher in metaphorical,higher in metaphorical,higher in literal,higher in literal,higher in literal,
understand reason / grasp reason,1.222597862268999,higher in literal,higher in literal,higher in metaphorical,higher in metaphorical,,higher in literal,higher in literal,higher in metaphorical,higher in metaphorical,higher in metaphorical,higher in metaphorical,higher in metaphorical,higher in literal,higher in metaphorical,higher in literal,higher in literal,higher in literal,higher in metaphorical,higher in metaphorical,higher in metaphorical,higher in literal,higher in literal,higher in metaphorical,higher in metaphorical,,,higher in literal,,,,,,higher in literal,higher in literal,higher in literal,higher in literal,,
understand language / grasp language,1.089266642390639,higher in literal,higher in literal,higher in metaphorical,higher in metaphorical,,higher in literal,higher in literal,higher in metaphorical,higher in metaphorical,higher in metaphorical,higher in metaphorical,higher in metaphorical,higher in literal,higher in metaphorical,higher in literal,higher in literal,higher in literal,higher in metaphorical,higher in metaphorical,higher in metaphorical,higher in literal,higher in literal,higher in metaphorical,higher in metaphorical,higher in literal,,higher in literal,higher in literal,higher in literal,higher in literal,higher in literal,higher in literal,higher in literal,higher in literal,,,,
understand idea / grasp idea,0.7947814273504256,higher in metaphorical,higher in literal,higher in literal,,higher in metaphorical,,higher in literal,,,,,,,,higher in metaphorical,higher in metaphorical,,higher in literal,,,,higher in metaphorical,higher in literal,higher in literal,higher in literal,higher in literal,higher in literal,higher in literal,higher in literal,,higher in literal,higher in literal,higher in literal,,,,higher in metaphorical,
understand risk / grasp risk,2.0980144817283275,higher in literal,higher in metaphorical,higher in metaphorical,higher in metaphorical,higher in literal,higher in literal,,,,,,,higher in literal,,higher in literal,higher in literal,higher in literal,higher in metaphorical,higher in metaphorical,higher in metaphorical,higher in literal,higher in literal,higher in metaphorical,higher in metaphorical,higher in metaphorical,higher in metaphorical,higher in metaphorical,higher in metaphorical,higher in metaphorical,higher in literal,higher in metaphorical,higher in metaphorical,higher in metaphorical,higher in literal,higher in literal,higher in literal,higher in literal,
understand question / grasp question,1.443928040109406,higher in literal,higher in literal,higher in metaphorical,higher in metaphorical,higher in literal,higher in literal,higher in literal,,,,,,higher in literal,,higher in literal,higher in literal,higher in literal,higher in metaphorical,higher in metaphorical,higher in metaphorical,higher in literal,higher in literal,higher in metaphorical,higher in metaphorical,,,higher in metaphorical,,,higher in literal,,,higher in metaphorical,higher in literal,higher in literal,higher in literal,higher in literal,
manage job / juggle job,1.125812158027639,higher in literal,,higher in metaphorical,higher in metaphorical,,higher in literal,higher in metaphorical,higher in metaphorical,higher in metaphorical,higher in metaphorical,higher in metaphorical,higher in metaphorical,higher in literal,higher in metaphorical,higher in literal,higher in literal,higher in literal,higher in metaphorical,higher in metaphorical,,higher in literal,higher in literal,higher in metaphorical,higher in metaphorical,higher in metaphorical,higher in metaphorical,higher in literal,higher in metaphorical,higher in metaphorical,higher in literal,higher in metaphorical,higher in metaphorical,higher in literal,higher in literal,higher in literal,higher in literal,higher in literal,higher in literal
manage project / juggle project,1.7942935883986701,higher in literal,higher in metaphorical,higher in metaphorical,higher in metaphorical,higher in literal,higher in literal,higher in metaphorical,higher in metaphorical,higher in metaphorical,higher in metaphorical,higher in metaphorical,higher in metaphorical,higher in literal,higher in metaphorical,higher in literal,higher in literal,higher in literal,higher in metaphorical,higher in metaphorical,higher in metaphorical,higher in literal,higher in literal,higher in metaphorical,higher in metaphorical,higher in metaphorical,higher in metaphorical,,higher in metaphorical,higher in metaphorical,higher in literal,higher in metaphorical,higher in metaphorical,,,higher in literal,higher in literal,higher in literal,
manage work / juggle work,1.4083791572375073,higher in literal,higher in metaphorical,higher in metaphorical,higher in metaphorical,,higher in literal,higher in metaphorical,higher in metaphorical,higher in metaphorical,,higher in metaphorical,higher in metaphorical,higher in literal,higher in metaphorical,higher in literal,higher in literal,higher in literal,higher in metaphorical,higher in metaphorical,,higher in literal,higher in literal,higher in metaphorical,higher in metaphorical,higher in metaphorical,higher in metaphorical,,higher in metaphorical,higher in metaphorical,higher in literal,higher in metaphorical,higher in metaphorical,,higher in literal,higher in literal,higher in literal,higher in literal,higher in literal
manage life / juggle life,1.2841188852088505,higher in literal,higher in metaphorical,higher in metaphorical,higher in metaphorical,higher in literal,higher in literal,higher in metaphorical,,,,,,higher in literal,,higher in literal,higher in literal,higher in literal,higher in metaphorical,higher in metaphorical,higher in metaphorical,higher in literal,higher in literal,higher in metaphorical,higher in metaphorical,higher in metaphorical,higher in metaphorical,higher in literal,higher in metaphorical,higher in metaphorical,higher in literal,higher in metaphorical,higher in metaphorical,higher in literal,higher in literal,higher in literal,higher in literal,higher in literal,higher in literal
manage career / juggle career,1.4434560613492435,higher in literal,higher in metaphorical,higher in metaphorical,higher in metaphorical,higher in literal,higher in literal,higher in metaphorical,,,,higher in metaphorical,,higher in literal,,higher in literal,higher in literal,higher in literal,higher in metaphorical,higher in metaphorical,higher in metaphorical,higher in literal,higher in literal,higher in metaphorical,higher in metaphorical,higher in metaphorical,higher in metaphorical,,higher in metaphorical,higher in metaphorical,higher in literal,higher in metaphorical,higher in metaphorical,,higher in literal,higher in literal,higher in literal,higher in literal,higher in literal
manage school / juggle school,1.6385568957535652,higher in literal,higher in metaphorical,higher in metaphorical,higher in metaphorical,higher in metaphorical,higher in literal,higher in metaphorical,higher in literal,,,higher in literal,higher in literal,higher in literal,higher in literal,higher in literal,higher in literal,higher in literal,higher in metaphorical,higher in metaphorical,higher in metaphorical,higher in literal,higher in literal,higher in metaphorical,higher in metaphorical,,higher in metaphorical,higher in literal,,,higher in literal,,,higher in literal,higher in literal,higher in literal,higher in literal,higher in literal,higher in literal
cancel proposal / kill proposal,1.3439464949412268,higher in literal,higher in metaphorical,higher in metaphorical,higher in metaphorical,higher in literal,higher in literal,higher in metaphorical,higher in literal,higher in literal,higher in literal,higher in literal,higher in literal,,higher in literal,higher in literal,higher in literal,higher in literal,higher in metaphorical,higher in metaphorical,higher in metaphorical,higher in literal,higher in literal,higher in metaphorical,higher in metaphorical,higher in metaphorical,higher in metaphorical,higher in metaphorical,,higher in metaphorical,higher in metaphorical,higher in metaphorical,higher in metaphorical,higher in metaphorical,higher in metaphorical,higher in literal,higher in literal,higher in literal,
cancel project / kill project,0.938078404769823,higher in literal,higher in literal,higher in metaphorical,higher in metaphorical,higher in literal,higher in literal,,higher in metaphorical,higher in metaphorical,higher in metaphorical,higher in metaphorical,higher in metaphorical,higher in metaphorical,higher in metaphorical,higher in literal,higher in literal,higher in literal,higher in metaphorical,higher in metaphorical,,,,higher in metaphorical,higher in metaphorical,,,higher in metaphorical,,higher in metaphorical,higher in metaphorical,,,higher in metaphorical,higher in metaphorical,higher in literal,higher in literal,higher in literal,
cancel bill / kill bill,0.8246355317763572,higher in literal,higher in metaphorical,higher in metaphorical,,higher in literal,,higher in metaphorical,,,,,,higher in metaphorical,,higher in literal,higher in literal,,,,,,,higher in metaphorical,,higher in metaphorical,higher in metaphorical,higher in metaphorical,higher in metaphorical,higher in metaphorical,higher in metaphorical,higher in metaphorical,higher in metaphorical,higher in metaphorical,higher in metaphorical,higher in literal,higher in literal,higher in literal,higher in metaphorical
cancel process / kill process,1.093796538539894,,higher in literal,,,higher in metaphorical,,,higher in metaphorical,higher in metaphorical,higher in metaphorical,higher in metaphorical,higher in metaphorical,higher in literal,higher in metaphorical,higher in literal,higher in literal,higher in literal,,,,higher in literal,higher in literal,higher in metaphorical,higher in metaphorical,higher in literal,higher in literal,higher in literal,higher in literal,higher in literal,higher in literal,higher in literal,higher in literal,higher in literal,higher in literal,higher in literal,higher in literal,higher in literal,higher in literal
cancel agreement / kill agreement,1.89413334703198,higher in literal,,higher in metaphorical,higher in metaphorical,higher in literal,higher in literal,higher in literal,higher in metaphorical,higher in metaphorical,higher in metaphorical,higher in metaphorical,higher in metaphorical,higher in literal,higher in metaphorical,higher in literal,higher in literal,higher in literal,higher in metaphorical,higher in metaphorical,higher in metaphorical,higher in literal,higher in literal,higher in metaphorical,higher in metaphorical,higher in metaphorical,higher in metaphorical,higher in literal,higher in metaphorical,higher in metaphorical,higher in literal,higher in metaphorical,higher in metaphorical,higher in literal,higher in literal,higher in literal,higher in literal,higher in literal,higher in literal
cancel deal / kill deal,0.716493039381294,higher in literal,higher in literal,higher in metaphorical,higher in metaphorical,higher in literal,higher in literal,,,higher in metaphorical,,,,higher in metaphorical,,higher in literal,higher in literal,higher in literal,higher in metaphorical,higher in metaphorical,higher in metaphorical,higher in literal,higher in literal,higher in metaphorical,higher in metaphorical,higher in literal,higher in literal,higher in metaphorical,higher in literal,,higher in metaphorical,,,higher in metaphorical,,higher in literal,higher in literal,higher in literal,
disclose report / leak report,0.9100729789812444,,,higher in metaphorical,higher in metaphorical,higher in literal,higher in literal,,higher in literal,higher in literal,higher in literal,higher in literal,higher in literal,higher in metaphorical,higher in literal,,,,,higher in metaphorical,,,,,,higher in literal,higher in literal,,higher in literal,higher in literal,higher in metaphorical,higher in literal,higher in literal,higher in metaphorical,higher in metaphorical,,,,
disclose information / leak information,1.1146240005809687,higher in metaphorical,,higher in literal,higher in literal,,,higher in literal,higher in metaphorical,higher in metaphorical,higher in metaphorical,higher in metaphorical,higher in metaphorical,higher in metaphorical,higher in metaphorical,higher in metaphorical,higher in metaphorical,,,higher in literal,,higher in metaphorical,higher in metaphorical,higher in literal,higher in literal,higher in metaphorical,higher in metaphorical,higher in metaphorical,higher in metaphorical,higher in metaphorical,higher in metaphorical,higher in metaphorical,higher in metaphorical,higher in metaphorical,higher in metaphorical,higher in metaphorical,higher in metaphorical,higher in metaphorical,
disclose document / leak document,1.764007358313765,higher in metaphorical,higher in metaphorical,higher in literal,higher in literal,higher in metaphorical,higher in metaphorical,higher in metaphorical,higher in metaphorical,,,higher in metaphorical,higher in metaphorical,higher in metaphorical,higher in metaphorical,higher in metaphorical,higher in metaphorical,higher in metaphorical,higher in literal,higher in literal,higher in literal,higher in metaphorical,higher in metaphorical,higher in literal,higher in literal,higher in metaphorical,higher in metaphorical,higher in metaphorical,higher in metaphorical,higher in metaphorical,higher in metaphorical,higher in metaphorical,higher in metaphorical,higher in metaphorical,higher in metaphorical,higher in metaphorical,higher in metaphorical,higher in metaphorical,higher in metaphorical
disclose story / leak story,0.6594290892706859,higher in literal,higher in literal,higher in metaphorical,higher in metaphorical,,higher in literal,higher in metaphorical,,,,,,higher in metaphorical,,higher in literal,higher in literal,,higher in metaphorical,higher in metaphorical,,higher in literal,,higher in metaphorical,higher in metaphorical,higher in literal,higher in literal,higher in metaphorical,higher in literal,,higher in metaphorical,higher in literal,higher in literal,higher in metaphorical,higher in metaphorical,higher in literal,higher in literal,higher in literal,higher in metaphorical
organise production / mount production,0.7925097065576096,higher in metaphorical,,higher in literal,higher in literal,,higher in metaphorical,,higher in literal,higher in literal,higher in literal,higher in literal,higher in literal,higher in metaphorical,higher in literal,higher in metaphorical,higher in metaphorical,higher in metaphorical,higher in literal,higher in literal,higher in literal,higher in metaphorical,higher in metaphorical,higher in literal,higher in literal,higher in literal,higher in literal,higher in metaphorical,,,higher in metaphorical,higher in literal,higher in literal,higher in metaphorical,higher in metaphorical,,,,higher in metaphorical
organise campaign / mount campaign,0.6328274282280175,,higher in metaphorical,higher in metaphorical,,higher in literal,,higher in literal,,higher in literal,,higher in metaphorical,,,higher in metaphorical,,,higher in literal,higher in metaphorical,,higher in metaphorical,,,higher in metaphorical,higher in metaphorical,higher in metaphorical,higher in metaphorical,higher in metaphorical,higher in metaphorical,higher in metaphorical,,higher in metaphorical,higher in metaphorical,higher in metaphorical,higher in literal,,,,
organise conference / mount conference,1.1761347891733291,higher in literal,higher in metaphorical,higher in metaphorical,higher in metaphorical,higher in literal,higher in literal,higher in literal,higher in literal,higher in literal,higher in literal,,,higher in metaphorical,,higher in literal,higher in literal,higher in literal,higher in metaphorical,higher in metaphorical,higher in metaphorical,higher in literal,higher in literal,higher in metaphorical,higher in metaphorical,higher in metaphorical,higher in metaphorical,higher in metaphorical,higher in metaphorical,higher in metaphorical,higher in metaphorical,higher in metaphorical,higher in metaphorical,higher in metaphorical,,higher in literal,higher in literal,higher in literal,higher in metaphorical
organise exhibition / mount exhibition,1.3400148285194287,higher in metaphorical,higher in metaphorical,higher in literal,higher in literal,higher in literal,higher in metaphorical,higher in literal,higher in literal,higher in literal,higher in literal,higher in literal,higher in literal,higher in metaphorical,higher in literal,higher in metaphorical,higher in metaphorical,higher in metaphorical,higher in literal,higher in literal,,higher in metaphorical,higher in metaphorical,higher in literal,higher in literal,higher in metaphorical,higher in metaphorical,higher in metaphorical,higher in metaphorical,higher in metaphorical,higher in metaphorical,higher in metaphorical,higher in metaphorical,higher in metaphorical,higher in metaphorical,higher in metaphorical,higher in metaphorical,higher in metaphorical,higher in metaphorical
organise demonstration / mount demonstration,1.5420159444069643,higher in metaphorical,higher in metaphorical,,higher in literal,higher in literal,,higher in literal,,,,,,higher in metaphorical,,higher in metaphorical,higher in metaphorical,higher in metaphorical,higher in literal,higher in literal,,higher in metaphorical,higher in metaphorical,higher in literal,higher in literal,higher in metaphorical,higher in metaphorical,higher in metaphorical,higher in metaphorical,higher in metaphorical,higher in metaphorical,higher in metaphorical,higher in metaphorical,higher in metaphorical,higher in metaphorical,higher in metaphorical,higher in metaphorical,higher in metaphorical,
organise protest / mount protest,1.5336294855183334,higher in literal,higher in metaphorical,higher in metaphorical,higher in metaphorical,higher in literal,higher in literal,,,,,,,higher in literal,higher in metaphorical,higher in literal,higher in literal,higher in literal,higher in metaphorical,higher in metaphorical,higher in metaphorical,higher in literal,higher in literal,higher in metaphorical,higher in metaphorical,,higher in metaphorical,,,higher in metaphorical,,,,higher in metaphorical,higher in literal,higher in literal,higher in literal,higher in literal,
organize production / mount production,1.3404963438021185,higher in literal,higher in metaphorical,higher in metaphorical,higher in metaphorical,higher in literal,higher in literal,higher in literal,,,,,,higher in literal,higher in metaphorical,higher in literal,higher in literal,higher in literal,higher in metaphorical,higher in metaphorical,higher in metaphorical,higher in literal,higher in literal,higher in metaphorical,higher in metaphorical,higher in metaphorical,higher in metaphorical,higher in literal,higher in metaphorical,higher in metaphorical,higher in literal,higher in metaphorical,higher in metaphorical,,higher in literal,,,higher in literal,
organize event / mount event,1.2722883256859412,higher in metaphorical,higher in metaphorical,higher in literal,higher in literal,higher in metaphorical,higher in metaphorical,higher in metaphorical,higher in literal,higher in literal,higher in literal,higher in literal,higher in literal,,higher in literal,higher in metaphorical,higher in metaphorical,higher in metaphorical,higher in literal,higher in literal,higher in literal,higher in metaphorical,higher in metaphorical,higher in literal,higher in literal,higher in literal,higher in literal,higher in literal,higher in literal,higher in literal,higher in literal,higher in literal,higher in literal,higher in literal,higher in metaphorical,higher in metaphorical,higher in metaphorical,higher in metaphorical,
organize conference / mount conference,1.347594388651744,higher in literal,higher in metaphorical,higher in metaphorical,higher in metaphorical,higher in literal,higher in literal,higher in metaphorical,,higher in literal,higher in literal,,higher in literal,higher in metaphorical,higher in literal,higher in literal,higher in literal,higher in literal,higher in metaphorical,higher in metaphorical,higher in metaphorical,higher in literal,higher in literal,higher in metaphorical,higher in metaphorical,higher in metaphorical,higher in metaphorical,higher in metaphorical,,higher in metaphorical,higher in metaphorical,higher in metaphorical,higher in metaphorical,higher in metaphorical,higher in metaphorical,higher in literal,higher in literal,higher in literal,
organize exhibition / mount exhibition,0.8994084241835295,higher in literal,,higher in metaphorical,higher in metaphorical,higher in literal,higher in literal,higher in metaphorical,,higher in literal,higher in literal,,higher in literal,higher in metaphorical,higher in literal,higher in literal,higher in literal,higher in literal,higher in metaphorical,higher in metaphorical,higher in metaphorical,higher in literal,higher in literal,higher in metaphorical,higher in metaphorical,higher in metaphorical,,higher in metaphorical,,higher in metaphorical,,higher in metaphorical,higher in metaphorical,higher in metaphorical,higher in metaphorical,higher in literal,higher in literal,higher in literal,
organize demonstration / mount demonstration,1.6254724424800766,higher in literal,,higher in metaphorical,higher in metaphorical,higher in literal,higher in literal,,higher in metaphorical,higher in metaphorical,higher in metaphorical,higher in metaphorical,higher in metaphorical,higher in metaphorical,higher in metaphorical,higher in literal,higher in literal,higher in literal,higher in metaphorical,higher in metaphorical,higher in metaphorical,,,higher in metaphorical,higher in metaphorical,higher in metaphorical,higher in metaphorical,higher in metaphorical,higher in metaphorical,higher in metaphorical,higher in metaphorical,higher in metaphorical,higher in metaphorical,higher in metaphorical,higher in metaphorical,higher in literal,higher in literal,higher in literal,
organize protest / mount protest,1.1233573095924665,,,higher in metaphorical,higher in metaphorical,higher in literal,higher in literal,higher in literal,higher in metaphorical,higher in metaphorical,higher in metaphorical,higher in metaphorical,higher in metaphorical,higher in metaphorical,higher in metaphorical,higher in literal,higher in literal,,higher in metaphorical,higher in metaphorical,,,,higher in metaphorical,higher in metaphorical,higher in metaphorical,higher in metaphorical,higher in metaphorical,higher in metaphorical,higher in metaphorical,higher in metaphorical,higher in metaphorical,higher in metaphorical,higher in metaphorical,higher in metaphorical,,,,
corrupt mind / poison mind,0.6289041329583347,,higher in literal,higher in metaphorical,higher in metaphorical,higher in literal,higher in literal,,higher in metaphorical,higher in metaphorical,higher in metaphorical,higher in metaphorical,higher in metaphorical,higher in metaphorical,higher in metaphorical,,,,,higher in metaphorical,,,,,,,,,,,higher in metaphorical,,,,,,higher in literal,,
corrupt system / poison system,0.9878977610289299,higher in literal,higher in literal,higher in metaphorical,higher in metaphorical,higher in literal,higher in literal,,higher in metaphorical,higher in metaphorical,higher in metaphorical,higher in metaphorical,higher in metaphorical,,higher in metaphorical,higher in literal,higher in literal,higher in literal,higher in metaphorical,higher in metaphorical,higher in metaphorical,higher in literal,higher in literal,higher in metaphorical,higher in metaphorical,higher in metaphorical,higher in metaphorical,,higher in metaphorical,higher in metaphorical,,higher in metaphorical,higher in metaphorical,,,higher in literal,higher in literal,higher in literal,
corrupt process / poison process,0.9656167410883576,higher in literal,,higher in metaphorical,higher in metaphorical,higher in literal,higher in literal,,,,,,higher in literal,higher in literal,,higher in literal,higher in literal,higher in literal,higher in metaphorical,higher in metaphorical,higher in metaphorical,higher in literal,higher in literal,higher in metaphorical,higher in metaphorical,higher in metaphorical,higher in metaphorical,higher in metaphorical,,higher in metaphorical,higher in literal,higher in metaphorical,higher in metaphorical,higher in metaphorical,higher in literal,,,,
corrupt soul / poison soul,1.632224151776128,higher in literal,higher in literal,higher in metaphorical,higher in metaphorical,higher in literal,higher in literal,higher in metaphorical,higher in metaphorical,higher in metaphorical,higher in metaphorical,higher in metaphorical,higher in metaphorical,higher in literal,higher in metaphorical,higher in literal,higher in literal,higher in literal,higher in metaphorical,higher in metaphorical,higher in metaphorical,higher in literal,higher in literal,higher in metaphorical,higher in metaphorical,,,,,,higher in literal,,,,higher in literal,higher in literal,higher in literal,higher in literal,
corrupt relationship / poison relationship,1.058293509425999,higher in literal,higher in literal,higher in metaphorical,higher in metaphorical,,higher in literal,higher in literal,higher in metaphorical,higher in metaphorical,higher in metaphorical,higher in metaphorical,higher in metaphorical,higher in literal,higher in metaphorical,higher in literal,higher in literal,higher in literal,higher in metaphorical,higher in metaphorical,higher in metaphorical,higher in literal,higher in literal,higher in metaphorical,higher in metaphorical,,,,,,higher in literal,,,,higher in literal,higher in literal,higher in literal,higher in literal,
invest money / pour money,0.9032855146677322,,higher in literal,,,,,higher in literal,higher in metaphorical,higher in metaphorical,higher in metaphorical,higher in metaphorical,higher in metaphorical,,higher in metaphorical,,,,,,,,,,,higher in metaphorical,higher in metaphorical,,higher in metaphorical,higher in metaphorical,,higher in metaphorical,higher in metaphorical,,,,,,
invest fortune / pour fortune,1.860063961140326,higher in literal,higher in literal,higher in metaphorical,higher in metaphorical,higher in literal,higher in literal,higher in literal,higher in metaphorical,higher in metaphorical,higher in metaphorical,higher in metaphorical,higher in metaphorical,,higher in metaphorical,higher in literal,higher in literal,higher in literal,higher in metaphorical,higher in metaphorical,higher in metaphorical,higher in literal,higher in literal,higher in metaphorical,higher in metaphorical,higher in metaphorical,higher in metaphorical,,higher in metaphorical,higher in metaphorical,,higher in metaphorical,higher in metaphorical,higher in metaphorical,higher in literal,higher in literal,higher in literal,higher in literal,
sell drug / push drug,1.1501011318813816,,higher in literal,higher in metaphorical,higher in metaphorical,,higher in literal,higher in literal,higher in metaphorical,higher in metaphorical,higher in metaphorical,higher in metaphorical,higher in metaphorical,higher in literal,higher in metaphorical,higher in literal,higher in literal,higher in literal,higher in metaphorical,higher in metaphorical,,higher in literal,higher in literal,higher in metaphorical,higher in metaphorical,higher in metaphorical,higher in metaphorical,,higher in metaphorical,higher in metaphorical,higher in literal,higher in metaphorical,higher in metaphorical,higher in literal,,higher in literal,higher in literal,,
recall feeling / recapture feeling,1.2660267403116154,higher in literal,higher in literal,higher in metaphorical,higher in metaphorical,higher in literal,higher in literal,higher in literal,higher in metaphorical,higher in metaphorical,higher in metaphorical,higher in metaphorical,,higher in literal,higher in metaphorical,higher in literal,higher in literal,higher in literal,higher in metaphorical,higher in metaphorical,higher in metaphorical,higher in literal,higher in literal,higher in metaphorical,higher in metaphorical,higher in literal,higher in literal,higher in literal,higher in literal,higher in literal,higher in literal,higher in literal,higher in literal,higher in literal,higher in literal,higher in literal,higher in literal,higher in literal,
recall memory / recapture memory,1.1037545858974225,higher in literal,higher in metaphorical,higher in metaphorical,higher in metaphorical,higher in literal,higher in literal,,,,,,,higher in literal,higher in metaphorical,higher in literal,higher in literal,higher in literal,higher in metaphorical,higher in metaphorical,higher in metaphorical,higher in literal,higher in literal,higher in metaphorical,higher in metaphorical,higher in metaphorical,higher in metaphorical,higher in literal,higher in metaphorical,higher in metaphorical,higher in literal,higher in metaphorical,higher in metaphorical,higher in literal,higher in literal,,,,higher in literal
recall moment / recapture moment,0.851374820542511,higher in literal,higher in literal,higher in metaphorical,higher in metaphorical,higher in literal,higher in literal,higher in literal,,higher in metaphorical,,,,higher in literal,,higher in literal,higher in literal,higher in literal,higher in metaphorical,higher in metaphorical,higher in metaphorical,higher in literal,higher in literal,higher in metaphorical,higher in metaphorical,,,,higher in literal,higher in literal,,,,,higher in literal,,,,
recall experience / recapture experience,0.9011549946827776,higher in literal,higher in literal,higher in metaphorical,higher in metaphorical,,higher in literal,higher in literal,higher in metaphorical,higher in metaphorical,higher in metaphorical,higher in metaphorical,higher in metaphorical,higher in literal,higher in metaphorical,higher in literal,higher in literal,higher in literal,higher in metaphorical,higher in metaphorical,higher in metaphorical,higher in literal,higher in literal,higher in metaphorical,higher in metaphorical,,,,higher in metaphorical,,,higher in literal,higher in literal,,higher in literal,,,,
damage confidence / shake confidence,0.5540557731335841,higher in metaphorical,higher in metaphorical,higher in literal,higher in literal,,higher in metaphorical,,,,,,,,,higher in metaphorical,higher in metaphorical,higher in metaphorical,higher in literal,higher in literal,higher in literal,higher in metaphorical,higher in metaphorical,higher in literal,higher in literal,,,,,higher in metaphorical,,,,,,higher in metaphorical,higher in metaphorical,higher in metaphorical,
damage foundation / shake foundation,1.4379896293050691,higher in metaphorical,,higher in literal,higher in literal,,higher in metaphorical,higher in literal,higher in literal,higher in literal,higher in literal,higher in literal,higher in literal,higher in metaphorical,higher in literal,higher in metaphorical,higher in metaphorical,higher in metaphorical,higher in literal,higher in literal,higher in literal,higher in metaphorical,higher in metaphorical,higher in literal,higher in literal,higher in literal,higher in literal,,higher in literal,higher in literal,higher in metaphorical,higher in literal,higher in literal,,higher in metaphorical,higher in metaphorical,higher in metaphorical,higher in metaphorical,
determine result / shape result,1.3268843159218717,higher in literal,,higher in metaphorical,higher in metaphorical,higher in literal,higher in literal,higher in metaphorical,higher in literal,higher in literal,higher in literal,higher in literal,higher in literal,higher in metaphorical,higher in literal,higher in literal,higher in literal,higher in literal,higher in metaphorical,higher in metaphorical,higher in metaphorical,higher in literal,higher in literal,higher in metaphorical,higher in metaphorical,higher in literal,,higher in metaphorical,higher in literal,,higher in metaphorical,,,higher in metaphorical,higher in metaphorical,higher in literal,higher in literal,higher in literal,
determine life / shape life,1.2848785196018724,higher in metaphorical,higher in metaphorical,higher in literal,higher in literal,higher in metaphorical,higher in metaphorical,higher in literal,higher in literal,higher in literal,higher in literal,higher in literal,higher in literal,,higher in literal,higher in metaphorical,higher in metaphorical,higher in metaphorical,higher in literal,higher in literal,higher in literal,higher in metaphorical,higher in metaphorical,higher in literal,higher in literal,higher in literal,higher in literal,higher in literal,higher in literal,,,,,higher in literal,,higher in metaphorical,higher in metaphorical,higher in metaphorical,
determine outcome / shape outcome,1.2205384890630486,higher in literal,higher in metaphorical,higher in metaphorical,higher in metaphorical,higher in literal,higher in literal,higher in metaphorical,higher in literal,higher in literal,higher in literal,higher in literal,higher in literal,,higher in literal,higher in literal,higher in literal,,higher in metaphorical,higher in metaphorical,,,higher in literal,higher in metaphorical,higher in metaphorical,higher in literal,higher in literal,higher in metaphorical,higher in literal,higher in literal,,higher in literal,higher in literal,higher in metaphorical,,higher in literal,higher in literal,higher in literal,
determine success / shape success,0.6971020404272422,higher in literal,higher in metaphorical,,,,,higher in metaphorical,higher in literal,higher in literal,higher in literal,higher in literal,higher in literal,,higher in literal,,,,higher in metaphorical,,,higher in literal,higher in literal,,,higher in metaphorical,,,,higher in metaphorical,,,higher in metaphorical,,,,,,
determine strategy / shape strategy,0.679449165054432,higher in literal,higher in metaphorical,,,higher in metaphorical,higher in metaphorical,higher in metaphorical,higher in literal,higher in literal,higher in literal,higher in literal,higher in literal,,higher in literal,higher in literal,higher in literal,,,,,higher in literal,higher in literal,,,,,higher in metaphorical,,higher in metaphorical,,,,higher in metaphorical,,,,,higher in metaphorical
ruin career / shipwreck career,4.162207897260034,higher in literal,higher in metaphorical,higher in metaphorical,higher in metaphorical,higher in literal,,higher in literal,higher in metaphorical,higher in metaphorical,higher in literal,higher in metaphorical,higher in literal,higher in literal,higher in metaphorical,higher in literal,higher in literal,higher in literal,higher in metaphorical,higher in metaphorical,higher in metaphorical,higher in literal,higher in literal,higher in metaphorical,higher in metaphorical,higher in metaphorical,higher in metaphorical,higher in literal,higher in metaphorical,,higher in literal,higher in literal,higher in literal,higher in literal,higher in literal,higher in literal,higher in literal,higher in literal,higher in literal
cause doubt / sow doubt,0.5251554653853953,higher in literal,higher in metaphorical,higher in metaphorical,,,,higher in metaphorical,higher in literal,higher in literal,higher in literal,,higher in literal,,higher in literal,higher in literal,higher in literal,,higher in metaphorical,higher in metaphorical,,higher in literal,higher in literal,higher in metaphorical,higher in metaphorical,,,,higher in literal,,,,,,,,,,
cause death / sow death,0.9575366362245156,higher in literal,higher in literal,higher in metaphorical,higher in metaphorical,higher in literal,higher in literal,higher in metaphorical,higher in literal,,higher in literal,higher in literal,higher in literal,,higher in literal,higher in literal,higher in literal,higher in literal,higher in metaphorical,higher in metaphorical,higher in metaphorical,higher in literal,higher in literal,higher in metaphorical,higher in metaphorical,higher in literal,higher in literal,,higher in literal,higher in literal,,higher in literal,higher in literal,,higher in literal,,,,
cause confusion / sow confusion,0.973444259356785,higher in metaphorical,higher in metaphorical,,,higher in literal,,higher in literal,higher in metaphorical,higher in metaphorical,higher in metaphorical,higher in metaphorical,higher in metaphorical,higher in metaphorical,higher in metaphorical,higher in metaphorical,higher in metaphorical,higher in metaphorical,,,,higher in metaphorical,higher in metaphorical,,,higher in metaphorical,higher in metaphorical,,higher in metaphorical,higher in metaphorical,higher in metaphorical,higher in metaphorical,higher in metaphorical,higher in metaphorical,higher in metaphorical,,,,higher in metaphorical
cause chaos / sow chaos,1.45328961079783,higher in literal,higher in metaphorical,higher in metaphorical,higher in metaphorical,higher in literal,higher in literal,higher in literal,higher in metaphorical,higher in metaphorical,higher in metaphorical,higher in metaphorical,higher in metaphorical,,higher in metaphorical,higher in literal,higher in literal,higher in literal,higher in metaphorical,higher in metaphorical,higher in metaphorical,higher in literal,higher in literal,higher in metaphorical,higher in metaphorical,higher in metaphorical,higher in metaphorical,higher in metaphorical,higher in metaphorical,higher in metaphorical,higher in metaphorical,higher in metaphorical,higher in metaphorical,higher in metaphorical,higher in literal,higher in literal,higher in literal,higher in literal,
cause conflict / sow conflict,1.327286760645643,higher in literal,higher in metaphorical,higher in metaphorical,higher in metaphorical,higher in metaphorical,,higher in metaphorical,higher in literal,higher in literal,higher in literal,,higher in literal,higher in literal,,higher in literal,higher in literal,higher in literal,higher in metaphorical,higher in metaphorical,higher in metaphorical,higher in literal,higher in literal,higher in metaphorical,higher in metaphorical,higher in metaphorical,higher in metaphorical,,higher in literal,higher in metaphorical,higher in literal,,higher in metaphorical,,higher in literal,higher in literal,higher in literal,higher in literal,higher in literal
cause panic / sow panic,2.3299497285509627,higher in literal,higher in metaphorical,higher in metaphorical,higher in metaphorical,higher in literal,higher in literal,higher in metaphorical,higher in metaphorical,higher in metaphorical,higher in metaphorical,higher in metaphorical,higher in metaphorical,higher in literal,higher in metaphorical,higher in literal,higher in literal,higher in literal,higher in metaphorical,higher in metaphorical,higher in metaphorical,higher in literal,higher in literal,higher in metaphorical,higher in metaphorical,higher in metaphorical,higher in metaphorical,higher in metaphorical,higher in metaphorical,higher in metaphorical,higher in literal,higher in metaphorical,higher in metaphorical,higher in metaphorical,higher in literal,higher in literal,higher in literal,higher in literal,
cause fear / sow fear,1.144540349517107,higher in literal,,higher in metaphorical,higher in metaphorical,higher in literal,higher in literal,higher in metaphorical,,,,,,higher in metaphorical,,higher in literal,higher in literal,higher in literal,higher in metaphorical,higher in metaphorical,higher in metaphorical,higher in literal,higher in literal,higher in metaphorical,higher in metaphorical,higher in metaphorical,higher in metaphorical,higher in metaphorical,higher in metaphorical,higher in metaphorical,higher in metaphorical,higher in metaphorical,higher in metaphorical,higher in metaphorical,higher in metaphorical,higher in literal,higher in literal,higher in literal,
cause violence / sow violence,1.3999609374163755,higher in literal,higher in literal,higher in metaphorical,higher in metaphorical,higher in metaphorical,higher in literal,,higher in metaphorical,higher in metaphorical,higher in metaphorical,higher in metaphorical,higher in metaphorical,higher in literal,higher in metaphorical,higher in literal,higher in literal,higher in literal,higher in metaphorical,higher in metaphorical,higher in metaphorical,higher in literal,higher in literal,higher in metaphorical,higher in metaphorical,,,,higher in literal,,higher in literal,,,higher in metaphorical,higher in literal,higher in literal,higher in literal,higher in literal,higher in literal
cause uncertainty / sow uncertainty,2.2540010096805823,higher in literal,higher in metaphorical,higher in metaphorical,higher in metaphorical,higher in literal,higher in literal,higher in literal,higher in metaphorical,higher in metaphorical,,higher in metaphorical,higher in metaphorical,higher in literal,higher in metaphorical,higher in literal,higher in literal,higher in literal,higher in metaphorical,higher in metaphorical,higher in metaphorical,higher in literal,higher in literal,higher in metaphorical,higher in metaphorical,higher in metaphorical,higher in metaphorical,higher in metaphorical,higher in metaphorical,higher in metaphorical,higher in literal,higher in metaphorical,higher in metaphorical,higher in metaphorical,higher in literal,higher in literal,higher in literal,higher in literal,
cause terror / sow terror,1.1640648161148643,higher in literal,,higher in metaphorical,higher in metaphorical,higher in literal,higher in literal,higher in metaphorical,higher in literal,higher in literal,higher in literal,higher in literal,higher in literal,,higher in literal,higher in literal,higher in literal,higher in literal,higher in metaphorical,higher in metaphorical,higher in metaphorical,higher in literal,higher in literal,higher in metaphorical,higher in metaphorical,,,higher in metaphorical,higher in literal,,,,,higher in metaphorical,,higher in literal,higher in literal,higher in literal,
cause hatred / sow hatred,1.4491021860281375,higher in literal,,higher in metaphorical,higher in metaphorical,higher in metaphorical,higher in literal,higher in metaphorical,higher in literal,higher in literal,higher in literal,higher in literal,higher in literal,higher in literal,higher in literal,higher in literal,higher in literal,higher in literal,higher in metaphorical,higher in metaphorical,higher in metaphorical,higher in literal,higher in literal,higher in metaphorical,higher in metaphorical,higher in literal,higher in literal,higher in metaphorical,higher in literal,higher in literal,higher in literal,higher in literal,higher in literal,higher in metaphorical,higher in literal,higher in literal,higher in literal,higher in literal,
cause excitement / stir excitement,1.317089818199615,higher in literal,,higher in metaphorical,higher in metaphorical,higher in literal,higher in literal,,higher in metaphorical,higher in metaphorical,,higher in metaphorical,higher in metaphorical,higher in metaphorical,higher in metaphorical,higher in literal,higher in literal,higher in literal,higher in metaphorical,higher in metaphorical,higher in metaphorical,higher in literal,higher in literal,higher in metaphorical,higher in metaphorical,higher in metaphorical,higher in metaphorical,higher in metaphorical,higher in metaphorical,higher in metaphorical,higher in metaphorical,higher in metaphorical,higher in metaphorical,higher in metaphorical,higher in metaphorical,higher in literal,higher in literal,higher in literal,
cause confusion / stir confusion,1.523369150847494,higher in literal,,higher in metaphorical,higher in metaphorical,higher in literal,higher in literal,,,,,,,higher in literal,,higher in literal,higher in literal,higher in literal,higher in metaphorical,higher in metaphorical,higher in metaphorical,higher in literal,higher in literal,higher in metaphorical,higher in metaphorical,,,,,,higher in literal,higher in literal,higher in literal,,higher in literal,higher in literal,higher in literal,higher in literal,
cause reaction / stir reaction,1.2939869467224288,higher in literal,,higher in metaphorical,higher in metaphorical,higher in literal,higher in literal,,,,,,,higher in metaphorical,,higher in literal,higher in literal,higher in literal,higher in metaphorical,higher in metaphorical,higher in metaphorical,higher in literal,higher in literal,higher in metaphorical,higher in metaphorical,higher in metaphorical,higher in metaphorical,higher in metaphorical,,higher in metaphorical,higher in metaphorical,higher in metaphorical,higher in metaphorical,higher in metaphorical,higher in literal,higher in literal,higher in literal,higher in literal,
cause feeling / stir feeling,0.6609161099976951,higher in literal,higher in literal,higher in metaphorical,higher in metaphorical,,higher in literal,higher in metaphorical,higher in metaphorical,higher in metaphorical,higher in metaphorical,higher in metaphorical,higher in metaphorical,higher in literal,higher in metaphorical,higher in literal,higher in literal,,higher in metaphorical,higher in metaphorical,,higher in literal,higher in literal,higher in metaphorical,higher in metaphorical,,,,,higher in literal,,higher in literal,higher in literal,,,higher in literal,higher in literal,higher in literal,
attract worker / suck worker,1.4473439681000304,higher in literal,,higher in metaphorical,higher in metaphorical,higher in literal,higher in literal,,,higher in literal,,higher in literal,higher in literal,higher in literal,higher in literal,higher in literal,higher in literal,higher in literal,higher in metaphorical,higher in metaphorical,higher in metaphorical,higher in literal,higher in literal,higher in metaphorical,higher in metaphorical,,higher in literal,higher in literal,,higher in literal,higher in literal,higher in literal,higher in literal,higher in literal,higher in literal,,,,
attract talent / suck talent,0.9332386724028229,higher in literal,higher in literal,higher in metaphorical,higher in metaphorical,higher in metaphorical,higher in literal,higher in literal,,higher in metaphorical,,higher in literal,,higher in literal,,higher in literal,,higher in literal,higher in metaphorical,higher in metaphorical,higher in metaphorical,higher in literal,higher in literal,higher in metaphorical,higher in metaphorical,higher in literal,higher in literal,higher in literal,higher in literal,higher in literal,higher in literal,higher in literal,higher in literal,higher in literal,higher in literal,,,,
address question / tackle question,1.320447487724578,higher in metaphorical,higher in metaphorical,higher in literal,higher in literal,,higher in metaphorical,higher in literal,,,,,,higher in metaphorical,,higher in metaphorical,higher in metaphorical,higher in metaphorical,higher in literal,higher in literal,higher in literal,higher in metaphorical,higher in metaphorical,higher in literal,higher in literal,higher in metaphorical,higher in metaphorical,higher in metaphorical,higher in metaphorical,higher in metaphorical,higher in metaphorical,higher in metaphorical,higher in metaphorical,higher in metaphorical,higher in metaphorical,higher in metaphorical,higher in metaphorical,higher in metaphorical,
address issue / tackle issue,0.6828040044021567,,higher in metaphorical,higher in literal,higher in literal,higher in metaphorical,higher in metaphorical,,higher in literal,higher in literal,higher in literal,,higher in literal,higher in literal,higher in literal,higher in metaphorical,higher in metaphorical,,higher in literal,higher in literal,,,,higher in literal,higher in literal,,,higher in metaphorical,higher in metaphorical,higher in metaphorical,higher in literal,higher in metaphorical,higher in metaphorical,higher in metaphorical,higher in literal,higher in metaphorical,higher in metaphorical,higher in metaphorical,
address problem / tackle problem,0.7406281882822376,higher in literal,,,,,,,higher in literal,higher in literal,higher in literal,higher in literal,higher in literal,higher in metaphorical,higher in literal,higher in literal,higher in literal,,,,,,,,,higher in literal,higher in literal,higher in metaphorical,higher in literal,higher in literal,higher in metaphorical,higher in literal,higher in literal,higher in metaphorical,higher in metaphorical,higher in literal,higher in literal,higher in literal,
address concern / tackle concern,0.8165117649849515,higher in literal,higher in metaphorical,higher in metaphorical,higher in metaphorical,higher in literal,higher in literal,higher in metaphorical,higher in literal,higher in literal,higher in literal,higher in literal,higher in literal,,higher in literal,higher in literal,higher in literal,,higher in metaphorical,higher in metaphorical,,higher in literal,higher in literal,higher in metaphorical,higher in metaphorical,higher in metaphorical,higher in metaphorical,higher in metaphorical,,higher in metaphorical,,higher in metaphorical,higher in metaphorical,higher in metaphorical,,higher in literal,higher in literal,higher in literal,
address challenge / tackle challenge,1.3966762539537694,higher in metaphorical,higher in metaphorical,higher in literal,higher in literal,higher in metaphorical,higher in metaphorical,higher in literal,higher in literal,higher in literal,higher in literal,higher in literal,higher in literal,higher in metaphorical,higher in literal,higher in metaphorical,higher in metaphorical,higher in metaphorical,higher in literal,higher in literal,higher in literal,higher in metaphorical,higher in metaphorical,higher in literal,higher in literal,higher in metaphorical,higher in metaphorical,higher in metaphorical,,higher in metaphorical,higher in metaphorical,higher in metaphorical,higher in metaphorical,higher in metaphorical,higher in metaphorical,higher in metaphorical,higher in metaphorical,higher in metaphorical,
address point / tackle point,1.3457649133152412,higher in literal,higher in literal,higher in metaphorical,higher in metaphorical,higher in literal,higher in literal,,higher in metaphorical,higher in metaphorical,higher in metaphorical,higher in metaphorical,higher in metaphorical,higher in metaphorical,higher in metaphorical,higher in literal,higher in literal,higher in literal,higher in metaphorical,higher in metaphorical,higher in metaphorical,higher in literal,higher in literal,higher in metaphorical,higher in metaphorical,higher in metaphorical,higher in metaphorical,higher in metaphorical,,higher in metaphorical,higher in metaphorical,higher in metaphorical,higher in metaphorical,higher in metaphorical,higher in metaphorical,higher in literal,higher in literal,higher in literal,
address crisis / tackle crisis,0.5526929684906121,,,,,higher in metaphorical,,,higher in literal,higher in literal,higher in literal,higher in literal,higher in literal,higher in literal,higher in literal,higher in literal,higher in literal,,,,,higher in literal,higher in literal,,,,,,higher in literal,,higher in literal,,,,higher in literal,higher in literal,higher in literal,higher in literal,
address matter / tackle matter,1.297084205710877,higher in literal,higher in literal,higher in metaphorical,higher in metaphorical,higher in literal,higher in literal,,higher in metaphorical,higher in metaphorical,higher in metaphorical,higher in metaphorical,higher in metaphorical,higher in metaphorical,higher in metaphorical,higher in literal,higher in literal,higher in literal,higher in metaphorical,higher in metaphorical,,,,higher in metaphorical,higher in metaphorical,higher in metaphorical,higher in metaphorical,,higher in metaphorical,higher in metaphorical,higher in metaphorical,higher in metaphorical,higher in metaphorical,,higher in metaphorical,higher in literal,higher in literal,higher in literal,
address task / tackle task,0.763192480748588,higher in metaphorical,higher in literal,higher in literal,,,,higher in literal,higher in metaphorical,higher in metaphorical,higher in metaphorical,higher in metaphorical,higher in metaphorical,,higher in metaphorical,higher in metaphorical,higher in metaphorical,,,,,higher in metaphorical,higher in metaphorical,,,higher in metaphorical,higher in metaphorical,higher in metaphorical,higher in metaphorical,higher in metaphorical,,higher in metaphorical,higher in metaphorical,,,,,,
experience freedom / taste freedom,0.8904772397809396,higher in literal,higher in literal,higher in metaphorical,higher in metaphorical,,higher in literal,,higher in metaphorical,higher in metaphorical,higher in metaphorical,higher in metaphorical,higher in metaphorical,,higher in metaphorical,higher in literal,higher in literal,higher in literal,higher in metaphorical,higher in metaphorical,higher in metaphorical,higher in literal,higher in literal,higher in metaphorical,higher in metaphorical,higher in metaphorical,higher in metaphorical,,higher in metaphorical,higher in metaphorical,,higher in metaphorical,higher in metaphorical,,,,,,higher in literal
experience pain / taste pain,2.005084216809631,higher in literal,,higher in metaphorical,higher in metaphorical,higher in literal,higher in literal,higher in literal,,higher in metaphorical,,higher in literal,higher in literal,higher in literal,higher in literal,higher in literal,higher in literal,higher in literal,higher in metaphorical,higher in metaphorical,higher in metaphorical,higher in literal,higher in literal,higher in metaphorical,higher in metaphorical,higher in literal,,,higher in literal,,higher in literal,higher in literal,higher in literal,,higher in literal,higher in literal,higher in literal,higher in literal,
experience life / taste life,1.1130243947277918,higher in literal,higher in literal,higher in metaphorical,higher in metaphorical,higher in literal,higher in literal,higher in metaphorical,,higher in metaphorical,,,,,,higher in literal,higher in literal,higher in literal,higher in metaphorical,higher in metaphorical,higher in metaphorical,higher in literal,higher in literal,higher in metaphorical,higher in metaphorical,,,,,,,,,,,higher in literal,higher in literal,higher in literal,
experience joy / taste joy,0.947050322145002,higher in literal,higher in literal,higher in metaphorical,higher in metaphorical,higher in literal,higher in literal,,higher in metaphorical,higher in metaphorical,,higher in metaphorical,higher in metaphorical,,higher in metaphorical,higher in literal,higher in literal,higher in literal,higher in metaphorical,higher in metaphorical,higher in metaphorical,higher in literal,higher in literal,higher in metaphorical,higher in metaphorical,,,,higher in literal,,,,,,,higher in literal,higher in literal,higher in literal,
make remark / throw remark,1.6690589785216885,higher in literal,higher in literal,higher in metaphorical,higher in metaphorical,,higher in literal,higher in metaphorical,higher in metaphorical,higher in metaphorical,higher in metaphorical,higher in metaphorical,higher in metaphorical,higher in literal,higher in metaphorical,higher in literal,higher in literal,higher in literal,higher in metaphorical,higher in metaphorical,higher in metaphorical,higher in literal,higher in literal,higher in metaphorical,higher in metaphorical,higher in metaphorical,higher in metaphorical,higher in metaphorical,higher in metaphorical,higher in metaphorical,higher in literal,higher in metaphorical,higher in metaphorical,,higher in literal,higher in literal,higher in literal,higher in literal,
make comment / throw comment,1.287663644868161,higher in literal,higher in literal,higher in metaphorical,higher in metaphorical,,higher in literal,higher in metaphorical,higher in metaphorical,higher in metaphorical,higher in metaphorical,higher in metaphorical,higher in metaphorical,higher in literal,higher in metaphorical,higher in literal,higher in literal,higher in literal,higher in metaphorical,higher in metaphorical,,higher in literal,higher in literal,higher in metaphorical,higher in metaphorical,higher in metaphorical,higher in metaphorical,,higher in metaphorical,higher in metaphorical,higher in literal,higher in metaphorical,higher in metaphorical,,higher in literal,higher in literal,higher in literal,higher in literal,
misinterpret word / twist word,0.5710586104931021,higher in metaphorical,,higher in literal,higher in literal,,higher in metaphorical,,,,,,,higher in literal,,higher in metaphorical,higher in metaphorical,higher in metaphorical,higher in literal,higher in literal,higher in literal,higher in metaphorical,higher in metaphorical,higher in literal,higher in literal,,,,,,higher in literal,,,,higher in literal,,,higher in metaphorical,
misinterpret fact / twist fact,1.0289606919629142,higher in metaphorical,,higher in literal,higher in literal,higher in metaphorical,higher in metaphorical,,higher in metaphorical,higher in metaphorical,higher in metaphorical,higher in metaphorical,higher in metaphorical,higher in metaphorical,higher in metaphorical,higher in metaphorical,higher in metaphorical,higher in metaphorical,higher in literal,higher in literal,higher in literal,higher in metaphorical,higher in metaphorical,higher in literal,higher in literal,higher in metaphorical,higher in metaphorical,,higher in metaphorical,higher in metaphorical,,higher in metaphorical,higher in metaphorical,,higher in metaphorical,,,,
misinterpret comment / twist comment,0.6254229544017956,higher in literal,,,,higher in metaphorical,,,higher in metaphorical,,higher in metaphorical,higher in metaphorical,higher in metaphorical,higher in literal,higher in metaphorical,,,higher in literal,higher in metaphorical,,higher in metaphorical,higher in literal,higher in literal,,higher in metaphorical,higher in metaphorical,higher in metaphorical,,higher in metaphorical,higher in metaphorical,higher in literal,higher in metaphorical,higher in metaphorical,higher in metaphorical,higher in literal,,,,
misinterpret situation / twist situation,0.783767782594665,,higher in literal,,higher in literal,higher in metaphorical,higher in metaphorical,higher in literal,,,higher in metaphorical,higher in metaphorical,higher in metaphorical,higher in literal,higher in metaphorical,,,higher in literal,,,higher in metaphorical,higher in literal,higher in literal,higher in metaphorical,,higher in literal,higher in literal,higher in literal,,,higher in literal,higher in literal,higher in literal,higher in literal,higher in metaphorical,,,,higher in literal
misinterpret information / twist information,0.6941504886302542,higher in literal,higher in literal,higher in metaphorical,higher in metaphorical,,higher in literal,higher in literal,,,,,higher in literal,higher in literal,,,,higher in literal,higher in metaphorical,higher in metaphorical,higher in metaphorical,higher in literal,higher in literal,higher in metaphorical,higher in metaphorical,,,higher in metaphorical,higher in literal,,higher in literal,,,higher in metaphorical,higher in literal,,,,
have smile / wear smile,1.3982254455177667,higher in literal,higher in metaphorical,higher in metaphorical,higher in metaphorical,higher in literal,higher in literal,higher in metaphorical,,,,,,higher in metaphorical,,higher in literal,higher in literal,,higher in metaphorical,higher in metaphorical,,higher in metaphorical,,higher in metaphorical,higher in metaphorical,higher in metaphorical,higher in metaphorical,higher in metaphorical,higher in metaphorical,higher in metaphorical,higher in metaphorical,higher in metaphorical,higher in metaphorical,higher in metaphorical,higher in metaphorical,higher in literal,higher in literal,higher in literal,higher in metaphorical
